frame,time,id,pose_cx,pose_cy,pelvis_x,pelvis_y,pelvis_z,pelvis_u,pelvis_v,left_hip_x,left_hip_y,left_hip_z,left_hip_u,left_hip_v,right_hip_x,right_hip_y,right_hip_z,right_hip_u,right_hip_v,spine3_x,spine3_y,spine3_z,spine3_u,spine3_v,neck_x,neck_y,neck_z,neck_u,neck_v,left_knee_x,left_knee_y,left_knee_z,left_knee_u,left_knee_v,right_knee_x,right_knee_y,right_knee_z,right_knee_u,right_knee_v,left_ankle_x,left_ankle_y,left_ankle_z,left_ankle_u,left_ankle_v,right_ankle_x,right_ankle_y,right_ankle_z,right_ankle_u,right_ankle_v,left_foot_x,left_foot_y,left_foot_z,left_foot_u,left_foot_v,right_foot_x,right_foot_y,right_foot_z,right_foot_u,right_foot_v,head_x,head_y,head_z,head_u,head_v,left_shoulder_x,left_shoulder_y,left_shoulder_z,left_shoulder_u,left_shoulder_v,right_shoulder_x,right_shoulder_y,right_shoulder_z,right_shoulder_u,right_shoulder_v,left_acromion_x,left_acromion_y,left_acromion_z,left_acromion_u,left_acromion_v,right_acromion_x,right_acromion_y,right_acromion_z,right_acromion_u,right_acromion_v,left_elbow_x,left_elbow_y,left_elbow_z,left_elbow_u,left_elbow_v,right_elbow_x,right_elbow_y,right_elbow_z,right_elbow_u,right_elbow_v,left_olecranon_x,left_olecranon_y,left_olecranon_z,left_olecranon_u,left_olecranon_v,right_olecranon_x,right_olecranon_y,right_olecranon_z,right_olecranon_u,right_olecranon_v,left_cubital_fossa_x,left_cubital_fossa_y,left_cubital_fossa_z,left_cubital_fossa_u,left_cubital_fossa_v,right_cubital_fossa_x,right_cubital_fossa_y,right_cubital_fossa_z,right_cubital_fossa_u,right_cubital_fossa_v,left_wrist_x,left_wrist_y,left_wrist_z,left_wrist_u,left_wrist_v,right_wrist_x,right_wrist_y,right_wrist_z,right_wrist_u,right_wrist_v,left_big_toe_tip_x,left_big_toe_tip_y,left_big_toe_tip_z,left_big_toe_tip_u,left_big_toe_tip_v,right_big_toe_tip_x,right_big_toe_tip_y,right_big_toe_tip_z,right_big_toe_tip_u,right_big_toe_tip_v,left_small_toe_tip_x,left_small_toe_tip_y,left_small_toe_tip_z,left_small_toe_tip_u,left_small_toe_tip_v,right_small_toe_tip_x,right_small_toe_tip_y,right_small_toe_tip_z,right_small_toe_tip_u,right_small_toe_tip_v,left_heel_x,left_heel_y,left_heel_z,left_heel_u,left_heel_v,right_heel_x,right_heel_y,right_heel_z,right_heel_u,right_heel_v,left_toe_x,left_toe_y,left_toe_z,left_toe_u,left_toe_v,right_toe_x,right_toe_y,right_toe_z,right_toe_u,right_toe_v
0,0,1,1402.59,579.167,1.01828,0.140105,3.39785,1417.54,602.953,0.94613,0.150748,3.35886,1390.06,608.522,1.09044,0.129462,3.43683,1444.41,597.511,0.971737,-0.246726,3.35428,1402.3,427.699,0.951789,-0.412511,3.33561,1395.65,351.188,0.834094,0.477552,3.56776,1316.93,744.359,1.13751,0.522513,3.51612,1453.92,766.883,0.809235,0.843312,3.67056,1296.6,890.772,1.2238,0.879826,3.41542,1507.06,933.299,0.666468,0.867456,3.77433,1229.59,890.895,1.19185,0.943183,3.57509,1468.98,942.79,0.839131,-0.561575,3.4247,1334.09,289.646,0.833191,-0.317585,3.21842,1355.25,389.344,1.11354,-0.386096,3.43484,1454.96,368.384,0.816086,-0.354054,3.22745,1346.05,372.514,1.1002,-0.424544,3.44337,1447.82,351.762,0.815924,-0.0497432,3.2407,1344.4,516.565,1.11539,-0.147837,3.56392,1437.82,476.668,0.82066,-0.0168756,3.23332,1347.51,532.031,1.13013,-0.116415,3.57348,1442.84,490.262,0.808941,-0.0768887,3.26666,1338.08,504.064,1.08783,-0.169679,3.55777,1426.82,467.185,0.702738,-0.032941,3.46661,1269.5,525.492,0.892006,-0.120642,3.6744,1330.64,489.872,0.671737,0.853052,3.81047,1229.15,881.795,1.15369,0.941999,3.58365,1451.51,941.322,0.661199,0.88186,3.73819,1230.05,900.17,1.23001,0.944367,3.56652,1486.54,944.264,0.829304,0.895379,3.66195,1305.76,913.305,1.24316,0.9235,3.38212,1521.19,956.886,0.666468,0.867456,3.77433,1229.59,890.895,1.19185,0.943183,3.57509,1468.98,942.79
0,0,2,825.505,430.637,-0.520822,-0.384948,5.79095,822.688,438.51,-0.449002,-0.387363,5.81693,842.151,438.33,-0.592641,-0.382534,5.76498,803.049,438.693,-0.459747,-0.735052,5.63119,835.351,340.71,-0.433572,-0.885096,5.56272,841.001,297.075,-0.423319,0.015519,5.90337,850.519,544.014,-0.655643,0.0201322,5.69913,784.358,545.393,-0.436191,0.372593,6.07015,850.29,633.714,-0.735003,0.399827,5.75858,765.131,646.005,-0.338682,0.465081,5.95531,873.173,659.232,-0.752455,0.492469,5.60462,755.024,674.153,-0.349847,-0.952611,5.38447,860.802,269.889,-0.286497,-0.865779,5.67164,882.877,306.94,-0.61744,-0.834067,5.5475,790.072,310.453,-0.279166,-0.888451,5.63476,884.359,299.272,-0.606447,-0.861497,5.51538,792.125,301.523,-0.160257,-0.774642,5.89431,918.49,339.351,-0.782635,-0.610743,5.61279,747.113,373.87,-0.149784,-0.765775,5.92101,921.378,342.542,-0.801954,-0.608668,5.64808,743.221,375.468,-0.184831,-0.765359,5.86588,911.893,340.795,-0.769695,-0.599492,5.58768,749.692,376.197,-0.286198,-0.565803,5.79086,884.544,390.827,-0.912799,-0.3831,5.5898,710.685,435.363,-0.35713,0.469199,5.92093,867.912,660.986,-0.718511,0.494311,5.58531,763.594,675.121,-0.320234,0.460963,5.98968,878.373,657.498,-0.786399,0.490627,5.62394,746.513,673.193,-0.450303,0.409127,6.11283,847.531,642.185,-0.745911,0.439693,5.79752,763.567,655.791,-0.338682,0.465081,5.95531,873.173,659.232,-0.752455,0.492469,5.60462,755.024,674.153
1,0.0333667,1,1392.86,577.156,1.00023,0.134606,3.40398,1408.62,600.374,0.928771,0.144812,3.36414,1381.51,605.72,1.07169,0.124401,3.44381,1435.11,595.151,0.950292,-0.249197,3.36274,1391.45,426.859,0.928891,-0.413684,3.34507,1383.96,351.187,0.815445,0.466427,3.57617,1308.13,739.129,1.12375,0.515511,3.51836,1447.64,763.7,0.810658,0.834607,3.66454,1297.74,887.722,1.21792,0.864241,3.40442,1506.19,927.579,0.669513,0.86326,3.76727,1231.33,889.852,1.19068,0.937648,3.5605,1470.57,942.066,0.820303,-0.560318,3.43424,1324.68,290.901,0.809663,-0.316744,3.22887,1342.84,390.229,1.0882,-0.386135,3.44766,1441.9,369.005,0.792016,-0.352848,3.23785,1333.46,373.62,1.07544,-0.423625,3.45737,1434.91,352.93,0.796794,-0.0498424,3.25759,1333.44,516.64,1.10565,-0.135453,3.55466,1434.89,481.822,0.801859,-0.0169359,3.24952,1336.74,532.043,1.12969,-0.105446,3.55556,1445.09,494.722,0.790612,-0.0765283,3.28382,1327.58,504.42,1.07512,-0.151038,3.5566,1421.52,475.163,0.696124,-0.0253994,3.48588,1264.89,528.875,0.939268,-0.0151348,3.69429,1348.17,533.745,0.674543,0.849537,3.80368,1230.75,880.995,1.1527,0.937862,3.56975,1453,941.116,0.664482,0.876983,3.73086,1231.92,898.881,1.22867,0.937435,3.55126,1488.23,943.021,0.832681,0.885858,3.65454,1307.87,910.084,1.23808,0.905244,3.36862,1521.13,950.282,0.669513,0.86326,3.76727,1231.33,889.852,1.19068,0.937648,3.5605,1470.57,942.066
1,0.0333667,2,832.128,429.543,-0.499353,-0.391635,5.81581,828.911,437.189,-0.42636,-0.392268,5.8381,848.5,437.416,-0.572346,-0.391003,5.79351,809.171,436.96,-0.432632,-0.740771,5.65439,843.184,339.983,-0.404037,-0.890401,5.58522,849.554,296.603,-0.404567,0.0112157,5.92467,855.745,542.89,-0.637944,0.0118453,5.72888,789.987,543.157,-0.415833,0.370694,6.0889,855.733,632.949,-0.706557,0.396646,5.77362,773.161,644.888,-0.320095,0.462148,5.97142,878.159,658.16,-0.74551,0.482665,5.61921,757.443,671.141,-0.317444,-0.951948,5.40548,870.339,271.127,-0.254378,-0.86496,5.69225,891.772,308.004,-0.592932,-0.843988,5.57409,797.595,308.83,-0.247513,-0.887982,5.65526,893.179,300.271,-0.581404,-0.871291,5.54192,799.828,299.966,-0.126552,-0.763012,5.91015,927.308,342.893,-0.761228,-0.625199,5.64576,754.145,370.931,-0.114755,-0.753805,5.93706,930.49,346.154,-0.77908,-0.622375,5.68198,750.66,372.767,-0.151677,-0.753983,5.88188,920.629,344.289,-0.749375,-0.61437,5.61918,756.392,373.073,-0.247024,-0.551954,5.80843,895.069,394.918,-0.89438,-0.401631,5.61716,716.906,430.836,-0.339125,0.466005,5.93729,872.795,659.831,-0.714523,0.483878,5.59534,765.034,672.032,-0.301065,0.458291,6.00555,883.462,656.508,-0.776498,0.481452,5.64308,749.916,670.258,-0.42929,0.407763,6.13152,853.106,641.533,-0.711919,0.438474,5.81165,772.975,655.19,-0.320095,0.462148,5.97142,878.159,658.16,-0.74551,0.482665,5.61921,757.443,671.141
2,0.0667333,1,1383.29,573.297,0.983498,0.125847,3.4159,1399.58,596.248,0.911662,0.136164,3.37737,1372.12,601.554,1.05533,0.11553,3.45442,1426.43,591.061,0.929346,-0.254003,3.37744,1380.11,425.179,0.906139,-0.416796,3.36096,1371.62,350.665,0.796504,0.451114,3.58947,1298.79,731.878,1.10893,0.504225,3.51348,1441.87,759.106,0.813309,0.823509,3.65179,1300.03,884.296,1.2084,0.842871,3.37898,1506,920.842,0.674045,0.857759,3.75299,1234.21,888.945,1.18721,0.927155,3.53015,1473.46,940.985,0.796098,-0.560856,3.45091,1312.21,291.866,0.791525,-0.321774,3.2438,1332.55,388.551,1.0623,-0.391283,3.46579,1427.97,367.631,0.772382,-0.357566,3.25268,1322.54,372.165,1.04882,-0.429085,3.47586,1420.69,351.526,0.775754,-0.0561165,3.27402,1321.75,513.832,1.06673,-0.146362,3.5853,1414.25,477.674,0.779982,-0.0234504,3.2652,1324.71,529.035,1.09227,-0.117893,3.58985,1424.54,489.861,0.770735,-0.0820199,3.30078,1316.5,502.062,1.03606,-0.159747,3.5836,1401.4,471.942,0.682139,-0.0251639,3.5053,1257.11,529.04,0.899335,-0.013148,3.71318,1329.78,534.594,0.679034,0.845518,3.78984,1233.55,880.621,1.1496,0.928899,3.5404,1455.75,940.577,0.669056,0.869999,3.71615,1234.88,897.433,1.22481,0.925411,3.51991,1491.26,941.395,0.836776,0.873711,3.63915,1311.06,906.553,1.22837,0.880951,3.34028,1521.45,942.659,0.674045,0.857759,3.75299,1234.21,888.945,1.18721,0.927155,3.53015,1473.46,940.985
2,0.0667333,2,838.612,428.268,-0.477312,-0.399293,5.83362,835.08,435.498,-0.402938,-0.397962,5.85148,854.866,436.165,-0.551686,-0.400624,5.81575,815.171,434.828,-0.405959,-0.746088,5.67062,850.7,339.124,-0.375379,-0.894714,5.60077,857.673,296.104,-0.387744,0.00495586,5.94056,860.348,541.274,-0.619734,0.00423533,5.77139,796.057,541.12,-0.397048,0.36654,6.0982,860.594,631.767,-0.678764,0.388845,5.82347,782.047,641.945,-0.302469,0.455786,5.97836,882.755,656.399,-0.730405,0.477151,5.67425,763.472,668.386,-0.289829,-0.951324,5.41902,878.344,271.974,-0.223259,-0.861452,5.7052,900.254,309.469,-0.568016,-0.854624,5.59402,804.974,306.751,-0.216648,-0.885131,5.66837,901.647,301.593,-0.555818,-0.881701,5.56186,807.426,297.97,-0.101663,-0.745515,5.91734,933.77,347.647,-0.735768,-0.640918,5.67101,761.916,367.452,-0.0896801,-0.734823,5.94378,936.964,351.249,-0.754592,-0.638816,5.70672,758.119,369.094,-0.125711,-0.737758,5.88795,927.403,348.698,-0.722851,-0.629525,5.64469,764.486,369.729,-0.206382,-0.539794,5.79824,905.657,397.865,-0.861264,-0.417952,5.63944,726.832,426.849,-0.321929,0.459359,5.94445,877.317,657.98,-0.701701,0.478441,5.64768,770.307,669.338,-0.283009,0.452212,6.01227,888.133,654.834,-0.759109,0.475861,5.70082,756.701,667.442,-0.409914,0.404242,6.14043,858.079,640.51,-0.679801,0.430299,5.86217,782.952,652.068,-0.302469,0.455786,5.97836,882.755,656.399,-0.730405,0.477151,5.67425,763.472,668.386
3,0.1001,1,1371.47,569.035,0.954671,0.113816,3.42698,1385.31,590.706,0.8719,0.123232,3.38532,1353.22,595.577,1.03744,0.1044,3.46865,1416.64,585.952,0.902548,-0.262346,3.3961,1365.75,422.059,0.88021,-0.423559,3.38286,1357.26,348.839,0.777992,0.439658,3.58867,1290.99,727.047,1.08841,0.48827,3.48716,1436.53,753.775,0.811258,0.812165,3.62685,1301.51,881.888,1.18948,0.816133,3.33513,1504.52,913.608,0.678107,0.846789,3.73111,1237.48,886.503,1.16505,0.909012,3.47952,1471.2,938.859,0.776916,-0.571285,3.46986,1301.85,288.632,0.769755,-0.333614,3.26144,1320.34,383.828,1.03157,-0.393274,3.49154,1411.08,368.032,0.748125,-0.367476,3.27089,1309.2,368.473,1.01956,-0.429653,3.5048,1404.14,352.836,0.760426,-0.064791,3.28971,1312.91,509.93,1.02755,-0.132437,3.58096,1398.1,483.535,0.764186,-0.0325098,3.28017,1315.69,524.868,1.05645,-0.106657,3.57508,1411.16,494.452,0.756648,-0.090286,3.31671,1308.3,498.439,0.998651,-0.141858,3.58655,1385.11,479.613,0.68309,-0.0317128,3.51399,1256.79,526.221,0.931326,0.0513887,3.69858,1344.45,561.213,0.684656,0.836154,3.76818,1237.4,878.785,1.1273,0.911555,3.48893,1453.31,938.895,0.671557,0.857424,3.69403,1237.56,894.376,1.20279,0.906469,3.4701,1489.2,938.823,0.83501,0.86234,3.61147,1313,904.556,1.20963,0.852345,3.29457,1520.56,934.99,0.678107,0.846789,3.73111,1237.48,886.503,1.16505,0.909012,3.47952,1471.2,938.859
3,0.1001,2,844.889,427.005,-0.455632,-0.403347,5.85675,841.225,434.854,-0.380028,-0.399691,5.87004,861.158,436.043,-0.531236,-0.407003,5.84347,821.201,433.66,-0.382713,-0.752819,5.69891,857.47,338.318,-0.351463,-0.902593,5.63126,864.711,295.288,-0.370348,0.000260323,5.95716,865.084,540.067,-0.597386,-0.00635001,5.79106,802.505,538.326,-0.378577,0.36044,6.11296,865.448,630.022,-0.650186,0.376469,5.84742,790.237,638.296,-0.286882,0.449264,5.99072,886.887,654.496,-0.699614,0.467119,5.69895,772.573,665.142,-0.265613,-0.955731,5.44877,885.575,272.203,-0.196796,-0.864463,5.7285,907.55,309.604,-0.546472,-0.869221,5.63119,811.838,304.333,-0.190397,-0.888369,5.69256,908.935,301.738,-0.534702,-0.896252,5.599,814.196,295.607,-0.0819603,-0.725006,5.92998,938.898,353.337,-0.714125,-0.657805,5.71053,769.073,364.131,-0.0692186,-0.713015,5.95672,942.259,357.249,-0.73542,-0.655593,5.74495,764.558,365.772,-0.106081,-0.718778,5.90012,932.55,354.004,-0.698583,-0.64617,5.68474,772.381,366.458,-0.181598,-0.519306,5.80578,912.245,403.437,-0.824012,-0.428277,5.66758,738.025,424.629,-0.307098,0.452516,5.95718,881.294,655.974,-0.67075,0.468212,5.67251,779.468,666.019,-0.266666,0.446011,6.02426,892.418,653.035,-0.728478,0.466026,5.7254,765.742,664.272,-0.390813,0.398136,6.15531,863.063,638.753,-0.650495,0.417381,5.88662,791.288,648.252,-0.286882,0.449264,5.99072,886.887,654.496,-0.699614,0.467119,5.69895,772.573,665.142
4,0.133467,1,1361.25,567.423,0.931869,0.109246,3.44211,1373.33,588.456,0.845441,0.118595,3.40016,1339.62,593.252,1.0183,0.099897,3.48407,1406.23,583.776,0.876831,-0.265286,3.41518,1351.99,421.404,0.853243,-0.4258,3.40364,1342.74,349.001,0.771484,0.443776,3.59565,1287.58,728.432,1.07773,0.481608,3.49804,1430.39,750.203,0.820708,0.813405,3.6332,1304.88,881.811,1.19053,0.795346,3.32913,1505.98,904.75,0.686043,0.846079,3.73399,1240.51,885.945,1.17086,0.904369,3.46221,1476.32,938.806,0.760236,-0.571878,3.4982,1291.8,290.409,0.744796,-0.340853,3.28146,1306.53,381.413,1.00381,-0.396175,3.50568,1397.17,367.462,0.721862,-0.373564,3.29141,1294.84,366.718,0.992759,-0.432247,3.52054,1390.53,352.547,0.740849,-0.0721824,3.29997,1302.76,506.604,1.02809,-0.137528,3.59228,1396.95,481.549,0.744827,-0.0405312,3.28918,1305.73,521.186,1.05558,-0.112054,3.58256,1409.85,492.247,0.737578,-0.0965967,3.32773,1298.4,495.682,1.00001,-0.147225,3.60258,1383.8,477.607,0.673598,-0.0315295,3.51943,1252.21,526.322,0.951048,0.0331891,3.72871,1349.41,553.59,0.691679,0.835215,3.77115,1240.03,878.138,1.13329,0.909097,3.47152,1458.42,939.816,0.680407,0.856944,3.69683,1241,893.909,1.20842,0.899642,3.4529,1494.32,937.791,0.845836,0.863558,3.61899,1316.84,904.312,1.21168,0.826316,3.2849,1523.16,924.054,0.686043,0.846079,3.73399,1240.51,885.945,1.17086,0.904369,3.46221,1476.32,938.806
4,0.133467,2,851.267,426.123,-0.436846,-0.407964,5.87749,846.524,434.026,-0.360588,-0.402755,5.88903,866.516,435.584,-0.513105,-0.413172,5.86596,826.452,432.462,-0.358003,-0.756891,5.71606,864.378,337.835,-0.324213,-0.906431,5.64687,872.342,294.927,-0.349678,-0.00220498,5.96972,870.57,539.436,-0.576988,-0.0121652,5.81924,808.62,536.808,-0.35969,0.357845,6.12508,870.343,629.197,-0.630155,0.369086,5.88422,796.496,635.765,-0.264804,0.446561,6.00474,892.671,653.542,-0.666962,0.459785,5.73228,782.359,662.46,-0.24381,-0.95832,5.46108,891.838,272.083,-0.166418,-0.859684,5.7369,915.711,311.214,-0.519447,-0.884234,5.65407,819.735,301.233,-0.160008,-0.883279,5.70134,917.152,303.468,-0.507788,-0.909871,5.62127,822.083,292.876,-0.0703277,-0.695188,5.92545,941.879,360.877,-0.68552,-0.6815,5.74712,777.888,358.956,-0.0590184,-0.680281,5.95149,944.86,365.485,-0.709191,-0.681655,5.77982,772.665,359.939,-0.0928541,-0.692589,5.89399,935.947,360.595,-0.66748,-0.667944,5.72357,781.951,361.827,-0.164426,-0.503719,5.77623,916.539,406.859,-0.778509,-0.443024,5.71475,752.013,421.642,-0.284252,0.449889,5.97075,887.315,655.039,-0.636071,0.460508,5.70821,789.873,663.17,-0.245357,0.443233,6.03872,897.967,652.061,-0.697854,0.459061,5.75635,774.909,661.756,-0.372908,0.395422,6.16704,867.68,637.893,-0.633309,0.409676,5.92371,796.773,645.588,-0.264804,0.446561,6.00474,892.671,653.542,-0.666962,0.459785,5.73228,782.359,662.46
5,0.166833,1,1348.07,567.644,0.913421,0.112668,3.48381,1360.3,589.376,0.835425,0.122332,3.44555,1330.18,594.206,0.991417,0.103004,3.52206,1389.76,584.65,0.853292,-0.266269,3.45451,1337.12,422.32,0.827522,-0.428671,3.44195,1327.07,349.853,0.762171,0.447097,3.65367,1278.49,726.828,1.06852,0.486226,3.55878,1418.41,748.596,0.834891,0.818042,3.66747,1307.56,880.548,1.19557,0.784646,3.36695,1502.13,895.8,0.698602,0.85633,3.7639,1243.37,887.354,1.18989,0.909862,3.48776,1480.87,938.288,0.728503,-0.578558,3.52911,1275.16,289.706,0.719663,-0.338817,3.32117,1290.83,384.245,0.977594,-0.401156,3.54721,1380.77,367.339,0.697263,-0.371783,3.33038,1279.65,369.562,0.965421,-0.438048,3.56013,1374.02,352.144,0.725172,-0.0726291,3.33351,1292.13,506.736,1.00826,-0.150159,3.64515,1382.31,477.107,0.730113,-0.0414442,3.32229,1295.52,520.954,1.03495,-0.123349,3.63863,1394.26,488.243,0.72176,-0.0963477,3.36183,1287.78,496.244,0.979419,-0.161581,3.65409,1369.22,472.488,0.664559,-0.0265728,3.5594,1245.05,528.602,0.911787,0.00199127,3.79838,1326.49,540.8,0.703269,0.845861,3.8013,1242.46,879.732,1.15318,0.917534,3.49838,1463.27,940.428,0.693934,0.8668,3.72651,1244.31,895.128,1.2266,0.90219,3.47715,1498.58,936.135,0.861836,0.866926,3.6514,1320.36,902.486,1.2168,0.809165,3.319,1519.73,912.219,0.698602,0.85633,3.7639,1243.37,887.354,1.18989,0.909862,3.48776,1480.87,938.288
5,0.166833,2,856.493,425.499,-0.419397,-0.410836,5.88818,851.254,433.474,-0.343823,-0.405611,5.89983,871.026,435.036,-0.49497,-0.416061,5.87653,831.404,431.905,-0.33769,-0.759646,5.72468,869.939,337.405,-0.302673,-0.909136,5.65461,878.278,294.532,-0.332118,-0.00602531,5.98101,875.221,538.462,-0.559599,-0.0145281,5.84505,813.83,536.205,-0.340191,0.357877,6.12434,875.193,629.216,-0.617684,0.363786,5.91739,800.631,633.861,-0.245689,0.445052,6.00202,897.503,653.21,-0.644039,0.45211,5.76247,789.363,659.785,-0.224772,-0.960477,5.46823,897.243,271.83,-0.145655,-0.857367,5.74321,921.28,312.081,-0.496201,-0.892632,5.66199,826.2,299.302,-0.138354,-0.881019,5.7079,922.993,304.344,-0.484655,-0.916995,5.62876,828.541,291.273,-0.0652827,-0.672968,5.91808,943.158,366.387,-0.660575,-0.697966,5.76669,785.11,355.211,-0.0547372,-0.656578,5.94416,945.941,371.359,-0.686416,-0.699805,5.79712,779.222,355.696,-0.0865046,-0.672289,5.88592,937.562,365.614,-0.640106,-0.683122,5.74587,789.915,358.485,-0.152564,-0.485014,5.76049,919.564,411.452,-0.734398,-0.451467,5.74783,764.927,420.08,-0.264987,0.447558,5.96792,892.209,654.497,-0.611587,0.452485,5.74062,797.345,660.341,-0.226391,0.442546,6.03611,902.737,651.936,-0.676491,0.451735,5.78433,781.443,659.234,-0.353723,0.396292,6.16496,872.4,638.142,-0.623872,0.404405,5.9565,800.091,643.656,-0.245689,0.445052,6.00202,897.503,653.21,-0.644039,0.45211,5.76247,789.363,659.785
6,0.2002,1,1335,566.576,0.883466,0.108529,3.50009,1345.37,587.341,0.80393,0.118017,3.45886,1314.86,592.093,0.963002,0.0990409,3.54132,1375.17,582.699,0.826153,-0.269153,3.47588,1322.88,421.777,0.801591,-0.431016,3.4655,1313.15,350.112,0.747519,0.452521,3.65508,1272.24,729.022,1.04414,0.479266,3.59055,1403.98,743.791,0.83958,0.819059,3.65692,1310.52,881.955,1.18761,0.755888,3.38061,1496.35,881.375,0.701101,0.856228,3.74677,1245.69,888.9,1.19357,0.899794,3.47849,1483.87,934.931,0.704909,-0.576567,3.55917,1262.38,292.674,0.694916,-0.346531,3.34205,1277.46,381.693,0.94989,-0.397078,3.56941,1366.3,370.157,0.672062,-0.379232,3.35195,1266.11,367.266,0.938736,-0.433726,3.58425,1359.87,355.249,0.69747,-0.0795121,3.34589,1278.26,503.718,0.978512,-0.14172,3.65663,1368.56,480.828,0.701483,-0.0488467,3.33307,1281.32,517.625,1.00473,-0.115235,3.64819,1380.48,491.774,0.695705,-0.101909,3.37512,1274.71,493.901,0.950324,-0.15282,3.66679,1355.69,476.37,0.648599,-0.0231583,3.56875,1237.48,530.093,0.888494,0.0158305,3.80327,1316.67,546.355,0.704425,0.846305,3.78442,1244.19,881.426,1.15777,0.911392,3.48849,1466.7,938.875,0.697778,0.866151,3.70913,1247.22,896.526,1.22938,0.888196,3.4685,1501.14,930.964,0.86808,0.867585,3.64089,1324.02,903.809,1.20912,0.771344,3.32938,1514.47,893.716,0.701101,0.856228,3.74677,1245.69,888.9,1.19357,0.899794,3.47849,1483.87,934.931
6,0.2002,2,861.428,425.177,-0.399058,-0.411485,5.89796,856.699,433.483,-0.323084,-0.406441,5.91011,876.538,435.004,-0.475033,-0.416529,5.88582,836.779,431.954,-0.319822,-0.763561,5.74022,874.935,336.912,-0.285864,-0.914451,5.67262,883.061,293.881,-0.313585,-0.00821692,5.98994,880.071,537.906,-0.545595,-0.0168005,5.86897,818.069,535.63,-0.322606,0.356777,6.12683,879.609,628.906,-0.607089,0.356952,5.95567,804.371,631.506,-0.227507,0.446362,6.00599,902.166,653.468,-0.633783,0.445699,5.80178,793.218,657.287,-0.210175,-0.964748,5.48576,901.506,271.499,-0.129067,-0.859449,5.76165,925.799,312.258,-0.478573,-0.898815,5.67783,831.313,298.311,-0.120876,-0.883729,5.72722,927.777,304.417,-0.467519,-0.922717,5.64487,833.551,290.435,-0.0662597,-0.651363,5.91746,942.904,371.943,-0.638765,-0.706189,5.79133,791.604,353.829,-0.0570793,-0.632526,5.94325,945.337,377.511,-0.665592,-0.706491,5.82045,785.41,354.681,-0.086085,-0.653936,5.88457,937.665,370.336,-0.615967,-0.69218,5.77119,797.048,356.886,-0.150989,-0.472719,5.7464,919.884,414.404,-0.684277,-0.452231,5.76852,778.892,420.308,-0.246349,0.448917,5.97164,897.017,654.773,-0.601265,0.446444,5.78004,801.18,657.925,-0.208665,0.443808,6.04033,907.258,652.177,-0.666301,0.444954,5.82353,785.316,656.653,-0.33711,0.394873,6.16707,876.543,637.757,-0.613619,0.396867,5.99575,803.748,641.058,-0.227507,0.446362,6.00599,902.166,653.468,-0.633783,0.445699,5.80178,793.218,657.287
7,0.233567,1,1321.14,566.891,0.85502,0.112307,3.50165,1332.8,588.967,0.782734,0.122883,3.46371,1305.02,594.165,0.927305,0.101731,3.53958,1359.98,583.881,0.796051,-0.268562,3.47688,1309.56,422.07,0.770779,-0.431792,3.46626,1299.5,349.812,0.733863,0.457605,3.67701,1264.71,730.005,1.0072,0.478316,3.64786,1381.55,740.192,0.848759,0.820363,3.66963,1313.13,881.313,1.16538,0.724581,3.40923,1481.89,864.489,0.711214,0.858152,3.7604,1248.76,888.417,1.19778,0.884906,3.47252,1486.62,929.064,0.676306,-0.579346,3.56302,1249.8,291.75,0.657985,-0.346781,3.34717,1260.13,381.822,0.923235,-0.393906,3.56449,1355.44,371.281,0.636804,-0.380229,3.35803,1249.53,367.126,0.912663,-0.431731,3.57836,1349.4,355.796,0.663025,-0.0810876,3.33546,1263.49,502.883,0.949645,-0.142225,3.66139,1355.99,480.694,0.667008,-0.0510528,3.32215,1266.54,516.538,0.973562,-0.113608,3.65391,1366.79,492.53,0.662078,-0.102656,3.36554,1260.35,493.431,0.922251,-0.155818,3.67211,1343.44,475.216,0.621996,-0.0214345,3.56628,1226.28,530.824,0.849775,-0.00179386,3.82831,1298.9,539.285,0.714813,0.847928,3.79793,1247.35,880.864,1.16464,0.902368,3.48311,1470.5,935.535,0.707615,0.868376,3.72288,1250.19,896.121,1.23092,0.867444,3.46194,1502.85,922.553,0.878277,0.868117,3.65279,1327.09,902.847,1.18351,0.726778,3.35508,1498.56,870.726,0.711214,0.858152,3.7604,1248.76,888.417,1.19778,0.884906,3.47252,1486.62,929.064
7,0.233567,2,866.335,424.98,-0.38002,-0.414892,5.92621,862.096,433.112,-0.303372,-0.410039,5.93747,881.991,434.563,-0.456667,-0.419745,5.91494,842.126,431.656,-0.303209,-0.767933,5.77258,879.806,336.894,-0.27029,-0.919236,5.70674,887.688,294.072,-0.294623,-0.0100165,6.01097,885.167,537.456,-0.533354,-0.0204109,5.90276,822.047,534.721,-0.306019,0.357869,6.14372,883.952,628.933,-0.594517,0.354014,5.99295,808.542,630.188,-0.209704,0.447125,6.02329,906.845,653.335,-0.633497,0.442957,5.84166,794.432,655.77,-0.195903,-0.973612,5.51947,905.811,270.687,-0.110721,-0.858946,5.79265,930.817,313.61,-0.464335,-0.905659,5.71068,835.86,297.872,-0.102752,-0.883217,5.75909,932.76,305.856,-0.453008,-0.929077,5.67816,838.195,290.188,-0.0680978,-0.639642,5.9416,942.502,375.638,-0.619836,-0.711499,5.82767,797.613,353.599,-0.0606357,-0.619672,5.96781,944.487,381.468,-0.647178,-0.709487,5.85584,791.266,355.02,-0.0865793,-0.643996,5.90808,937.626,373.58,-0.594834,-0.699143,5.80781,803.63,356.21,-0.154736,-0.465363,5.76673,919.033,416.794,-0.63493,-0.454466,5.7986,792.825,420.34,-0.228146,0.449444,5.98868,901.836,654.581,-0.602638,0.444217,5.81759,801.845,656.579,-0.191262,0.444806,6.0579,911.797,652.103,-0.664355,0.441696,5.86572,787.079,654.966,-0.321269,0.396402,6.18346,880.676,637.876,-0.5985,0.393938,6.0336,808.555,639.683,-0.209704,0.447125,6.02329,906.845,653.335,-0.633497,0.442957,5.84166,794.432,655.77
8,0.266933,1,1307.87,559.591,0.820733,0.0919638,3.50665,1317.34,580.04,0.7422,0.102449,3.46093,1287.41,585.194,0.899267,0.0814791,3.55237,1346.49,575.018,0.765536,-0.284175,3.49168,1294.73,415.743,0.741879,-0.445377,3.48527,1284.99,344.898,0.725016,0.447169,3.6335,1264.64,727.895,0.953416,0.452625,3.64306,1359.56,729.688,0.8351,0.804681,3.62079,1312.13,879.304,1.11462,0.681487,3.39969,1460.56,846.047,0.707854,0.842161,3.72248,1250.32,885.407,1.15642,0.845586,3.44081,1473.13,915.203,0.651173,-0.591132,3.58451,1237.35,288.218,0.632125,-0.370381,3.36337,1246.94,371.871,0.893975,-0.402653,3.57164,1342.14,367.88,0.608991,-0.402211,3.37527,1235.47,358.066,0.886862,-0.438497,3.59058,1337.1,353.546,0.635895,-0.102012,3.3407,1250.61,493.379,0.941134,-0.1368,3.6245,1356.43,482.376,0.638775,-0.0726795,3.32646,1253.18,506.642,0.958553,-0.117552,3.59654,1366.91,490.098,0.63637,-0.122545,3.37136,1248.19,484.504,0.92508,-0.140225,3.64701,1347.27,481.298,0.605436,-0.0370963,3.56525,1219.27,524.114,0.970808,0.0792457,3.71475,1359,572.57,0.71452,0.832279,3.75965,1250.16,877.98,1.12462,0.866549,3.44871,1457.87,923.624,0.701187,0.852044,3.68531,1250.49,892.985,1.18822,0.824623,3.43292,1488.45,906.742,0.863822,0.852299,3.60212,1326.13,901.246,1.13128,0.676518,3.34559,1476.26,848.728,0.707854,0.842161,3.72248,1250.32,885.407,1.15642,0.845586,3.44081,1473.13,915.203
8,0.266933,2,871.486,424.62,-0.359359,-0.418496,5.95106,867.806,432.634,-0.282716,-0.413422,5.95968,887.574,434.09,-0.436002,-0.423571,5.94245,847.981,431.175,-0.28458,-0.771701,5.79753,885.057,336.776,-0.252531,-0.923074,5.73173,892.734,294.122,-0.274708,-0.0108491,6.03033,890.45,537.253,-0.521845,-0.0240217,5.93192,825.688,533.817,-0.285947,0.358061,6.16287,889.161,628.704,-0.58418,0.34992,6.02677,812.01,628.645,-0.192806,0.447505,6.04025,911.266,653.113,-0.639841,0.440731,5.88188,793.917,654.4,-0.181012,-0.980321,5.54237,910.137,269.951,-0.0905983,-0.859185,5.81398,936.209,314.377,-0.447058,-0.912956,5.7363,841.013,297.011,-0.0831658,-0.882947,5.78077,938.035,306.806,-0.435413,-0.9354,5.70377,843.451,289.617,-0.0671029,-0.636551,5.96212,942.817,376.995,-0.597826,-0.720162,5.86118,804.275,352.408,-0.0625493,-0.615612,5.98784,944.051,383.034,-0.625986,-0.717453,5.88802,797.683,353.966,-0.0834838,-0.642938,5.92776,938.498,374.405,-0.57097,-0.708596,5.843,810.808,354.847,-0.156622,-0.474864,5.77647,918.604,414.491,-0.588219,-0.461772,5.84262,806.291,419.333,-0.211987,0.449594,6.00604,906.112,654.288,-0.611613,0.442863,5.85484,800.511,655.485,-0.173625,0.445416,6.07446,916.361,651.951,-0.668069,0.438599,5.90892,787.384,653.326,-0.300729,0.396735,6.20276,885.978,637.653,-0.584805,0.389225,6.06818,812.863,637.929,-0.192806,0.447505,6.04025,911.266,653.113,-0.639841,0.440731,5.88188,793.917,654.4
9,0.3003,1,1295.29,553.729,0.802471,0.0793937,3.54415,1305.69,574.201,0.728691,0.090704,3.49756,1278.09,579.594,0.876251,0.0680834,3.59073,1332.58,568.949,0.748891,-0.298474,3.53354,1283.58,411.037,0.725929,-0.460417,3.529,1274.06,340.809,0.7246,0.447077,3.65974,1262.29,726.51,0.910668,0.433626,3.72679,1333.07,717.643,0.847658,0.806703,3.64755,1314.8,877.661,1.08538,0.66067,3.48109,1436.03,829.76,0.721674,0.856681,3.74814,1253.96,888.958,1.12501,0.824369,3.5264,1447.07,896.91,0.637676,-0.600792,3.63421,1227.89,287.604,0.607536,-0.390216,3.41074,1231.95,365.327,0.882441,-0.414705,3.60465,1333.76,364.351,0.586489,-0.421983,3.4247,1221.46,351.877,0.876529,-0.450646,3.62396,1329.28,350.146,0.610135,-0.123854,3.37387,1236.1,483.953,0.942997,-0.149409,3.64639,1354.84,477.442,0.612461,-0.0951781,3.35841,1238.43,496.731,0.958767,-0.131244,3.6166,1364.74,484.595,0.612157,-0.143062,3.40549,1234.44,475.862,0.928635,-0.151728,3.6703,1346.29,476.885,0.59214,-0.0494947,3.60119,1211.04,519.016,0.986801,0.071146,3.73045,1363.87,569.118,0.727509,0.847439,3.7856,1253.41,881.777,1.09278,0.845171,3.53283,1432.26,905.25,0.715838,0.865922,3.71067,1254.53,896.283,1.15724,0.803568,3.51997,1461.94,888.54,0.87886,0.852438,3.62804,1329.84,898.724,1.10516,0.655847,3.42757,1452.27,832.136,0.721674,0.856681,3.74814,1253.96,888.958,1.12501,0.824369,3.5264,1447.07,896.91
9,0.3003,2,875.923,423.98,-0.341728,-0.424393,5.98116,872.77,431.669,-0.265333,-0.418903,5.98607,892.327,433.158,-0.418124,-0.429883,5.97624,853.182,430.178,-0.270221,-0.775217,5.82421,889.164,336.785,-0.239575,-0.92557,5.75695,896.464,294.537,-0.258386,-0.014242,6.05625,894.862,536.41,-0.510745,-0.0297006,5.97654,829.526,532.413,-0.269632,0.357548,6.18599,893.452,628.246,-0.572749,0.345217,6.07477,816.053,626.763,-0.176781,0.444783,6.06159,915.473,652.029,-0.649726,0.434797,5.93893,792.971,651.776,-0.173167,-0.986563,5.56525,912.494,269.349,-0.0753181,-0.857708,5.82954,940.274,315.367,-0.433102,-0.920534,5.76831,845.367,296.354,-0.0687346,-0.880948,5.79634,941.895,307.959,-0.423049,-0.941947,5.73524,847.382,289.248,-0.0670506,-0.625493,5.96269,942.832,379.842,-0.570628,-0.726962,5.90503,812.463,352.043,-0.0644962,-0.602777,5.98688,943.552,386.282,-0.596241,-0.723253,5.93374,806.587,353.907,-0.082065,-0.63506,5.92849,938.866,376.454,-0.545063,-0.71613,5.88457,818.583,354.2,-0.160685,-0.48194,5.76378,917.437,412.34,-0.554565,-0.468853,5.88046,816.017,418.271,-0.196126,0.446589,6.02746,910.321,653.121,-0.625422,0.437754,5.90838,798.388,653.118,-0.157436,0.442976,6.09573,920.568,650.949,-0.67403,0.431839,5.96947,787.61,650.447,-0.284326,0.396988,6.22539,890.27,637.36,-0.568735,0.38466,6.11596,818.024,636.024,-0.176781,0.444783,6.06159,915.473,652.029,-0.649726,0.434797,5.93893,792.971,651.776
10,0.333667,1,1283.6,545.048,0.778523,0.0581472,3.57458,1292.52,564.836,0.705102,0.0699122,3.52274,1265.59,570.3,0.851943,0.0463822,3.62641,1318.68,559.527,0.726179,-0.319448,3.56625,1270.89,403.241,0.703746,-0.481274,3.56269,1261.58,333.755,0.726046,0.438061,3.64357,1264.23,723.559,0.8683,0.407969,3.76626,1311.99,705.381,0.852172,0.794606,3.63822,1317.61,873.451,1.03894,0.636337,3.52128,1410.46,815.903,0.727033,0.850088,3.73738,1257,887.268,1.06302,0.798236,3.57712,1413.71,880.696,0.62159,-0.617088,3.67499,1218.24,283.634,0.583939,-0.416825,3.44154,1219.05,355.086,0.861825,-0.436928,3.63401,1322.08,356.434,0.564043,-0.448684,3.45664,1209.13,341.822,0.855935,-0.472825,3.65287,1317.75,342.378,0.580273,-0.154069,3.38969,1221.36,470.605,0.937404,-0.176232,3.66935,1350.04,466.673,0.581787,-0.126447,3.37187,1223.43,482.746,0.94625,-0.158521,3.6368,1357.24,473.452,0.583488,-0.170996,3.42246,1220.29,463.719,0.929025,-0.178268,3.69554,1343.81,466.352,0.568252,-0.062952,3.60787,1200.47,513.36,1.00739,0.0404566,3.73584,1371.7,556.534,0.732121,0.840906,3.77502,1256.1,880.092,1.02901,0.816503,3.58221,1398.57,887.997,0.721945,0.85927,3.69974,1257.92,894.591,1.09704,0.779968,3.57203,1428.9,873.374,0.88519,0.839186,3.61922,1333.41,894.008,1.06156,0.63466,3.46809,1427.33,819.396,0.727033,0.850088,3.73738,1257,887.268,1.06302,0.798236,3.57712,1413.71,880.696
10,0.333667,2,879.703,423.263,-0.32706,-0.428401,6.0158,876.995,431.276,-0.249663,-0.422249,6.01911,896.673,432.896,-0.404456,-0.434552,6.01248,857.296,429.654,-0.258905,-0.783685,5.86535,892.607,336.006,-0.229696,-0.935949,5.80087,899.545,293.664,-0.240769,-0.0157234,6.08309,899.571,536.054,-0.503065,-0.0349147,6.01373,832.283,531.136,-0.250721,0.358466,6.20827,898.342,628.155,-0.561832,0.339114,6.12034,819.848,624.594,-0.160194,0.444898,6.0816,919.784,651.689,-0.65774,0.425059,5.9952,792.498,648.247,-0.165317,-0.99946,5.61006,915.01,268.001,-0.0652295,-0.867443,5.8682,943.029,314.314,-0.421521,-0.931475,5.81705,849.367,295.524,-0.0589028,-0.89146,5.83556,944.589,306.768,-0.41288,-0.953748,5.78427,851.021,288.259,-0.060646,-0.625285,5.98202,944.522,380.413,-0.552813,-0.730528,5.94943,818.136,352.53,-0.0581199,-0.600552,6.00389,945.22,387.283,-0.577523,-0.725597,5.97877,812.522,354.71,-0.0763858,-0.638233,5.94936,940.398,376.213,-0.528138,-0.720591,5.92775,823.973,354.404,-0.165425,-0.503501,5.77363,916.256,406.856,-0.540465,-0.473072,5.91297,820.45,417.851,-0.180112,0.446419,6.04777,914.531,652.698,-0.637392,0.428808,5.96196,796.775,649.81,-0.140276,0.443376,6.11542,924.979,650.692,-0.678088,0.421311,6.02844,788.268,646.7,-0.264973,0.398358,6.24754,895.247,637.349,-0.553959,0.378795,6.16112,822.726,633.867,-0.160194,0.444898,6.0816,919.784,651.689,-0.65774,0.425059,5.9952,792.498,648.247
11,0.367033,1,1273.07,537.149,0.762737,0.0422545,3.58932,1284.44,557.973,0.696671,0.0540087,3.54296,1260.21,563.274,0.828802,0.0305004,3.63569,1308.04,552.808,0.705594,-0.337691,3.58564,1260.44,396.212,0.681104,-0.500524,3.58406,1250.14,326.784,0.731797,0.429787,3.67286,1264.2,718.656,0.819667,0.380844,3.82672,1287.02,691.946,0.864472,0.789485,3.67666,1318.98,867.838,0.986098,0.624705,3.58515,1379.93,806.034,0.745419,0.850521,3.78433,1260.73,883.135,1.0072,0.786482,3.6457,1381.8,869.364,0.594212,-0.633885,3.69683,1205.4,278.212,0.558893,-0.439822,3.46604,1206.19,346.263,0.841982,-0.4536,3.64394,1312.78,349.949,0.540168,-0.471834,3.48201,1196.85,333.115,0.836998,-0.490919,3.66253,1308.91,335.357,0.552945,-0.183837,3.39515,1208.65,457.331,0.934998,-0.199476,3.68108,1347.8,457.266,0.554453,-0.15718,3.37632,1210.72,468.924,0.939016,-0.179588,3.64856,1352.93,464.851,0.556536,-0.199053,3.42895,1207.8,451.371,0.931048,-0.202949,3.70833,1343.32,456.444,0.543059,-0.0826433,3.61816,1189.15,505.127,1.02837,0.0165335,3.75112,1378.56,546.729,0.752047,0.840446,3.82151,1260.45,875.771,0.972777,0.803833,3.65132,1366.75,876.112,0.738791,0.860595,3.74715,1261.02,890.644,1.04161,0.76913,3.64008,1396.88,862.595,0.897347,0.833449,3.6572,1334.61,887.936,1.00924,0.624982,3.5321,1396.24,810.149,0.745419,0.850521,3.78433,1260.73,883.135,1.0072,0.786482,3.6457,1381.8,869.364
11,0.367033,2,883.576,422.528,-0.310249,-0.430059,6.01281,881.223,430.801,-0.232892,-0.422984,6.0141,900.877,432.62,-0.387606,-0.437133,6.01153,861.559,428.981,-0.245776,-0.786101,5.86203,895.988,335.262,-0.218145,-0.938691,5.79741,902.551,292.795,-0.222468,-0.0183016,6.0753,904.093,535.401,-0.491361,-0.0412852,6.02422,835.471,529.537,-0.230001,0.355112,6.19778,903.342,627.478,-0.548375,0.327872,6.14251,823.698,621.494,-0.141566,0.441851,6.06986,924.392,651.139,-0.655068,0.412907,6.02657,794.047,644.605,-0.157383,-1.00437,5.60659,917.142,266.497,-0.0511765,-0.868061,5.85613,946.658,313.688,-0.408747,-0.934376,5.82138,852.799,294.944,-0.046187,-0.892826,5.82365,947.891,305.933,-0.401607,-0.957173,5.78848,854.073,287.539,-0.051767,-0.61864,5.94877,946.714,381.226,-0.534075,-0.732119,5.95417,823.054,352.272,-0.0494337,-0.592141,5.96817,947.354,388.521,-0.557039,-0.726309,5.9845,817.889,354.705,-0.0681206,-0.634934,5.91807,942.426,376.199,-0.510841,-0.722789,5.93072,828.494,353.932,-0.167923,-0.52097,5.73522,915.298,401.314,-0.526533,-0.477832,5.90523,823.869,416.46,-0.161936,0.443305,6.03632,919.042,652.124,-0.637334,0.417678,5.992,797.608,646.424,-0.121195,0.440397,6.10341,929.683,650.164,-0.672802,0.408136,6.06114,790.527,642.806,-0.243724,0.394934,6.23712,900.34,636.674,-0.538157,0.366949,6.18344,827.124,630.604,-0.141566,0.441851,6.06986,924.392,651.139,-0.655068,0.412907,6.02657,794.047,644.605
12,0.4004,1,1261.69,528.258,0.740484,0.0193816,3.61702,1272.56,548.181,0.671036,0.0339375,3.55687,1248.04,554.567,0.809932,0.00482571,3.67717,1296.28,542.004,0.683702,-0.355984,3.61559,1248.71,389.679,0.659367,-0.516855,3.61497,1238.48,321.711,0.727053,0.410503,3.64459,1264.57,711.964,0.772489,0.350717,3.8549,1265.95,678.903,0.860947,0.762817,3.64416,1320.7,859.589,0.935506,0.63047,3.66396,1349.82,802.713,0.750263,0.838555,3.75039,1265.43,881.369,0.929114,0.76937,3.764,1336.87,852.072,0.577428,-0.642076,3.73361,1196.12,277.441,0.536455,-0.460494,3.49414,1194.4,338.789,0.820401,-0.473304,3.67416,1300.91,343.324,0.518066,-0.491948,3.51177,1185.23,326.124,0.814252,-0.509603,3.69353,1296.58,329.351,0.519741,-0.209391,3.40117,1193.31,446.006,0.932486,-0.224573,3.70228,1344.54,447.39,0.519371,-0.184133,3.38123,1194.52,456.857,0.936754,-0.20643,3.66937,1349.77,454.109,0.525605,-0.222847,3.43536,1193.59,440.961,0.929233,-0.227146,3.72942,1340.41,447.011,0.520788,-0.106299,3.60935,1180.29,495.035,1.03778,-0.024654,3.75744,1381.68,529.982,0.756856,0.829783,3.78792,1265.06,874.451,0.89262,0.782418,3.76806,1321.67,857.023,0.743669,0.847327,3.71286,1265.8,888.427,0.965608,0.756323,3.75995,1352.09,847.11,0.896256,0.803375,3.62245,1337.75,878.599,0.963954,0.645497,3.6152,1367.09,812.604,0.750263,0.838555,3.75039,1265.43,881.369,0.929114,0.76937,3.764,1336.87,852.072
12,0.4004,2,886.798,422.565,-0.296335,-0.431049,6.05238,885.247,431.265,-0.218126,-0.42327,6.05074,904.961,433.198,-0.374544,-0.438827,6.05402,865.544,429.333,-0.23732,-0.792777,5.90539,898.644,335.039,-0.212028,-0.947804,5.84239,904.592,292.317,-0.20734,-0.0170284,6.10926,908.184,535.744,-0.486595,-0.0445041,6.07698,837.75,528.819,-0.21253,0.357443,6.2301,907.917,627.595,-0.539829,0.319611,6.2131,827.347,618.538,-0.124126,0.444084,6.10198,928.943,651.113,-0.653191,0.406656,6.10564,796.666,641.687,-0.152975,-1.01702,5.6529,918.684,265.321,-0.0426416,-0.876912,5.89293,948.952,312.808,-0.402371,-0.940517,5.87268,855.393,295.488,-0.0393078,-0.902859,5.86088,949.76,304.806,-0.396469,-0.964195,5.84006,856.352,287.933,-0.0372524,-0.619727,5.96563,950.466,381.396,-0.528143,-0.738038,6.00713,825.769,352.422,-0.0334512,-0.5916,5.98255,951.463,389.023,-0.550369,-0.732003,6.03811,820.837,354.911,-0.0562821,-0.638731,5.93805,945.529,375.774,-0.505516,-0.728834,5.98278,830.997,354.008,-0.174856,-0.541754,5.75745,913.632,396.338,-0.523855,-0.485137,5.95371,825.664,415.593,-0.144628,0.445776,6.0685,923.614,652.151,-0.637325,0.412609,6.07034,799.706,643.775,-0.103623,0.442391,6.13545,934.214,650.085,-0.669057,0.400703,6.14095,793.66,639.622,-0.225839,0.39733,6.26962,905.004,636.756,-0.527677,0.357473,6.2549,831.2,627.255,-0.124126,0.444084,6.10198,928.943,651.113,-0.653191,0.406656,6.10564,796.666,641.687
13,0.433767,1,1250.58,526.081,0.736785,0.0183844,3.69342,1264.57,547.6,0.681685,0.0303491,3.64176,1245.79,552.723,0.791885,0.00641972,3.74508,1282.83,542.617,0.671982,-0.367761,3.69296,1237.81,387.959,0.644209,-0.533252,3.69276,1226.34,319.53,0.742217,0.421182,3.73952,1263.03,711.959,0.730342,0.339026,3.97214,1240.72,670.31,0.882815,0.77577,3.74539,1319.87,856.231,0.912917,0.667774,3.913,1316.2,800.548,0.765912,0.863166,3.84062,1264.47,883.132,0.884521,0.763155,4.05573,1292.97,827.285,0.551724,-0.656592,3.81267,1180.93,277.073,0.51472,-0.474199,3.57657,1179.72,337.576,0.811296,-0.486465,3.73789,1291.38,341.302,0.499095,-0.506484,3.59564,1171.92,324.94,0.805283,-0.523923,3.75673,1287.27,327.075,0.491591,-0.227523,3.48361,1175.45,440.284,0.93885,-0.24556,3.74666,1342.58,439.935,0.490837,-0.20191,3.46382,1176.35,451.004,0.940887,-0.224524,3.71442,1346.74,447.713,0.499022,-0.241104,3.5179,1176.57,435.362,0.938359,-0.250287,3.77571,1339.44,438.793,0.503951,-0.121557,3.70604,1167.61,489.923,1.06719,-0.0496505,3.82249,1386.25,520.169,0.768682,0.854602,3.87872,1262.57,876.391,0.847001,0.773525,4.05831,1278.65,831.003,0.763142,0.871729,3.80253,1266.41,890.008,0.92204,0.752785,4.05314,1307.32,823.562,0.920696,0.814074,3.72564,1337.3,873.605,0.948955,0.698596,3.87957,1333.45,814.923,0.765912,0.863166,3.84062,1264.47,883.132,0.884521,0.763155,4.05573,1292.97,827.285
13,0.433767,2,889.873,422.504,-0.282451,-0.429988,6.06557,888.905,431.768,-0.204182,-0.422018,6.06228,908.578,433.717,-0.36072,-0.437959,6.06885,869.253,429.822,-0.227743,-0.796149,5.92277,901.293,334.771,-0.204297,-0.953074,5.86157,906.787,291.754,-0.19187,-0.0161756,6.1198,912.133,535.965,-0.480803,-0.0466421,6.09374,839.537,528.314,-0.194385,0.35794,6.24025,912.441,627.575,-0.528731,0.31059,6.24799,830.8,615.895,-0.105496,0.446059,6.11296,933.652,651.406,-0.647422,0.397952,6.14741,799.208,638.834,-0.150217,-1.02579,5.67191,919.565,263.881,-0.0332901,-0.881772,5.90521,951.393,312.024,-0.392673,-0.945696,5.89767,858.347,295.184,-0.0311812,-0.908602,5.87343,951.895,303.816,-0.387957,-0.969725,5.86519,859.012,287.573,-0.0216701,-0.620664,5.96526,954.454,381.147,-0.521781,-0.748953,6.0395,828.097,350.668,-0.0167165,-0.591597,5.97991,955.732,388.957,-0.543294,-0.743857,6.07122,823.376,352.939,-0.0432201,-0.641492,5.94084,948.893,375.141,-0.499847,-0.738826,6.01462,833.119,352.456,-0.182701,-0.558671,5.76686,911.631,392.094,-0.522684,-0.493782,5.99003,826.777,414.144,-0.125886,0.448052,6.07944,928.386,652.521,-0.633051,0.404886,6.11164,801.857,641.145,-0.0851056,0.444067,6.14649,938.86,650.304,-0.661793,0.391019,6.18318,796.59,636.551,-0.207605,0.397428,6.27997,909.528,636.621,-0.515236,0.34727,6.29059,834.95,624.284,-0.105496,0.446059,6.11296,933.652,651.406,-0.647422,0.397952,6.14741,799.208,638.834
14,0.467133,1,1238.29,522.174,0.705914,0.00561047,3.67338,1253.4,542.332,0.642977,0.0206559,3.6055,1232.27,548.747,0.768851,-0.00943494,3.74126,1273.76,536.15,0.641977,-0.36868,3.68168,1226.22,387.112,0.614575,-0.52909,3.68523,1214.61,320.804,0.718709,0.402561,3.67245,1258.79,707.358,0.662816,0.322188,3.92795,1217.63,665.231,0.874176,0.748018,3.66823,1323.84,851.333,0.802401,0.665408,3.85383,1277.88,803.611,0.759654,0.845766,3.75043,1269.25,884.301,0.74857,0.780083,3.97076,1247.82,839.941,0.528061,-0.640432,3.81036,1171.59,283.388,0.488551,-0.474359,3.56974,1168.95,337.12,0.777455,-0.492234,3.72855,1278.35,338.442,0.470452,-0.505022,3.58919,1160.12,325.176,0.771689,-0.527499,3.75019,1274.17,325.248,0.461711,-0.220736,3.48428,1162.31,443.277,0.921048,-0.258086,3.72882,1337.12,434.327,0.459972,-0.19482,3.46581,1162.63,454.178,0.92468,-0.23926,3.69647,1341.92,441.178,0.469964,-0.235719,3.51732,1164,437.682,0.920048,-0.261763,3.75741,1333.84,433.637,0.477346,-0.13078,3.69478,1157.25,485.959,1.05277,-0.0815338,3.79123,1383.96,507.166,0.760074,0.839927,3.78909,1266.26,878.435,0.710805,0.788653,3.96645,1233.6,843.566,0.759235,0.851606,3.71177,1272.29,890.289,0.786336,0.771513,3.97507,1262.02,836.324,0.915751,0.783279,3.6486,1343.19,867.762,0.838845,0.694716,3.81927,1295.33,817.713,0.759654,0.845766,3.75043,1269.25,884.301,0.74857,0.780083,3.97076,1247.82,839.941
14,0.467133,2,892.586,422.033,-0.269173,-0.431588,6.06143,892.201,431.291,-0.191162,-0.423443,6.05513,911.8,433.232,-0.347184,-0.439734,6.06773,872.642,429.355,-0.21932,-0.79751,5.9195,903.433,334.307,-0.197955,-0.954333,5.85868,908.414,291.304,-0.176503,-0.0182408,6.11047,915.899,535.442,-0.473393,-0.051486,6.09603,841.439,527.105,-0.174998,0.35639,6.22894,917.107,627.354,-0.512013,0.300724,6.26384,835.201,613.299,-0.0846456,0.445424,6.10308,938.825,651.428,-0.637482,0.390107,6.17442,802.369,636.462,-0.149046,-1.02958,5.66891,919.859,262.713,-0.0252047,-0.881776,5.89465,953.472,311.614,-0.385559,-0.945391,5.9022,860.265,295.451,-0.0247117,-0.90965,5.86317,953.565,303.129,-0.381763,-0.970056,5.86979,860.702,287.685,-0.00958127,-0.61767,5.94104,957.538,381.268,-0.513922,-0.749746,6.04632,830.23,350.682,-0.00373071,-0.587912,5.95363,959.043,389.236,-0.534166,-0.743665,6.07836,825.829,353.207,-0.0327245,-0.639778,5.91937,951.56,374.985,-0.492858,-0.740269,6.02016,835.008,352.263,-0.184166,-0.567546,5.75157,911.113,389.345,-0.515839,-0.497808,5.9847,828.404,413.004,-0.104787,0.44798,6.06945,933.641,652.688,-0.625642,0.398078,6.13796,804.378,639.018,-0.0645039,0.442868,6.1367,943.952,650.181,-0.649322,0.382136,6.21087,800.384,633.936,-0.187977,0.395674,6.26881,914.219,636.365,-0.495651,0.336146,6.30661,840.009,621.377,-0.0846456,0.445424,6.10308,938.825,651.428,-0.637482,0.390107,6.17442,802.369,636.462
15,0.5005,1,1228.18,525.697,0.686908,0.0155706,3.67471,1245.39,546.469,0.627324,0.0315551,3.60413,1225.74,553.367,0.746491,-0.000414014,3.74529,1264.3,539.831,0.612904,-0.356146,3.68461,1213.96,392.427,0.581188,-0.515454,3.68885,1200.54,326.662,0.716524,0.409412,3.66985,1258.09,710.326,0.620099,0.323083,3.93083,1200.85,665.487,0.881712,0.748932,3.65929,1327.87,852.474,0.718917,0.685231,3.89853,1241.54,808.352,0.770946,0.842297,3.7502,1273.86,882.91,0.645525,0.765907,4.03165,1204.46,830.043,0.491383,-0.624583,3.81447,1156.68,290.008,0.457349,-0.459291,3.57145,1155.51,343.658,0.744632,-0.485221,3.73226,1264.61,341.511,0.438704,-0.489816,3.59121,1146.51,331.761,0.737758,-0.51956,3.75439,1260.02,328.716,0.426351,-0.209751,3.48429,1146.82,448.091,0.903013,-0.264921,3.7171,1330.9,431.187,0.424327,-0.183826,3.46627,1146.9,459.032,0.908139,-0.246598,3.68457,1336.3,437.819,0.435518,-0.225133,3.51703,1149.06,442.269,0.901573,-0.268549,3.74675,1327.38,430.57,0.448574,-0.126392,3.69483,1145.36,487.773,1.04466,-0.103059,3.78722,1381.14,498.454,0.772991,0.834435,3.78849,1271.51,876.276,0.606966,0.769721,4.02716,1190.11,831.812,0.768901,0.850158,3.71191,1276.26,889.68,0.684083,0.762094,4.03614,1218.77,828.278,0.92274,0.784485,3.6386,1347.18,869.169,0.751099,0.725262,3.87084,1256.25,826.061,0.770946,0.842297,3.7502,1273.86,882.91,0.645525,0.765907,4.03165,1204.46,830.043
15,0.5005,2,894.72,421.915,-0.259953,-0.431735,6.0812,894.736,431.608,-0.182518,-0.423371,6.0729,914.114,433.563,-0.337389,-0.440099,6.08949,875.41,429.659,-0.21556,-0.801261,5.94507,904.642,334.228,-0.196534,-0.959629,5.88673,909.028,291.115,-0.163627,-0.0189694,6.12997,919.246,535.275,-0.467285,-0.054211,6.12653,843.551,526.49,-0.155958,0.357458,6.24746,921.887,627.356,-0.499591,0.292493,6.31009,839.122,610.77,-0.0647465,0.446597,6.12193,943.853,651.377,-0.632945,0.383816,6.23553,805.025,633.976,-0.149774,-1.04045,5.69958,919.88,261.293,-0.0215162,-0.890696,5.9152,954.447,310.105,-0.382828,-0.947314,5.93713,861.554,296.395,-0.0229646,-0.919312,5.8846,954.042,301.485,-0.380334,-0.972777,5.9053,861.669,288.499,0.00495866,-0.624001,5.95001,961.272,379.883,-0.508649,-0.755571,6.09026,832.488,350.588,0.0127416,-0.593809,5.96111,963.263,387.914,-0.526953,-0.748646,6.12301,828.606,353.327,-0.0206287,-0.646253,5.93119,954.69,373.647,-0.488793,-0.746627,6.06239,836.902,351.969,-0.184426,-0.574364,5.77509,911.243,388.156,-0.510155,-0.506597,6.01737,830.561,411.464,-0.0849432,0.449594,6.08836,938.699,652.743,-0.624206,0.39357,6.19861,806.255,636.938,-0.0445498,0.4436,6.15551,948.95,650.026,-0.641684,0.374063,6.27244,803.81,631.049,-0.168196,0.396817,6.28762,919.159,636.355,-0.480155,0.326297,6.3532,844.613,618.413,-0.0647465,0.446597,6.12193,943.853,651.377,-0.632945,0.383816,6.23553,805.025,633.976
16,0.533867,1,1219.55,531.21,0.673754,0.0295338,3.69892,1238.1,552.19,0.616138,0.0466272,3.62672,1219.38,559.629,0.73137,0.0124404,3.77112,1256.1,545.037,0.591146,-0.339922,3.71389,1203.02,400.26,0.555743,-0.498261,3.72031,1188.07,335.522,0.722726,0.422584,3.67768,1260.03,715.431,0.585546,0.325565,3.96083,1185.71,665.494,0.900076,0.756146,3.66303,1335.15,855.162,0.63578,0.69853,3.97542,1204.17,808.269,0.781256,0.844481,3.7471,1278.32,884.083,0.542875,0.749324,4.11243,1161.54,818.189,0.468272,-0.599944,3.85355,1145.53,302.305,0.432327,-0.440285,3.60451,1143.12,353.51,0.720609,-0.471866,3.75537,1252.97,348.162,0.412673,-0.470551,3.62522,1133.8,341.829,0.713967,-0.506149,3.77871,1248.47,335.495,0.396023,-0.187656,3.51993,1131.77,458.605,0.892919,-0.258806,3.73693,1324.81,434.263,0.393459,-0.161116,3.50353,1131.46,469.789,0.89941,-0.236255,3.70777,1330.35,442.717,0.406122,-0.204364,3.55203,1134.56,452.159,0.891675,-0.267135,3.76732,1321.36,431.74,0.423766,-0.115828,3.73878,1133.05,492.701,1.0493,-0.127503,3.84274,1376.9,489.342,0.780823,0.835889,3.78528,1274.94,877.147,0.504497,0.748891,4.10551,1147.61,818.497,0.781689,0.853073,3.70893,1281.78,891.161,0.581253,0.749757,4.11934,1175.43,817.883,0.942339,0.791925,3.64488,1354.72,871.719,0.663033,0.745776,3.95581,1215.9,827.834,0.781256,0.844481,3.7471,1278.32,884.083,0.542875,0.749324,4.11243,1161.54,818.189
16,0.533867,2,896.759,422.004,-0.251766,-0.430933,6.09901,896.976,432.125,-0.174286,-0.422414,6.08982,916.305,434.098,-0.329245,-0.439452,6.1082,877.705,430.158,-0.212158,-0.802231,5.96253,905.675,334.582,-0.195183,-0.961359,5.90404,909.527,291.398,-0.15019,-0.0198421,6.14884,922.708,535.073,-0.460039,-0.0564769,6.15669,845.918,525.995,-0.136962,0.356049,6.26697,926.633,626.74,-0.483382,0.284843,6.3515,843.806,608.47,-0.046716,0.445906,6.14083,948.385,650.863,-0.621919,0.37267,6.28381,808.895,630.546,-0.153059,-1.04831,5.71737,919.127,260.06,-0.0188839,-0.895611,5.92887,955.137,309.369,-0.379427,-0.947095,5.95864,862.781,297.33,-0.0216145,-0.924657,5.89835,954.405,300.658,-0.378293,-0.972302,5.92684,862.552,289.535,0.0164519,-0.628449,5.95261,964.22,378.812,-0.500176,-0.765748,6.12678,835.359,349.181,0.0260335,-0.598083,5.96234,966.666,386.851,-0.516201,-0.759146,6.1603,832.066,351.855,-0.0110745,-0.65037,5.93623,957.152,372.73,-0.481891,-0.756365,6.09756,839.34,350.616,-0.182815,-0.57585,5.78973,911.792,388.148,-0.502334,-0.517412,6.05122,833.259,409.454,-0.0672481,0.449098,6.10746,943.189,652.266,-0.615057,0.38297,6.24664,809.673,633.603,-0.0261839,0.442714,6.17419,953.525,649.474,-0.628781,0.362369,6.32098,808.126,627.526,-0.148468,0.395228,6.30739,924.062,635.668,-0.462384,0.318581,6.39426,849.597,616.068,-0.046716,0.445906,6.14083,948.385,650.863,-0.621919,0.37267,6.28381,808.895,630.546
17,0.567233,1,1210.55,536.977,0.659347,0.0459403,3.72692,1230.11,558.82,0.60149,0.0636256,3.65705,1211.11,566.563,0.717205,0.0282549,3.79679,1248.4,551.362,0.567462,-0.321137,3.74664,1191.24,409.137,0.528082,-0.478456,3.7551,1174.71,345.468,0.72864,0.432311,3.69476,1261.09,718.64,0.556578,0.326071,3.99433,1172.74,664.634,0.915296,0.757336,3.66899,1340.88,855.146,0.555692,0.697232,4.03961,1170.02,803.516,0.798232,0.837713,3.7614,1284,880.028,0.456721,0.71464,4.181,1126.78,800.961,0.43576,-0.57832,3.88767,1131.13,312.884,0.404559,-0.418711,3.64087,1129.65,364.419,0.694883,-0.455489,3.7845,1240.33,356.245,0.384732,-0.448555,3.66195,1120.4,352.987,0.687627,-0.48983,3.80821,1235.68,343.622,0.371602,-0.167297,3.5525,1119.7,468.101,0.882408,-0.257272,3.75632,1318.65,435.432,0.3695,-0.140759,3.53641,1119.52,479.231,0.891219,-0.235362,3.72734,1325.05,443.594,0.38154,-0.184327,3.58458,1122.51,461.491,0.879977,-0.265601,3.78733,1314.74,432.93,0.40155,-0.099685,3.77337,1122.47,499.666,1.04596,-0.142308,3.87108,1372.53,483.874,0.799601,0.827108,3.79906,1281.34,872.395,0.418763,0.709282,4.17372,1113.18,799.457,0.796864,0.848317,3.72373,1286.72,887.816,0.494679,0.719998,4.18828,1140.33,802.461,0.95651,0.793788,3.64992,1360.11,872.04,0.57485,0.749905,4.02596,1178,824.384,0.798232,0.837713,3.7614,1284,880.028,0.456721,0.71464,4.181,1126.78,800.961
17,0.567233,2,898.603,421.825,-0.244748,-0.432053,6.11094,898.852,432.056,-0.168003,-0.423347,6.09841,917.94,434.014,-0.321493,-0.440759,6.12347,879.843,430.106,-0.20962,-0.804903,5.97617,906.448,334.369,-0.194565,-0.964695,5.91842,909.809,291.141,-0.137896,-0.0215416,6.15718,925.807,534.658,-0.451104,-0.0595483,6.18419,848.631,525.299,-0.116881,0.353944,6.27384,931.557,626.133,-0.463595,0.276885,6.38767,849.194,606.18,-0.0279117,0.443619,6.14647,953.067,650.193,-0.606641,0.362277,6.32771,813.629,627.41,-0.157667,-1.0553,5.73207,918.005,258.918,-0.0163052,-0.896419,5.93296,955.804,309.321,-0.377685,-0.949813,5.98125,863.593,297.554,-0.021172,-0.926473,5.90321,954.524,300.385,-0.377541,-0.975133,5.94969,863.119,289.771,0.0219492,-0.629845,5.94502,965.637,378.248,-0.488648,-0.77528,6.16023,838.893,347.854,0.0333227,-0.599308,5.95356,968.545,386.311,-0.502488,-0.769261,6.19464,836.155,350.405,-0.00724038,-0.651312,5.93124,958.136,372.347,-0.472062,-0.765396,6.13001,842.427,349.369,-0.185569,-0.571347,5.79754,911.131,389.538,-0.492887,-0.52765,6.08718,836.377,407.658,-0.0489346,0.447054,6.11344,947.779,651.646,-0.60181,0.373045,6.29035,813.933,630.543,-0.00688884,0.440184,6.17951,958.298,648.755,-0.611473,0.351509,6.36507,813.329,624.315,-0.127216,0.393107,6.31449,929.241,635.048,-0.440806,0.310493,6.42979,855.331,613.727,-0.0279117,0.443619,6.14647,953.067,650.193,-0.606641,0.362277,6.32771,813.629,627.41
18,0.6006,1,1200.31,539.362,0.643529,0.0522059,3.77779,1220.08,561.098,0.585524,0.0711798,3.70741,1201.13,569.313,0.701534,0.033232,3.84817,1238.33,553.185,0.544147,-0.312468,3.80183,1178.52,414.518,0.501555,-0.468757,3.81213,1160.87,352.263,0.731316,0.434205,3.72852,1259.46,717.798,0.533805,0.324885,4.0489,1161.29,662.507,0.928502,0.752582,3.6904,1344.13,851.35,0.495567,0.690653,4.11977,1143.65,795.951,0.815424,0.836124,3.7853,1288.89,877.24,0.390692,0.687402,4.259,1100.05,786.418,0.412218,-0.563292,3.94949,1119.35,322.248,0.375693,-0.407438,3.69784,1115.12,371.778,0.670272,-0.448597,3.83898,1226.57,361.594,0.356289,-0.436584,3.71967,1106.24,360.802,0.661214,-0.483246,3.86222,1221.38,348.971,0.350683,-0.153914,3.60248,1108.62,474.77,0.875046,-0.262502,3.82017,1309.72,435.09,0.34921,-0.127578,3.58512,1108.71,485.67,0.887391,-0.23908,3.79385,1317.11,443.787,0.360248,-0.170175,3.63528,1111.3,468.53,0.870328,-0.27353,3.85091,1305.06,431.555,0.383036,-0.0762831,3.82111,1113.04,509.521,1.04157,-0.179214,3.95841,1361.73,470.877,0.8174,0.825452,3.82291,1286.44,869.66,0.353559,0.679414,4.25009,1087.01,784.065,0.813448,0.846796,3.74768,1291.39,884.973,0.427824,0.69539,4.26791,1113.04,788.761,0.970112,0.787564,3.66989,1363.59,867.644,0.509609,0.745622,4.11099,1149.26,816.912,0.815424,0.836124,3.7853,1288.89,877.24,0.390692,0.687402,4.259,1100.05,786.418
18,0.6006,2,899.695,421.359,-0.240891,-0.436104,6.13976,900.098,431.556,-0.165296,-0.427012,6.12362,918.788,433.537,-0.316486,-0.445196,6.1559,881.507,429.585,-0.211642,-0.810323,6.00582,906.198,334.006,-0.199106,-0.970702,5.94842,908.896,290.854,-0.128361,-0.025848,6.17538,928.265,533.61,-0.443311,-0.0646428,6.2197,851.18,524.132,-0.0983735,0.351148,6.28468,936.102,625.305,-0.439663,0.267077,6.43135,855.627,603.402,-0.00933298,0.43975,6.15616,957.685,649.06,-0.585726,0.350732,6.37785,819.787,623.96,-0.166663,-1.06343,5.76175,915.837,258.213,-0.0204644,-0.898904,5.95455,954.753,309.52,-0.379797,-0.955097,6.01985,863.676,297.768,-0.0264537,-0.93006,5.92542,953.184,300.359,-0.381357,-0.980619,5.98876,862.778,290.004,0.0215552,-0.632362,5.95637,965.525,377.911,-0.47619,-0.776912,6.20273,842.79,348.769,0.0347497,-0.601802,5.9641,968.896,385.944,-0.487476,-0.769445,6.23758,840.682,351.665,-0.00881171,-0.652953,5.94398,957.737,372.284,-0.461561,-0.768314,6.17096,845.805,349.912,-0.186163,-0.564114,5.81446,911.117,391.875,-0.481181,-0.533508,6.11787,839.918,406.86,-0.0305315,0.443304,6.12324,952.387,650.532,-0.582499,0.36193,6.34044,819.737,627.151,0.0118655,0.436197,6.18907,962.927,647.603,-0.588953,0.339535,6.41526,819.836,620.805,-0.10763,0.390711,6.32506,934.02,634.31,-0.415218,0.300431,6.47299,862.064,610.861,-0.00933298,0.43975,6.15616,957.685,649.06,-0.585726,0.350732,6.37785,819.787,623.96
19,0.633967,1,1189.17,540.672,0.633092,0.0576107,3.84582,1211.33,562.871,0.579596,0.0741596,3.78659,1193.69,569.901,0.686588,0.0410618,3.90505,1228.43,556.054,0.522198,-0.312511,3.87868,1165.55,416.987,0.474672,-0.471135,3.89276,1146.17,355.219,0.732477,0.44098,3.80936,1253.57,716.741,0.509062,0.3234,4.12234,1148.54,659.775,0.94442,0.751316,3.76011,1343.47,845.064,0.46604,0.693433,4.18389,1130.06,793.043,0.836827,0.848206,3.85148,1291.72,876.235,0.365894,0.688787,4.3265,1089.12,783.062,0.382184,-0.572395,4.03181,1104.72,323.247,0.339604,-0.401944,3.78522,1096.98,377.877,0.65013,-0.451625,3.91066,1213.82,363.682,0.323724,-0.432226,3.80806,1089.79,366.709,0.63891,-0.487347,3.9324,1208.06,350.788,0.325716,-0.147575,3.69864,1094.45,479.083,0.852401,-0.267312,3.89045,1294.51,435.097,0.325266,-0.12085,3.68105,1094.91,489.876,0.864129,-0.241169,3.86716,1301.16,444.787,0.334524,-0.164087,3.73156,1096.87,472.865,0.848648,-0.281994,3.9205,1290.49,430.184,0.3592,-0.0645107,3.92557,1099.7,514.91,1.02761,-0.206019,4.04506,1347.86,462.241,0.838457,0.839024,3.8895,1289.12,869.344,0.328847,0.679366,4.31869,1076.25,780.171,0.835196,0.857388,3.81345,1294.38,883.264,0.40294,0.698208,4.3343,1101.94,785.943,0.98712,0.783113,3.73782,1363.2,859.871,0.478772,0.748826,4.17428,1135.11,813.885,0.836827,0.848206,3.85148,1291.72,876.235,0.365894,0.688787,4.3265,1089.12,783.062
19,0.633967,2,900.566,421.382,-0.23991,-0.436104,6.14678,900.411,431.679,-0.163869,-0.427134,6.12842,919.176,433.589,-0.315951,-0.445073,6.16515,881.757,429.781,-0.214163,-0.81345,6.02104,905.695,333.734,-0.203129,-0.97517,5.96715,908.028,290.493,-0.117885,-0.0276797,6.1772,930.864,533.159,-0.433322,-0.0662804,6.2476,854.107,523.803,-0.078941,0.347577,6.28997,940.839,624.367,-0.409199,0.259735,6.46726,863.399,601.317,0.0105572,0.434675,6.1608,962.616,647.72,-0.558551,0.340495,6.42145,827.2,620.955,-0.175014,-1.06917,5.78089,913.778,257.628,-0.0253503,-0.901554,5.96961,953.517,309.424,-0.380182,-0.956008,6.04482,863.977,298.539,-0.030974,-0.933608,5.94105,952.04,300.078,-0.383948,-0.982287,6.01484,862.542,290.665,0.0247805,-0.637553,5.97088,966.336,376.978,-0.460802,-0.776405,6.23135,847.098,349.772,0.0399353,-0.607647,5.97855,970.198,384.824,-0.469325,-0.76803,6.26653,845.655,352.88,-0.00688611,-0.656419,5.95939,958.236,371.83,-0.448467,-0.768682,6.19834,849.535,350.661,-0.182807,-0.554879,5.83771,912.19,394.881,-0.468817,-0.536407,6.13879,843.402,406.592,-0.0109083,0.438589,6.1281,957.282,649.27,-0.55734,0.35196,6.38401,826.711,624.172,0.0320226,0.430761,6.19349,967.894,646.187,-0.559761,0.32903,6.4589,827.684,617.776,-0.0868444,0.387133,6.33067,939.056,633.364,-0.382614,0.293072,6.50802,870.24,608.754,0.0105572,0.434675,6.1608,962.616,647.72,-0.558551,0.340495,6.42145,827.2,620.955
20,0.667333,1,1174.79,535.312,0.597307,0.0406626,3.86658,1195.85,556.056,0.537108,0.0594077,3.79759,1175.93,563.884,0.657507,0.0219176,3.93557,1215.07,548.503,0.487109,-0.323641,3.91405,1150.01,413.757,0.439881,-0.479771,3.9344,1130.7,353.823,0.697206,0.419369,3.80211,1239.97,708.4,0.483453,0.31339,4.13551,1138.48,655.698,0.923906,0.71407,3.72465,1338.71,832.701,0.4595,0.68952,4.17894,1127.88,791.912,0.845733,0.83392,3.82125,1297.91,873.187,0.359624,0.688291,4.31985,1087.1,783.261,0.350677,-0.576021,4.07419,1091.41,324.143,0.307547,-0.414447,3.82825,1082.65,374.713,0.612058,-0.463868,3.94935,1196.61,360.676,0.28869,-0.441962,3.85145,1074.44,364.802,0.603293,-0.498378,3.9735,1191.81,348.506,0.302608,-0.159236,3.73638,1083.65,474.933,0.814921,-0.281008,3.92282,1277.17,430.632,0.302214,-0.13312,3.71727,1084.13,485.325,0.82825,-0.25465,3.90216,1284.06,440.366,0.3109,-0.17461,3.76977,1085.91,469.283,0.809826,-0.298016,3.95218,1272.84,424.874,0.332557,-0.0675277,3.94873,1088.58,513.891,0.977979,-0.252955,4.08397,1325.61,445.435,0.850881,0.827016,3.85946,1296.6,867.157,0.32221,0.680315,4.31207,1074.08,780.876,0.840585,0.840824,3.78303,1299.24,879.34,0.397039,0.696266,4.32762,1100.07,785.638,0.967233,0.738705,3.69606,1359.54,845.141,0.474035,0.744937,4.1678,1133.65,812.886,0.845733,0.83392,3.82125,1297.91,873.187,0.359624,0.688291,4.31985,1087.1,783.261
20,0.667333,2,901.314,421.34,-0.240368,-0.439994,6.18546,900.67,431.397,-0.164763,-0.430916,6.16395,919.19,433.266,-0.315972,-0.449073,6.20698,882.279,429.54,-0.217513,-0.820153,6.06651,905.259,333.593,-0.207718,-0.983078,6.01553,907.281,290.493,-0.109064,-0.0307626,6.19715,933.131,532.421,-0.426811,-0.067791,6.28863,856.379,523.542,-0.0591105,0.346205,6.30548,945.688,623.827,-0.376228,0.254003,6.51333,871.811,599.54,0.0290042,0.431402,6.17368,967.173,646.686,-0.524727,0.337872,6.4724,836.224,619.7,-0.184301,-1.0809,5.83036,911.738,256.952,-0.0291082,-0.905275,6.00872,952.604,309.979,-0.382481,-0.962049,6.10207,864.302,299.293,-0.0358751,-0.938514,5.98143,950.843,300.445,-0.387275,-0.989105,6.07321,862.642,291.348,0.0217177,-0.640549,6.00344,965.523,377.1,-0.448779,-0.772659,6.28486,850.98,352.301,0.0383687,-0.610672,6.01074,969.746,384.886,-0.454586,-0.762103,6.32005,850.184,355.896,-0.0106476,-0.658574,5.9926,957.287,372.213,-0.439103,-0.766945,6.2504,852.742,352.662,-0.183267,-0.547911,5.87147,912.345,397.527,-0.466032,-0.538866,6.17664,844.805,406.802,0.00691776,0.435264,6.14137,961.72,648.207,-0.524414,0.349418,6.43495,835.578,622.903,0.0510906,0.427539,6.20598,972.569,645.18,-0.52504,0.326326,6.50985,836.862,616.533,-0.0652799,0.386338,6.34604,944.295,632.946,-0.347092,0.286518,6.55351,879.139,606.749,0.0290042,0.431402,6.17368,967.173,646.686,-0.524727,0.337872,6.4724,836.224,619.7
21,0.7007,1,1159.3,534.722,0.577042,0.0394767,3.95002,1183.04,555.258,0.52619,0.0566984,3.89621,1166.19,562.218,0.627894,0.0222549,4.00384,1199.43,548.486,0.457814,-0.332953,3.98985,1135.19,412.593,0.406716,-0.492565,4.00692,1114.97,352.318,0.666613,0.433626,3.93847,1218.41,708.096,0.459181,0.316629,4.22397,1125.97,654.445,0.92422,0.700533,3.84528,1326.96,818.144,0.474817,0.699277,4.23763,1131.07,791.939,0.867132,0.851492,3.91581,1298.09,871.992,0.380371,0.70661,4.38119,1092.55,786.239,0.312116,-0.593306,4.14988,1074.83,321.721,0.263683,-0.422035,3.90677,1063.05,375.07,0.585733,-0.473315,4.01497,1182.73,360.015,0.250745,-0.452066,3.93049,1057.4,364.4,0.573305,-0.509645,4.03617,1176.86,347.217,0.263153,-0.168275,3.81885,1065.21,472.725,0.785813,-0.291895,3.99718,1260.15,428.508,0.263005,-0.142309,3.79852,1065.71,482.801,0.800947,-0.264342,3.98192,1267.1,438.646,0.272728,-0.182745,3.85229,1068.09,467.574,0.77829,-0.312328,4.02459,1255.25,421.517,0.311751,-0.0591543,4.03739,1077.89,517.631,0.937292,-0.301176,4.19202,1301.37,430.31,0.870091,0.850231,3.95484,1295.9,868.229,0.342512,0.700044,4.37437,1079.54,784.331,0.864173,0.852753,3.87678,1300.33,875.831,0.418231,0.713176,4.38802,1105.52,788.14,0.970125,0.71358,3.81563,1348.18,825.526,0.494093,0.753153,4.22442,1138.57,812.198,0.867132,0.851492,3.91581,1298.09,871.992,0.380371,0.70661,4.38119,1092.55,786.239
21,0.7007,2,901.436,420.98,-0.24449,-0.443838,6.20404,899.833,430.776,-0.169252,-0.43442,6.17994,918.186,432.676,-0.319728,-0.453256,6.22814,881.623,428.89,-0.223393,-0.82346,6.08591,903.958,333.421,-0.214351,-0.986155,6.03529,905.775,290.531,-0.104089,-0.0370194,6.20742,934.399,530.895,-0.414958,-0.068489,6.3044,859.508,523.414,-0.0429663,0.338319,6.31184,949.607,621.835,-0.33089,0.250098,6.5223,882.545,598.544,0.0444678,0.426628,6.18082,970.984,645.383,-0.477732,0.339516,6.49032,847.62,619.866,-0.194841,-1.08467,5.8495,909.145,256.896,-0.0382954,-0.907308,6.01977,950.287,309.885,-0.38309,-0.96343,6.13183,864.615,300.117,-0.0455463,-0.940987,5.99286,948.397,300.272,-0.390261,-0.991291,6.1039,862.385,292.051,0.0199741,-0.644098,6.0103,965.074,376.384,-0.437573,-0.766137,6.31015,854.128,354.632,0.0386238,-0.614958,6.01655,969.801,383.949,-0.441148,-0.754511,6.34546,853.857,358.46,-0.0136333,-0.660488,6.00133,956.532,371.97,-0.430257,-0.761494,6.27504,855.316,354.724,-0.185538,-0.539551,5.88896,911.898,400.118,-0.464238,-0.535283,6.19803,845.645,408.144,0.0219652,0.431529,6.14896,965.454,647.146,-0.479197,0.351315,6.45298,846.624,623.12,0.0669704,0.421727,6.21269,976.458,643.638,-0.476268,0.327717,6.52766,848.606,616.65,-0.0476553,0.377505,6.35303,948.548,630.722,-0.297613,0.281318,6.56037,890.739,605.469,0.0444678,0.426628,6.18082,970.984,645.383,-0.477732,0.339516,6.49032,847.62,619.866
22,0.734067,1,1142.83,530.998,0.543709,0.0248444,3.9848,1168.32,549.519,0.492525,0.0433147,3.93099,1151.29,556.823,0.594893,0.00637412,4.03861,1184.89,542.41,0.423095,-0.343955,4.02754,1120.39,409.614,0.371403,-0.502012,4.04586,1100.15,350.56,0.600821,0.427166,3.98693,1190.08,703.579,0.433539,0.312482,4.24468,1115.94,652.396,0.875333,0.659266,3.85625,1306.56,801.014,0.478396,0.693946,4.22838,1132.74,790.565,0.860726,0.832514,3.89827,1297.1,866.053,0.386935,0.708934,4.37155,1095.14,787.594,0.279353,-0.601978,4.19014,1061.79,320.658,0.227609,-0.431491,3.94765,1048.03,373.121,0.549104,-0.484275,4.05493,1166.75,357.662,0.214093,-0.461089,3.97129,1042.31,362.735,0.536865,-0.521025,4.07568,1161.11,344.823,0.230807,-0.178976,3.85805,1051.34,469.174,0.744386,-0.299355,4.06221,1239.77,427.489,0.230565,-0.153412,3.83692,1051.74,478.956,0.760745,-0.271121,4.0518,1246.66,437.839,0.240928,-0.192818,3.89147,1054.52,464.351,0.734474,-0.322686,4.08662,1234.4,419.445,0.286549,-0.0637293,4.07108,1067.46,516.1,0.873938,-0.339995,4.26814,1272.62,418.381,0.866363,0.837526,3.9367,1296,864.814,0.348753,0.703934,4.36522,1081.98,786.204,0.855088,0.827502,3.85985,1298.23,867.316,0.425117,0.713935,4.37788,1108.26,788.979,0.919377,0.658296,3.82346,1327.12,802.866,0.500704,0.746457,4.21256,1141.47,810.538,0.860726,0.832514,3.89827,1297.1,866.053,0.386935,0.708934,4.37155,1095.14,787.594
22,0.734067,2,901.891,420.779,-0.250029,-0.447221,6.22488,898.676,430.312,-0.174786,-0.438187,6.20015,916.96,432.099,-0.325272,-0.456254,6.24961,880.537,428.539,-0.228417,-0.829367,6.11793,902.998,333.028,-0.219155,-0.993144,6.0721,904.896,290.286,-0.0960343,-0.0420005,6.22366,936.441,529.697,-0.400047,-0.0669052,6.33044,863.518,523.864,-0.0216805,0.331293,6.3332,954.773,619.865,-0.282981,0.241334,6.55156,894.055,596.24,0.0665478,0.420514,6.20308,976.379,643.5,-0.421443,0.342832,6.52178,861.34,620.257,-0.201675,-1.09321,5.88902,907.715,256.58,-0.0437297,-0.913233,6.0497,948.964,309.529,-0.38445,-0.966632,6.1736,864.924,300.948,-0.0512682,-0.947747,6.02419,947.007,299.806,-0.392489,-0.995701,6.14696,862.515,292.692,0.0136605,-0.647557,6.03664,963.455,376.224,-0.433652,-0.760084,6.34526,855.657,357.114,0.0339317,-0.618844,6.04331,968.572,383.658,-0.436125,-0.74678,6.38007,855.635,361.295,-0.0203114,-0.662508,6.02766,954.855,372.192,-0.4276,-0.757021,6.30976,856.535,356.826,-0.184716,-0.52582,5.91675,912.336,404.318,-0.466068,-0.533319,6.2233,845.66,409.162,0.0437927,0.426449,6.1716,970.834,645.496,-0.422184,0.355207,6.48464,860.6,623.63,0.0893029,0.414578,6.23455,981.869,641.524,-0.420702,0.330457,6.55892,862.071,616.922,-0.0246067,0.369772,6.37517,954.107,628.555,-0.246412,0.269278,6.58962,902.909,602.389,0.0665478,0.420514,6.20308,976.379,643.5,-0.421443,0.342832,6.52178,861.34,620.257
23,0.767433,1,1125.59,531.097,0.512436,0.0260248,4.04174,1153.57,549.831,0.459873,0.0440952,3.99032,1135.95,556.871,0.564999,0.00795448,4.09317,1170.74,542.967,0.39025,-0.348952,4.08363,1105.9,409.537,0.337884,-0.509656,4.10157,1085.77,350.288,0.529385,0.434829,4.09731,1157.26,702.028,0.408628,0.320028,4.31022,1104.74,653.359,0.818878,0.628915,3.94234,1277.13,783.561,0.48876,0.693582,4.26651,1134.9,788.195,0.859398,0.806627,3.95032,1292.15,851.752,0.396654,0.714856,4.40693,1097.42,787.658,0.245983,-0.616746,4.24388,1048.49,318.123,0.191289,-0.436367,4.0066,1032.89,373.718,0.517303,-0.491453,4.11444,1151.96,357.636,0.179331,-0.46656,4.03022,1027.94,363.255,0.504014,-0.528329,4.13374,1146.15,344.867,0.191617,-0.18641,3.90724,1034.87,467.16,0.698541,-0.295195,4.14419,1217.35,431.248,0.190881,-0.161433,3.88552,1035,476.567,0.714277,-0.26651,4.13992,1223.42,441.714,0.203076,-0.199478,3.94059,1038.68,462.714,0.686976,-0.321813,4.16442,1211.86,422.017,0.259414,-0.0662362,4.11671,1056.21,515.435,0.798501,-0.370718,4.35961,1239.64,410.173,0.870029,0.816288,3.98676,1293.18,852.603,0.358427,0.711288,4.39986,1084.37,786.817,0.848767,0.796965,3.91388,1291.09,850.886,0.434881,0.718425,4.41399,1110.42,788.496,0.856749,0.613025,3.90925,1294.6,779.416,0.515031,0.744029,4.24919,1145.05,807.333,0.859398,0.806627,3.95032,1292.15,851.752,0.396654,0.714856,4.40693,1097.42,787.658
23,0.767433,2,901.822,421.17,-0.260001,-0.447501,6.24564,896.442,430.608,-0.184008,-0.437517,6.21953,914.83,432.599,-0.335994,-0.457485,6.27176,878.208,428.633,-0.237841,-0.829524,6.14195,900.878,333.799,-0.228344,-0.993248,6.09751,902.825,291.301,-0.0897822,-0.0440525,6.21792,937.955,529.183,-0.377435,-0.0659253,6.36481,869.463,524.186,6.64294e-05,0.322639,6.33609,960.016,617.744,-0.244606,0.242262,6.57673,903.216,596.24,0.0841824,0.413186,6.20409,980.716,641.68,-0.386188,0.336805,6.54396,869.9,618.579,-0.212224,-1.09468,5.91616,905.233,257.501,-0.0562936,-0.91299,6.0702,945.841,310.368,-0.387521,-0.96689,6.2039,864.633,302.053,-0.0631817,-0.947492,6.04502,944.043,300.698,-0.397388,-0.996484,6.17839,861.801,293.757,0.00531182,-0.647609,6.06173,961.338,376.888,-0.431226,-0.753948,6.36877,856.624,359.26,0.0275385,-0.62016,6.06949,966.927,384.001,-0.432356,-0.739348,6.40302,856.908,363.708,-0.0291824,-0.660185,6.05267,952.639,373.472,-0.426858,-0.752124,6.33306,857.094,358.68,-0.184234,-0.503118,5.9501,912.727,410.903,-0.472956,-0.530887,6.23977,844.277,410.102,0.0600558,0.419912,6.17385,974.851,643.842,-0.387369,0.34829,6.50658,869.105,621.725,0.108309,0.406459,6.23432,986.524,639.54,-0.385007,0.325319,6.58135,870.685,615.468,0.000182629,0.3598,6.3791,960.044,626.114,-0.20815,0.272264,6.61356,911.948,602.853,0.0841824,0.413186,6.20409,980.716,641.68,-0.386188,0.336805,6.54396,869.9,618.579
24,0.8008,1,1111.12,531.709,0.478577,0.0249584,4.07873,1139.14,549.342,0.421979,0.0435761,4.03051,1119.85,556.507,0.535174,0.00634074,4.12696,1157.99,542.346,0.357324,-0.347788,4.12143,1092.37,411.164,0.305359,-0.507537,4.13972,1072.62,352.817,0.456542,0.431313,4.14381,1128.21,698.914,0.402806,0.327109,4.33662,1101.81,655.162,0.715111,0.565178,3.9024,1239.78,761.118,0.499623,0.689845,4.26894,1138.69,786.718,0.754744,0.739032,3.87662,1257.25,831.058,0.415007,0.712478,4.41218,1103.61,786.54,0.21016,-0.616515,4.27859,1034.99,320.005,0.160836,-0.433345,4.0443,1020.72,376.409,0.484644,-0.48723,4.15375,1138.14,360.914,0.147744,-0.463196,4.06744,1015.46,366.135,0.471509,-0.524826,4.17278,1132.52,347.975,0.165553,-0.190511,3.92778,1024.35,465.947,0.658259,-0.291149,4.21244,1198.58,434.476,0.166011,-0.166754,3.90521,1024.9,474.807,0.675492,-0.264311,4.21353,1204.76,444.228,0.175745,-0.202219,3.96209,1027.72,462.077,0.642138,-0.318413,4.22827,1191.86,425.027,0.228509,-0.0660715,4.13408,1044.39,515.599,0.707354,-0.398319,4.43017,1203.77,402.729,0.771821,0.753328,3.90881,1261.47,834.245,0.376486,0.709494,4.4068,1090.44,785.807,0.737666,0.724737,3.84443,1252.95,827.818,0.453529,0.715462,4.41756,1116.74,787.271,0.745067,0.542365,3.86481,1254.33,754.256,0.526586,0.739264,4.24973,1149.18,805.587,0.754744,0.739032,3.87662,1257.25,831.058,0.415007,0.712478,4.41218,1103.61,786.54
24,0.8008,2,902.094,420.338,-0.266613,-0.454473,6.26464,895.024,429.241,-0.191565,-0.443321,6.23647,913.103,431.47,-0.341661,-0.465624,6.2928,877.107,427.031,-0.244025,-0.834171,6.16404,899.558,333.386,-0.234344,-0.996899,6.12092,901.547,291.342,-0.0833328,-0.0536207,6.18572,939.432,526.765,-0.355613,-0.0679846,6.38137,874.919,523.735,0.0269034,0.308993,6.29954,966.52,614.888,-0.215962,0.243177,6.5856,909.933,596.376,0.108743,0.40209,6.16735,986.92,639.539,-0.359981,0.327973,6.54414,876.016,616.516,-0.222795,-1.09519,5.93964,902.732,258.488,-0.0650149,-0.91434,6.0866,943.692,310.649,-0.390624,-0.970022,6.2326,864.312,302.381,-0.0723998,-0.94864,6.06191,941.765,301.075,-0.400635,-1.00024,6.20731,861.46,293.981,-0.00351974,-0.646695,6.08972,959.118,377.867,-0.434609,-0.747589,6.3868,856.107,361.29,0.020017,-0.62076,6.09988,965.01,384.629,-0.435709,-0.731557,6.42024,856.387,366.033,-0.0377395,-0.656898,6.07938,950.522,375.029,-0.430578,-0.747179,6.35134,856.496,360.391,-0.178436,-0.477895,5.98633,914.492,418.118,-0.479891,-0.528187,6.25064,842.784,410.987,0.083783,0.409544,6.13806,980.84,641.868,-0.36037,0.337935,6.50637,875.437,619.298,0.133702,0.394636,6.19665,992.942,637.232,-0.359593,0.318011,6.58192,876.588,613.766,0.0298014,0.344875,6.34305,967.173,623.011,-0.181494,0.275974,6.6222,918.156,603.626,0.108743,0.40209,6.16735,986.92,639.539,-0.359981,0.327973,6.54414,876.016,616.516
25,0.834167,1,1095.14,530.253,0.447291,0.0250196,4.13359,1125.21,549.241,0.390089,0.0432096,4.08589,1105.76,556.146,0.504493,0.00682956,4.18129,1144.21,542.494,0.326288,-0.351403,4.17259,1079.39,411.422,0.27443,-0.512726,4.18931,1060.01,353.142,0.36981,0.409631,4.26349,1092.43,686.689,0.384821,0.338014,4.38674,1093.93,657.642,0.62975,0.53778,4.01666,1199.37,744.413,0.518952,0.685171,4.29253,1144.58,783.699,0.65576,0.713162,3.99339,1210.71,812.656,0.440858,0.719778,4.43631,1111.72,787.711,0.176884,-0.631892,4.32605,1022.43,316.992,0.13341,-0.438755,4.08758,1009.83,376.121,0.454384,-0.49001,4.21304,1124.66,362.426,0.119612,-0.468387,4.11046,1004.43,366.026,0.440278,-0.527651,4.23121,1118.87,349.607,0.14394,-0.196959,3.96577,1015.41,464.174,0.607548,-0.284881,4.29494,1175.97,438.732,0.145676,-0.173436,3.94294,1016.41,472.844,0.623118,-0.259042,4.30092,1181.2,448.045,0.152402,-0.208291,4.00086,1018.16,460.515,0.588894,-0.312872,4.3061,1168.8,429.069,0.197755,-0.0698535,4.17508,1032.32,514.456,0.603005,-0.410522,4.51061,1164.11,401.046,0.67239,0.72808,4.02554,1215.02,816.136,0.402098,0.719043,4.4319,1098.52,787.704,0.63913,0.698243,3.96124,1206.34,809.119,0.479617,0.720512,4.44072,1124.9,787.717,0.660805,0.516302,3.97793,1213.62,738.16,0.549868,0.731238,4.27018,1156.6,801.446,0.65576,0.713162,3.99339,1210.71,812.656,0.440858,0.719778,4.43631,1111.72,787.711
25,0.834167,2,902.467,419.453,-0.270291,-0.461181,6.28128,894.302,427.904,-0.197647,-0.449214,6.24955,911.715,430.258,-0.342936,-0.473148,6.31301,877.064,425.573,-0.248,-0.838589,6.18134,898.745,332.873,-0.238447,-1.00034,6.13851,900.694,291.199,-0.0819449,-0.0605699,6.19292,939.798,525.068,-0.335904,-0.0753441,6.40966,879.989,522.053,0.0505391,0.296577,6.30242,972.243,611.845,-0.187115,0.237647,6.60631,916.757,594.921,0.135068,0.390925,6.17186,993.412,636.704,-0.333752,0.317976,6.56654,882.401,613.931,-0.229866,-1.09598,5.95555,901.072,259.035,-0.0707162,-0.914004,6.10017,942.301,311.243,-0.393566,-0.972949,6.2551,863.938,302.521,-0.0778245,-0.94823,6.07563,940.443,301.718,-0.40365,-1.00375,6.22996,861.079,294.016,-0.0125548,-0.646355,6.114,956.865,378.596,-0.44022,-0.749117,6.40429,855.053,361.414,0.0126704,-0.62241,6.12728,963.157,384.912,-0.441588,-0.73328,6.43812,855.281,366.108,-0.0461866,-0.653769,6.10198,948.444,376.423,-0.436013,-0.748495,6.36897,855.48,360.572,-0.163975,-0.452124,6.01985,918.413,425.332,-0.486795,-0.527814,6.27243,841.511,411.526,0.110056,0.400099,6.1431,987.352,639.437,-0.335111,0.327552,6.52868,881.633,616.599,0.16008,0.381752,6.20062,999.416,633.997,-0.332394,0.308401,6.60439,883.16,611.294,0.0559571,0.331041,6.3465,973.461,619.637,-0.152442,0.271643,6.64181,924.958,602.443,0.135068,0.390925,6.17186,993.412,636.704,-0.333752,0.317976,6.56654,882.401,613.931
26,0.867533,1,1080.93,526.627,0.414418,0.0162346,4.17114,1111.69,545.942,0.353096,0.0342746,4.12439,1090.71,552.688,0.475739,-0.00180542,4.21788,1132.2,539.346,0.293867,-0.36099,4.2042,1066.72,408.907,0.242203,-0.522657,4.21837,1047.66,350.835,0.284379,0.383232,4.33253,1060.21,675.049,0.380377,0.346682,4.41606,1091.51,659.858,0.513613,0.505564,4.05621,1153.32,730.294,0.538322,0.666563,4.27983,1152.04,777.784,0.515534,0.680341,4.05376,1154.16,796.235,0.455355,0.719326,4.41367,1117.51,788.825,0.148633,-0.646111,4.35118,1012.15,313.291,0.111102,-0.450232,4.10871,1001.28,372.698,0.417128,-0.501347,4.25527,1109.66,360.121,0.0947521,-0.479441,4.13067,995.022,362.792,0.402305,-0.538507,4.27262,1103.76,347.573,0.130848,-0.217019,3.97459,1010.26,456.637,0.544891,-0.288388,4.35274,1151.12,438.846,0.134694,-0.194933,3.95143,1012.04,464.682,0.557995,-0.26429,4.36237,1155.29,447.503,0.135723,-0.226419,4.01057,1011.67,453.806,0.524042,-0.315591,4.35895,1143.55,429.462,0.161414,-0.0825453,4.18066,1018.95,509.855,0.479563,-0.421182,4.55084,1120.89,398.699,0.533237,0.693516,4.08601,1159.25,799.135,0.416927,0.71858,4.40741,1104.43,788.921,0.497831,0.667166,4.02151,1149,793.288,0.493784,0.720072,4.41994,1130.56,788.73,0.542848,0.489462,4.01174,1166.59,726.275,0.572406,0.707936,4.25369,1165.45,794.096,0.515534,0.680341,4.05376,1154.16,796.235,0.455355,0.719326,4.41367,1117.51,788.825
26,0.867533,2,902.16,418.36,-0.272062,-0.464927,6.27986,893.857,426.967,-0.202685,-0.453348,6.24506,910.449,429.168,-0.341439,-0.476507,6.31466,877.447,424.79,-0.252647,-0.84268,6.1835,897.62,331.936,-0.244326,-1.00457,6.1422,899.268,290.295,-0.0941198,-0.0676426,6.16666,936.698,523.253,-0.314288,-0.0815134,6.41438,885.193,520.598,0.0615707,0.281159,6.26565,975.003,608.51,-0.162236,0.231255,6.60568,922.503,593.449,0.147674,0.372715,6.13363,996.758,632.775,-0.308496,0.309039,6.56104,888.213,611.913,-0.236259,-1.09803,5.95987,899.477,258.715,-0.0810569,-0.915934,6.09878,939.708,310.707,-0.395899,-0.977532,6.26148,863.467,301.646,-0.0873713,-0.950496,6.07452,938.04,301.105,-0.407029,-1.0087,6.23713,860.366,293.087,-0.0263395,-0.64596,6.1072,953.415,378.515,-0.444623,-0.749859,6.40407,854,361.231,0.00119489,-0.624771,6.12268,960.298,384.207,-0.446558,-0.733931,6.43801,854.1,365.951,-0.0587015,-0.649848,6.09442,945.294,377.202,-0.43973,-0.749338,6.36907,854.591,360.373,-0.140276,-0.423524,6.02166,924.434,432.618,-0.487548,-0.526198,6.27405,841.358,411.953,0.122318,0.383568,6.10581,990.586,635.911,-0.309178,0.317808,6.523,887.635,614.385,0.173029,0.361863,6.16145,1002.88,629.667,-0.307815,0.300269,6.59908,888.784,609.47,0.0709595,0.314339,6.3095,977.171,616.063,-0.128523,0.266136,6.64105,930.453,601.184,0.147674,0.372715,6.13363,996.758,632.775,-0.308496,0.309039,6.56104,888.213,611.913
27,0.9009,1,1067,517.091,0.37816,-0.00720957,4.22432,1096.67,537.394,0.314049,0.0096761,4.17782,1074.77,543.536,0.442271,-0.0240952,4.27083,1118.1,531.386,0.260529,-0.385371,4.25433,1053.5,401.702,0.210116,-0.54744,4.26719,1035.18,344.132,0.198502,0.325874,4.4153,1028.64,652.683,0.389254,0.346233,4.44339,1093.75,658.966,0.426449,0.498955,4.16593,1116.29,722.86,0.548088,0.652924,4.28149,1155.44,772.829,0.390641,0.665274,4.19489,1102.18,782.13,0.481241,0.713235,4.42124,1126.18,786.296,0.1098,-0.66643,4.39658,998.129,308.576,0.0882834,-0.481052,4.14805,992.494,362.942,0.379826,-0.528915,4.31906,1094.27,353.032,0.0704668,-0.509709,4.16911,985.805,353.341,0.36314,-0.564913,4.33575,1087.87,341.077,0.11567,-0.251207,4.0127,1004.01,444.421,0.48381,-0.309657,4.42476,1126.94,433.154,0.120925,-0.229582,3.9896,1006.28,452.143,0.494151,-0.285716,4.43569,1130.09,441.657,0.117466,-0.259705,4.04897,1004.29,442.072,0.458881,-0.333393,4.42441,1118.35,424.954,0.122721,-0.11252,4.21662,1004.43,499.259,0.316475,-0.402034,4.57985,1065.5,405.977,0.404399,0.675898,4.22989,1105.97,783.961,0.442373,0.713519,4.41883,1112.84,786.528,0.376883,0.654651,4.15989,1098.32,780.268,0.520109,0.71295,4.42365,1139.51,786.064,0.460918,0.495806,4.12107,1130.76,723.684,0.580932,0.692022,4.25076,1168.65,788.555,0.390641,0.665274,4.19489,1102.18,782.13,0.481241,0.713235,4.42124,1126.18,786.296
27,0.9009,2,901.889,415.299,-0.269992,-0.483872,6.3312,894.892,423.315,-0.202864,-0.470954,6.29074,910.765,425.7,-0.337121,-0.49679,6.37166,879.22,420.961,-0.255557,-0.859365,6.23003,897.372,329.401,-0.24937,-1.02029,6.18668,898.46,288.212,-0.119355,-0.0837156,6.18603,930.542,519.338,-0.29795,-0.0988128,6.46094,889.593,516.65,0.0589968,0.252332,6.30202,974.293,601.131,-0.131233,0.219952,6.63569,929.806,590.607,0.125026,0.357518,6.16852,990.945,628.488,-0.274114,0.30371,6.58869,896.481,610.377,-0.244279,-1.10992,6.0024,897.866,257.683,-0.0890995,-0.927596,6.13848,937.839,309.29,-0.399487,-0.992812,6.31197,863.371,299.856,-0.0949637,-0.961812,6.11425,936.287,299.831,-0.410589,-1.02471,6.2876,860.301,291.181,-0.0438964,-0.651998,6.15678,949.115,378.318,-0.457866,-0.756889,6.44214,851.488,360.621,-0.01715,-0.634152,6.17849,955.762,383.296,-0.462036,-0.739295,6.47523,851.059,365.686,-0.0725454,-0.652548,6.13996,941.961,377.738,-0.450725,-0.758024,6.40748,852.603,359.38,-0.10989,-0.405843,6.08273,932.418,438.134,-0.493161,-0.539109,6.29881,840.464,409.327,0.0956605,0.371166,6.14645,983.762,632.196,-0.274601,0.311394,6.5504,895.997,612.579,0.154391,0.343871,6.19058,998.077,624.807,-0.273628,0.296027,6.62697,896.96,608.2,0.0761828,0.28039,6.34737,978.324,607.443,-0.0958674,0.254976,6.66946,938.054,598.368,0.125026,0.357518,6.16852,990.945,628.488,-0.274114,0.30371,6.58869,896.481,610.377
28,0.934267,1,1052.82,504.777,0.336072,-0.0422276,4.29282,1079.52,524.982,0.271021,-0.0270426,4.24581,1057.46,530.276,0.401122,-0.0574126,4.33984,1101.11,519.802,0.221849,-0.421694,4.32325,1038.35,391.079,0.172896,-0.584322,4.33629,1020.87,334.268,0.123134,0.270124,4.49194,1001.85,631.812,0.401238,0.329836,4.48406,1096.62,652.304,0.327549,0.519305,4.28177,1076.79,725.169,0.567876,0.645989,4.33773,1159.88,767.369,0.254347,0.672373,4.32204,1049.85,777.515,0.504228,0.708233,4.48089,1131.8,781.313,0.0677112,-0.704746,4.46173,983.17,298.844,0.0665533,-0.519522,4.20481,984.165,351.363,0.333994,-0.568259,4.40631,1075.73,343.103,0.04523,-0.547802,4.22389,976.349,341.993,0.315568,-0.603707,4.42167,1068.96,331.547,0.104793,-0.294346,4.06817,999.328,429.534,0.427969,-0.350965,4.5241,1104.43,421.559,0.112507,-0.273915,4.0441,1002.47,436.59,0.442432,-0.325359,4.53365,1108.99,430.432,0.101974,-0.300604,4.10468,997.93,428.189,0.399785,-0.371381,4.52305,1094.95,414.64,0.0802889,-0.140554,4.25713,988.794,489.593,0.240336,-0.38089,4.67621,1038.47,415.642,0.263088,0.682134,4.3589,1052.15,778.925,0.465305,0.70962,4.47904,1118.61,781.885,0.245605,0.662611,4.28518,1047.51,776.08,0.54315,0.706845,4.48273,1144.99,780.742,0.365483,0.529038,4.24035,1091.59,730.482,0.60129,0.685495,4.30811,1173.09,782.933,0.254347,0.672373,4.32204,1049.85,777.515,0.504228,0.708233,4.48089,1131.8,781.313
28,0.934267,2,901.984,412.474,-0.26309,-0.496672,6.34844,896.729,420.554,-0.198046,-0.485289,6.30473,912.041,422.482,-0.328134,-0.508055,6.39214,881.626,418.652,-0.255425,-0.872885,6.25096,897.614,326.804,-0.25214,-1.03412,6.20919,898.002,285.724,-0.153186,-0.0961262,6.1828,922.173,516.263,-0.272188,-0.113826,6.49105,895.979,513.227,0.0313851,0.231889,6.31653,967.586,596.049,-0.103372,0.203442,6.66906,936.335,586.574,0.0637271,0.342986,6.17842,975.748,624.756,-0.242005,0.290799,6.61572,904.151,607.11,-0.249321,-1.12166,6.02437,896.815,255.738,-0.092472,-0.943159,6.16492,937.099,306.425,-0.402457,-1.0048,6.33373,862.987,297.792,-0.0971969,-0.97757,6.14056,935.834,296.943,-0.413601,-1.03718,6.3096,859.92,289.031,-0.0556628,-0.667386,6.18121,946.251,375.156,-0.461119,-0.765272,6.4526,850.894,358.929,-0.0340604,-0.652569,6.20972,951.626,379.556,-0.465061,-0.746999,6.4852,850.515,364.141,-0.0777241,-0.665341,6.15962,940.735,375.085,-0.454234,-0.767193,6.41827,851.948,357.503,-0.0711247,-0.409635,6.11898,942.254,437.791,-0.497617,-0.549435,6.30721,839.544,407.001,0.0298964,0.355822,6.16347,967.406,628.141,-0.240847,0.297943,6.57738,904.094,609.159,0.0975579,0.33015,6.19337,984.049,621.387,-0.243163,0.283655,6.65406,904.207,605.084,0.0561796,0.258401,6.36047,973.485,602.026,-0.0687118,0.238112,6.70389,944.351,594.228,0.0637271,0.342986,6.17842,975.748,624.756,-0.242005,0.290799,6.61572,904.151,607.11
29,0.967633,1,1038.28,492.171,0.291154,-0.0759429,4.32531,1062.77,513.194,0.225467,-0.0617612,4.27655,1040.49,517.951,0.356841,-0.0901247,4.37407,1084.55,508.542,0.180014,-0.455977,4.3463,1023.23,379.826,0.132383,-0.618849,4.35529,1006.41,323.062,0.0556178,0.218112,4.5265,978.759,613.568,0.396417,0.300634,4.49814,1094.55,642.041,0.212278,0.528174,4.36656,1034.22,724.674,0.570518,0.605434,4.34553,1160.45,752.712,0.110865,0.65817,4.4233,998.267,767.175,0.525967,0.705208,4.47822,1139.32,780.425,0.0228214,-0.733082,4.47498,967.786,289.89,0.0395151,-0.553313,4.21583,974.31,339.619,0.282518,-0.607737,4.44609,1057.01,331.307,0.0155532,-0.581414,4.23246,965.61,330.27,0.262603,-0.641862,4.45975,1049.9,320.265,0.08709,-0.341643,4.07012,992.669,411.845,0.36382,-0.383705,4.55783,1081.87,411.469,0.0967139,-0.321844,4.04725,996.484,418.59,0.385129,-0.357928,4.56428,1088.83,420.273,0.0805874,-0.347243,4.10638,989.962,410.895,0.332306,-0.398203,4.55576,1071.36,406.552,0.0380062,-0.193616,4.25554,973.635,470.537,0.172636,-0.315993,4.68502,1016.26,437.024,0.116508,0.664056,4.46161,999.869,767.239,0.487311,0.710686,4.47869,1126.12,782.268,0.105223,0.652283,4.38498,996.636,767.111,0.564623,0.699729,4.47775,1152.52,778.583,0.249122,0.55054,4.32891,1047.86,734.169,0.604794,0.636116,4.3088,1174.3,765.397,0.110865,0.65817,4.4233,998.267,767.175,0.525967,0.705208,4.47822,1139.32,780.425
29,0.967633,2,901.584,408.475,-0.264855,-0.521274,6.41829,896.998,416.002,-0.20117,-0.508698,6.37283,911.805,418.13,-0.328539,-0.53385,6.46375,882.398,413.903,-0.257692,-0.896726,6.31654,897.714,323.255,-0.254622,-1.05763,6.27294,898.028,282.585,-0.186313,-0.112763,6.25632,914.533,512.482,-0.252749,-0.140458,6.56403,901.212,507.33,-0.0174458,0.212208,6.42052,955.852,590.461,-0.0894394,0.18896,6.72757,939.703,582.883,-0.00613134,0.335917,6.29172,958.512,621.514,-0.217673,0.285132,6.66133,910.11,605.351,-0.25508,-1.14547,6.08708,896.021,252.694,-0.0949052,-0.962775,6.23094,936.746,304.093,-0.407285,-1.0271,6.39816,862.812,294.91,-0.0985881,-0.997168,6.2063,935.747,294.696,-0.417833,-1.05997,6.3737,859.912,286.095,-0.0575877,-0.687633,6.26324,945.962,372.379,-0.469661,-0.782647,6.50681,849.799,356.36,-0.0434654,-0.676166,6.29735,949.462,376.068,-0.474609,-0.76364,6.53908,849.188,361.704,-0.0727477,-0.683085,6.23802,942.195,372.815,-0.461883,-0.785388,6.47285,851.056,354.75,-0.0396041,-0.427665,6.22756,950.291,435.153,-0.503849,-0.571358,6.35949,839.038,402.831,-0.0420408,0.347224,6.28094,949.781,624.402,-0.213567,0.290656,6.62292,910.767,607.004,0.0297782,0.32461,6.30249,967.214,618.636,-0.221779,0.279608,6.69975,909.46,603.718,0.00861919,0.236596,6.46571,962.035,595.868,-0.0550742,0.22355,6.76256,947.566,590.47,-0.00613134,0.335917,6.29172,958.512,621.514,-0.217673,0.285132,6.66133,910.11,605.351
30,1.001,1,1024.53,482.245,0.248824,-0.103803,4.36399,1047.05,503.684,0.184438,-0.0899075,4.31327,1025.28,508.176,0.313209,-0.117698,4.4147,1068.32,499.296,0.140719,-0.486139,4.37658,1009.09,370.412,0.0943884,-0.649997,4.38198,992.886,313.53,0.00896379,0.184009,4.56837,962.996,601.496,0.374882,0.271031,4.54113,1086.04,631.122,0.109505,0.545026,4.49296,997.211,725.206,0.557639,0.564372,4.37868,1154.44,736.785,-0.0104234,0.647508,4.56947,956.517,756.346,0.543571,0.696994,4.49105,1144.79,776.946,-0.0157885,-0.761885,4.5017,954.645,281.606,0.0141969,-0.582882,4.23472,965.118,329.852,0.233563,-0.636812,4.49136,1039.4,323.528,-0.0114992,-0.611503,4.24908,955.868,320.278,0.212502,-0.671365,4.50209,1032.06,312.326,0.066089,-0.365274,4.09951,984.613,403.963,0.276949,-0.407586,4.61901,1051.54,405.278,0.07725,-0.344885,4.07741,988.926,410.861,0.302184,-0.382256,4.62686,1059.71,413.864,0.0554379,-0.370955,4.13477,980.47,403.026,0.245326,-0.419071,4.61474,1041.16,401.353,-0.0168896,-0.213086,4.27607,953.97,463.919,0.099259,-0.29301,4.74166,991.96,445.655,-0.00606468,0.647399,4.60841,957.991,754.482,0.506195,0.707701,4.49466,1131.95,780.393,-0.0147822,0.647617,4.53054,955.019,758.241,0.580948,0.686286,4.48744,1157.65,773.494,0.142867,0.579791,4.4623,1008.88,738.373,0.589885,0.583876,4.33454,1167.77,745.658,-0.0104234,0.647508,4.56947,956.517,756.346,0.543571,0.696994,4.49105,1144.79,776.946
30,1.001,2,902.514,403.993,-0.247942,-0.540882,6.42499,901.082,411.472,-0.187034,-0.530209,6.37776,915.226,413.075,-0.308851,-0.551556,6.47222,887.144,409.892,-0.250905,-0.91031,6.31801,899.368,320.023,-0.252175,-1.06864,6.27217,898.616,279.875,-0.218805,-0.140628,6.23838,906.451,505.583,-0.236203,-0.159012,6.58554,905.24,503.136,-0.0633741,0.203857,6.38158,944.838,588.772,-0.0665442,0.162972,6.76173,944.975,576.798,-0.0817234,0.321494,6.25001,940.037,618.535,-0.182491,0.281432,6.70699,918.458,604.064,-0.254772,-1.15472,6.08612,896.088,250.329,-0.0899824,-0.978902,6.23722,937.974,300.383,-0.40606,-1.03914,6.39436,863.047,291.888,-0.0945184,-1.01283,6.21155,936.768,291.053,-0.416082,-1.0713,6.3683,860.247,283.163,-0.0408648,-0.707235,6.28085,950.067,368.085,-0.467811,-0.795649,6.5052,850.206,353.263,-0.0286332,-0.696989,6.31534,953.078,371.501,-0.472051,-0.776572,6.53664,849.744,358.617,-0.0538762,-0.701493,6.25501,946.85,368.776,-0.46123,-0.798499,6.47139,851.185,351.615,-0.00843512,-0.447797,6.24961,957.939,430.605,-0.50995,-0.587045,6.3555,837.497,398.977,-0.119492,0.329353,6.244,930.782,620.532,-0.178493,0.289157,6.66906,919.137,606.197,-0.0439545,0.313636,6.25601,949.273,616.542,-0.186489,0.273707,6.74491,917.787,601.955,-0.0338607,0.232465,6.42266,951.951,595.26,-0.0291771,0.1912,6.79854,953.448,582.938,-0.0817234,0.321494,6.25001,940.037,618.535,-0.182491,0.281432,6.70699,918.458,604.064
31,1.03437,1,1010.77,475.479,0.209412,-0.127601,4.39253,1032.79,495.649,0.147307,-0.115493,4.33913,1011.83,499.363,0.271518,-0.139708,4.44593,1053.24,492.024,0.103642,-0.509029,4.40061,995.958,363.397,0.0583115,-0.672499,4.40407,980.215,306.866,-0.0252846,0.177384,4.5736,951.56,599.214,0.325263,0.250778,4.5691,1068.69,623.797,0.0291262,0.554335,4.57115,969.728,725.147,0.522896,0.516445,4.38343,1142.13,719.878,-0.107603,0.625425,4.65391,924.7,745.176,0.541899,0.676418,4.45437,1145.74,771.845,-0.0539702,-0.77796,4.52281,941.781,277.386,-0.0128981,-0.607799,4.25315,955.37,321.818,0.189288,-0.661394,4.52128,1023.92,316.659,-0.0398257,-0.636392,4.26575,945.746,312.229,0.167913,-0.69581,4.53101,1016.58,305.543,0.0353667,-0.386287,4.12411,973.093,396.996,0.235475,-0.434987,4.65246,1037.27,397.254,0.0469096,-0.365511,4.10182,977.46,403.952,0.26373,-0.41178,4.66062,1046.39,405.107,0.0234231,-0.392268,4.15888,968.599,395.996,0.203373,-0.443488,4.64768,1026.81,394.315,-0.0598195,-0.235602,4.29085,938.715,456.169,0.0772947,-0.299443,4.77417,984.718,444.24,-0.105452,0.619591,4.69264,925.691,741.584,0.507112,0.693987,4.45745,1133.69,777.702,-0.109754,0.63126,4.61519,923.692,748.828,0.576687,0.658849,4.45129,1157.8,765.979,0.059402,0.598138,4.54968,979.934,740.719,0.552682,0.519529,4.33469,1154.66,722.987,-0.107603,0.625425,4.65391,924.7,745.176,0.541899,0.676418,4.45437,1145.74,771.845
31,1.03437,2,904.78,401.215,-0.225838,-0.541586,6.35924,905.78,409.974,-0.165988,-0.532387,6.31179,919.849,411.221,-0.285687,-0.550784,6.40669,891.919,408.745,-0.240709,-0.911589,6.26153,901.308,317.727,-0.247082,-1.07016,6.21965,899.348,277.305,-0.228555,-0.147961,6.19742,903.695,503.549,-0.213001,-0.176429,6.54581,910.319,498.85,-0.120252,0.195645,6.33602,931.024,587.143,-0.0386114,0.0962887,6.75639,951.275,561.759,-0.133832,0.313458,6.20567,927.074,617.119,-0.140375,0.229967,6.71384,928.078,592.295,-0.250816,-1.15378,6.03686,896.567,248.203,-0.0832628,-0.993757,6.17997,939.43,294.493,-0.400811,-1.03621,6.33905,863.465,290.431,-0.0899963,-1.02619,6.15497,937.676,285.45,-0.410981,-1.06865,6.31371,860.618,281.584,-0.0226179,-0.732448,6.22662,954.454,360.405,-0.461791,-0.791449,6.43205,850.386,352.137,-0.00293301,-0.721697,6.257,959.284,363.9,-0.466408,-0.771908,6.46324,849.824,357.659,-0.042367,-0.727152,6.20334,949.573,361.035,-0.454671,-0.795154,6.3989,851.517,350.279,-0.0155102,-0.482404,6.17757,956.167,420.776,-0.500018,-0.589563,6.28535,838.542,396.791,-0.171279,0.320522,6.19712,917.803,618.965,-0.134256,0.241463,6.67716,929.302,595.211,-0.0963859,0.306394,6.21421,936.319,615.277,-0.146494,0.218471,6.75051,926.868,589.411,-0.0959432,0.224029,6.3791,937.037,593.619,-0.00116155,0.114855,6.79731,959.739,565.798,-0.133832,0.313458,6.20567,927.074,617.119,-0.140375,0.229967,6.71384,928.078,592.295
32,1.06773,1,997.673,471.789,0.181072,-0.141088,4.43939,1022.27,491.478,0.12413,-0.12994,4.38179,1003.25,494.725,0.238013,-0.152235,4.497,1040.81,488.315,0.0687227,-0.524676,4.43947,983.634,359.561,0.0205732,-0.689071,4.4395,967.075,303.027,-0.0488837,0.175182,4.5985,943.77,598.162,0.256188,0.237958,4.62896,1044.5,618.485,-0.0136772,0.554766,4.62297,955.483,723.214,0.477668,0.472119,4.42506,1124.81,702.892,-0.152065,0.623333,4.70819,910.689,742.132,0.49169,0.635482,4.48578,1127.35,756.289,-0.0971412,-0.797725,4.55189,927.418,272.434,-0.0419178,-0.619372,4.2858,945.067,319.357,0.14537,-0.682244,4.5623,1008.65,311.69,-0.0699711,-0.64853,4.29687,935.138,309.566,0.122562,-0.716637,4.57017,1000.94,300.593,0.0015364,-0.389328,4.17091,960.562,397.487,0.203107,-0.468744,4.7068,1025.88,387.953,0.0142877,-0.368353,4.14803,965.259,404.421,0.231416,-0.446676,4.71636,1034.91,395.405,-0.0124409,-0.395036,4.20463,955.483,396.558,0.170602,-0.476632,4.70212,1015.39,385.24,-0.107474,-0.230308,4.31976,922.015,458.601,0.0450639,-0.34743,4.84265,974.207,430.465,-0.150341,0.616138,4.74671,911.643,738.177,0.456943,0.653337,4.48429,1115.57,762.44,-0.153788,0.630528,4.66967,909.719,746.152,0.526437,0.617628,4.48727,1139.12,750.142,0.015892,0.599824,4.60448,965.269,738.89,0.511966,0.470233,4.37855,1138.52,703.965,-0.152065,0.623333,4.70819,910.689,742.132,0.49169,0.635482,4.48578,1127.35,756.289
32,1.06773,2,907.092,398.032,-0.205663,-0.561253,6.44095,911.25,406.961,-0.150371,-0.55191,6.38833,924.063,408.099,-0.260954,-0.570595,6.49356,898.645,405.843,-0.234411,-0.928608,6.33916,903.543,316.35,-0.246732,-1.08605,6.29554,900.164,276.619,-0.273723,-0.174001,6.29495,893.612,497.798,-0.165408,-0.194009,6.61928,921.848,495.251,-0.197691,0.176506,6.44744,913.187,581.797,-0.00269304,0.119428,6.78089,959.394,566.89,-0.274447,0.252966,6.31539,893.652,601.155,-0.127317,0.230193,6.73511,931.139,592.181,-0.251001,-1.16782,6.11265,897.308,248.315,-0.0839566,-1.02181,6.2594,939.522,290.767,-0.39972,-1.04857,6.41475,864.864,290.433,-0.0918308,-1.05259,6.2333,937.507,282.184,-0.410427,-1.08096,6.38852,861.915,281.669,-0.00542824,-0.77114,6.31593,958.688,353.592,-0.462945,-0.8035,6.50188,851.293,351.324,0.0136296,-0.755716,6.34287,963.281,358.096,-0.468468,-0.784263,6.53275,850.515,356.712,-0.0271542,-0.769605,6.29021,953.409,353.202,-0.455188,-0.807113,6.46948,852.579,349.527,-0.0263853,-0.547573,6.20919,953.512,405.359,-0.500352,-0.604842,6.36017,839.891,394.808,-0.313143,0.248202,6.31677,884.314,599.99,-0.126611,0.237513,6.69694,931.136,594.148,-0.235751,0.257729,6.31401,902.995,602.32,-0.128023,0.222873,6.77329,931.143,590.237,-0.173357,0.216687,6.48274,919.173,591.032,0.0353526,0.148642,6.81471,967.92,573.302,-0.274447,0.252966,6.31539,893.652,601.155,-0.127317,0.230193,6.73511,931.139,592.181
33,1.1011,1,985.284,472.128,0.151929,-0.146627,4.51442,1011.38,490.412,0.098471,-0.134691,4.45472,993.749,493.838,0.205388,-0.158562,4.57412,1028.55,487.075,0.0352617,-0.531077,4.50661,971.946,360.081,-0.0147387,-0.695842,4.50326,955.003,304.086,-0.0566525,0.191497,4.66034,941.44,602.736,0.178786,0.226649,4.72789,1017.73,613.191,0.0309457,0.564427,4.65009,970.16,725.317,0.40594,0.454868,4.52268,1097.04,693.553,-0.110067,0.622124,4.73303,924.495,740.681,0.406916,0.616722,4.58653,1095.45,745.293,-0.135375,-0.812932,4.60973,915.163,270.755,-0.0749039,-0.618585,4.34926,933.706,322.854,0.110665,-0.687703,4.62683,996.517,313.073,-0.10295,-0.64884,4.35909,923.942,312.747,0.0882231,-0.722174,4.63505,989.06,302.121,-0.0418695,-0.376704,4.24783,944.951,404.605,0.176891,-0.472588,4.77082,1016.61,388.763,-0.0287527,-0.354761,4.22448,949.609,411.787,0.206299,-0.450787,4.77929,1025.9,395.995,-0.0557143,-0.383305,4.28144,940.132,403.314,0.143896,-0.479909,4.76732,1006.08,386.307,-0.150148,-0.212546,4.39517,907.843,466.168,0.0261959,-0.345199,4.91369,968.139,432.742,-0.10847,0.614357,4.77146,925.292,736.58,0.371634,0.633081,4.58242,1083.82,750.928,-0.111663,0.629891,4.6946,923.686,744.85,0.442199,0.600363,4.59065,1107.07,739.668,0.0615623,0.610019,4.63124,980.295,741.101,0.443714,0.454194,4.47832,1111.27,694.844,-0.110067,0.622124,4.73303,924.495,740.681,0.406916,0.616722,4.58653,1095.45,745.293
33,1.1011,2,910.282,399.698,-0.179761,-0.53839,6.33503,916.677,410.247,-0.127773,-0.529459,6.28266,928.95,411.336,-0.231749,-0.54732,6.3874,904.606,409.176,-0.220696,-0.902721,6.2213,905.839,318.465,-0.23824,-1.05886,6.17256,901.072,278.095,-0.285909,-0.180532,6.11343,888.598,494.914,-0.113116,-0.169442,6.52353,933.527,500.344,-0.222155,0.204994,6.19887,905.284,590.489,0.0838819,0.125365,6.70778,979.092,568.534,-0.306544,0.274156,6.06472,882.83,609.017,-0.0300225,0.24668,6.66407,953.122,596.515,-0.245635,-1.14157,5.98968,897.388,249.017,-0.0776336,-1.00492,6.13378,940.676,289.865,-0.39018,-1.01993,6.29293,865.337,292.55,-0.0887689,-1.03461,6.10694,937.808,281.345,-0.401247,-1.05166,6.26504,862.218,283.716,0.0191209,-0.757689,6.17349,964.729,352.617,-0.454278,-0.771513,6.37313,851.173,355.175,0.0386529,-0.7377,6.194,969.528,358.165,-0.459981,-0.750359,6.40149,850.294,361.04,-0.00532681,-0.761098,6.14854,958.677,351.01,-0.446474,-0.777346,6.34115,852.503,352.839,-0.0317183,-0.57168,6.0153,951.95,394.901,-0.490458,-0.58713,6.21189,839.456,395.696,-0.344992,0.269095,6.0684,873.203,607.702,-0.028118,0.254561,6.6261,953.521,598.655,-0.268095,0.279218,6.06104,892.468,610.334,-0.031927,0.2388,6.70204,952.727,594.4,-0.196549,0.249289,6.22806,911.818,601.111,0.124281,0.150422,6.74374,988.137,574.055,-0.306544,0.274156,6.06472,882.83,609.017,-0.0300225,0.24668,6.66407,953.122,596.515
34,1.13447,1,973.172,474.741,0.118726,-0.142881,4.54281,999.902,491.98,0.066349,-0.13068,4.48434,982.589,495.508,0.171103,-0.155082,4.60127,1016.77,488.542,0.00145254,-0.523247,4.5324,960.489,363.743,-0.0488075,-0.686261,4.52794,943.543,308.603,-0.0636602,0.203794,4.69263,939.288,606.305,0.097355,0.209324,4.78547,991.06,606.782,0.0609879,0.562352,4.64798,980.033,724.72,0.302728,0.472467,4.60219,1060.43,696.738,-0.0764247,0.618904,4.73327,935.349,739.633,0.285206,0.609587,4.70465,1052.56,737.823,-0.169512,-0.816088,4.63049,904.109,270.921,-0.112984,-0.601828,4.37638,920.584,330.045,0.0874841,-0.665922,4.64809,988.736,321.265,-0.140344,-0.633266,4.38611,911.148,319.568,0.0673169,-0.699843,4.66062,982.052,310.741,-0.090514,-0.346981,4.29651,927.836,416.701,0.179481,-0.428651,4.73614,1017.86,401.819,-0.0770765,-0.323347,4.27397,932.467,424.493,0.207692,-0.404729,4.73534,1026.96,409.509,-0.104719,-0.355595,4.32925,923.07,414.596,0.146508,-0.437943,4.74035,1007.19,398.949,-0.20363,-0.185022,4.44475,890.054,476.446,0.040461,-0.290587,4.88327,972.65,449.148,-0.0735948,0.611637,4.7717,936.453,735.7,0.248433,0.622765,4.70342,1040.64,742.153,-0.0792546,0.626171,4.69484,934.227,743.63,0.321979,0.596408,4.70588,1064.46,733.496,0.0922937,0.606783,4.62648,990.457,740.24,0.34061,0.485574,4.55911,1074.06,702.609,-0.0764247,0.618904,4.73327,935.349,739.633,0.285206,0.609587,4.70465,1052.56,737.823
34,1.13447,2,911.967,401.089,-0.163866,-0.530049,6.34543,920.573,412.467,-0.114621,-0.5188,6.29181,932.186,414.109,-0.213112,-0.541299,6.39905,909.154,410.851,-0.214832,-0.888431,6.21856,907.255,321.876,-0.236674,-1.04202,6.16418,901.38,281.91,-0.293841,-0.183364,6.12888,886.802,494.322,-0.0999034,-0.184238,6.57476,936.801,497.217,-0.292777,0.211757,6.15839,887.416,592.498,0.0564552,0.122393,6.77158,972.729,567.595,-0.387629,0.278734,6.02688,861.804,610.61,-0.0779769,0.223486,6.73587,942.326,590.655,-0.260218,-1.12843,5.9836,893.604,252.075,-0.0741409,-0.988305,6.13107,941.538,293.893,-0.389548,-1.00337,6.28186,865.324,296.139,-0.0841784,-1.01568,6.10209,938.938,285.875,-0.400505,-1.03416,6.25302,862.212,287.496,0.0209997,-0.748408,6.20121,965.17,355.74,-0.460201,-0.758487,6.36621,849.634,358.099,0.0386447,-0.728653,6.22219,969.482,361.209,-0.467081,-0.737309,6.39379,848.467,363.94,-0.00330575,-0.751909,6.1751,959.183,354.095,-0.451328,-0.764579,6.33433,851.217,355.715,-0.0438623,-0.56892,6.04371,948.92,396.28,-0.493772,-0.58211,6.19889,838.387,396.629,-0.42565,0.271791,6.03193,852.263,608.794,-0.078731,0.232549,6.6981,942.054,593.007,-0.349608,0.285678,6.02183,871.362,612.43,-0.0772229,0.214424,6.77364,942.594,588.33,-0.270348,0.258227,6.1848,893.263,603.745,0.0927923,0.152257,6.80783,980.81,574.146,-0.387629,0.278734,6.02688,861.804,610.61,-0.0779769,0.223486,6.73587,942.326,590.655
35,1.16783,1,962.154,479.02,0.0865945,-0.133656,4.60306,988.722,495.669,0.0373859,-0.120609,4.54398,972.561,499.476,0.135803,-0.146704,4.66214,1004.47,491.957,-0.0290932,-0.5129,4.58959,950.322,369.381,-0.0786737,-0.675433,4.58381,933.796,315.03,-0.0608358,0.228472,4.74152,940.411,613.567,0.0215975,0.193285,4.86682,966.775,600.635,0.0950097,0.563615,4.68512,990.961,723.667,0.190675,0.500011,4.73873,1021.43,701.097,-0.037807,0.628979,4.77024,947.9,741.31,0.134122,0.586763,4.8741,1002.01,723.796,-0.200709,-0.81655,4.67876,894.506,273.547,-0.156009,-0.581491,4.43822,906.333,339.966,0.0687849,-0.650237,4.69431,982.371,328.52,-0.181522,-0.61427,4.44868,897.703,329.187,0.050732,-0.684441,4.7087,976.449,318.076,-0.145022,-0.320532,4.38595,909.518,428.423,0.18074,-0.413072,4.75541,1018.03,407.381,-0.133131,-0.29474,4.36425,913.427,436.891,0.211993,-0.393426,4.7442,1028.22,413.39,-0.156756,-0.332055,4.41873,905.838,425.269,0.149915,-0.416842,4.76808,1008,406.526,-0.247651,-0.168803,4.55377,876.969,483.405,0.123154,-0.230132,4.91077,998.288,468.452,-0.0351686,0.621861,4.80875,948.834,737.438,0.0954976,0.592508,4.87172,989.928,725.687,-0.0404455,0.636096,4.73172,946.95,745.245,0.172747,0.581019,4.87649,1014.08,721.908,0.129401,0.604415,4.66249,1002.37,737.919,0.227157,0.531978,4.70567,1033.7,712.6,-0.037807,0.628979,4.77024,947.9,741.31,0.134122,0.586763,4.8741,1002.01,723.796
35,1.16783,2,913.698,404.996,-0.145095,-0.514973,6.35531,925.143,416.287,-0.102267,-0.503541,6.29537,935.198,417.881,-0.187923,-0.526404,6.41525,915.277,414.722,-0.210367,-0.872074,6.22742,908.425,326.197,-0.238341,-1.02512,6.1726,901.048,286.444,-0.318887,-0.179488,6.1528,880.872,495.462,-0.0640886,-0.158479,6.56207,945.089,503.128,-0.372461,0.217794,6.14875,867.517,594.079,0.155949,0.132314,6.72939,995.381,570.019,-0.496387,0.254474,6.03036,834.326,604.427,0.0273939,0.245047,6.71681,966.227,595.7,-0.268051,-1.11565,5.99455,891.73,255.855,-0.0784504,-0.972028,6.12933,940.459,297.878,-0.39043,-0.985662,6.29409,865.294,300.909,-0.0902306,-0.998555,6.10083,937.419,290.108,-0.401295,-1.01679,6.2655,862.214,292.232,0.00887957,-0.728318,6.18761,962.191,360.292,-0.466421,-0.738547,6.35996,848.032,362.707,0.0273786,-0.707407,6.20683,966.735,365.992,-0.474431,-0.7166,6.3872,846.595,368.709,-0.0176179,-0.733578,6.16398,955.636,358.3,-0.456381,-0.745543,6.32873,849.902,360.144,-0.0798232,-0.556994,6.03672,939.812,399.13,-0.497004,-0.566061,6.19172,837.449,400.421,-0.531734,0.243453,6.04275,825.653,601.511,0.0211279,0.254703,6.67964,964.829,598.217,-0.46104,0.265494,6.01797,843.035,607.356,0.0336599,0.235392,6.75398,967.609,593.211,-0.353761,0.270471,6.16659,872.414,606.964,0.201224,0.158602,6.75885,1005.45,575.827,-0.496387,0.254474,6.03036,834.326,604.427,0.0273939,0.245047,6.71681,966.227,595.7
36,1.2012,1,952.939,478.783,0.0589208,-0.13846,4.72892,979.023,495.297,0.0153939,-0.125701,4.669,965.034,498.896,0.102448,-0.15122,4.78884,992.662,491.789,-0.0578349,-0.51809,4.71675,941.28,372.301,-0.107873,-0.680788,4.71154,925.044,319.394,-0.0471599,0.240706,4.8322,945.1,616.052,-0.0446042,0.162965,4.9997,946.379,589.764,0.131252,0.567205,4.77916,1001.93,721.2,0.0824826,0.514324,4.97883,985.293,697.717,-0.000225428,0.638845,4.86004,959.929,740.689,-0.00294916,0.565737,5.11949,959.12,708.716,-0.218388,-0.827155,4.81369,890.734,277.652,-0.199978,-0.582147,4.56978,893.188,345.506,0.0481294,-0.659711,4.81206,975.27,330.689,-0.223074,-0.616041,4.58213,885.672,334.737,0.0308931,-0.693052,4.82657,969.772,320.772,-0.197049,-0.321893,4.51847,893.419,431.235,0.187685,-0.434437,4.84306,1019.17,403.045,-0.182298,-0.298502,4.49321,898.057,438.572,0.220012,-0.419898,4.82605,1029.6,407.162,-0.210371,-0.329359,4.55102,889.426,429.508,0.158189,-0.433077,4.85939,1009.7,403.933,-0.297615,-0.134042,4.64927,862.267,495.983,0.173775,-0.229524,4.98318,1013.24,469.678,0.000837691,0.631168,4.89861,960.261,736.717,-0.0415093,0.567477,5.11261,947.604,709.463,-0.00128855,0.646522,4.82147,959.592,744.726,0.035611,0.563996,5.12636,970.606,707.972,0.168901,0.60626,4.75738,1014.2,734.563,0.117313,0.557391,4.95986,996.112,711.577,-0.000225428,0.638845,4.86004,959.929,740.689,-0.00294916,0.565737,5.11949,959.12,708.716
36,1.2012,2,914.226,408.932,-0.152249,-0.495592,6.35007,923.395,420.844,-0.102377,-0.488437,6.29608,935.174,421.558,-0.202122,-0.502747,6.40406,911.813,420.143,-0.207297,-0.855278,6.23361,909.228,330.523,-0.230889,-1.00943,6.18371,902.994,290.773,-0.326252,-0.177859,6.1362,878.825,495.747,-0.0429211,-0.135447,6.51307,949.939,508.249,-0.415397,0.211123,6.1481,856.845,592.428,0.215706,0.129712,6.66384,1009.42,569.718,-0.507911,0.261753,6.00658,830.899,606.532,0.121697,0.270069,6.63144,988.018,602.178,-0.265833,-1.10291,6.00615,892.426,259.643,-0.062737,-0.960651,6.16067,944.452,301.929,-0.390834,-0.964384,6.29133,865.154,305.967,-0.0718839,-0.98809,6.13156,942.101,293.966,-0.399108,-0.996486,6.26295,862.707,297.081,0.0306005,-0.720994,6.23238,967.496,363.377,-0.479359,-0.718764,6.35598,844.854,367.347,0.0474913,-0.699671,6.2519,971.598,369.136,-0.48993,-0.696542,6.38211,842.797,373.371,0.00518149,-0.726749,6.20667,961.275,361.23,-0.466748,-0.725963,6.32523,847.339,364.771,-0.0550335,-0.557454,6.06593,946.148,399.693,-0.501316,-0.550328,6.17762,836.103,403.99,-0.545071,0.249826,6.00842,821.496,603.482,0.121224,0.278026,6.59332,988.071,604.38,-0.470751,0.273679,6.00475,840.308,609.585,0.122171,0.262112,6.66955,987.967,600.001,-0.404549,0.261245,6.17549,859.984,604.587,0.264063,0.146852,6.69488,1020.22,573.489,-0.507911,0.261753,6.00658,830.899,606.532,0.121697,0.270069,6.63144,988.018,602.178
37,1.23457,1,943.596,476.717,0.030931,-0.140922,4.7517,969.938,494.721,-0.0134643,-0.126411,4.69432,955.621,498.887,0.0753263,-0.155433,4.80909,983.914,490.654,-0.0850418,-0.522152,4.74699,932.648,372.063,-0.134744,-0.685537,4.74498,916.644,319.42,-0.0279133,0.252463,4.84946,951.212,619.483,-0.124043,0.115172,5.04328,922.448,574.866,0.176198,0.56987,4.79579,1016.09,721.42,-0.0571522,0.488544,5.02969,942.652,688.297,0.043495,0.640143,4.87317,973.627,740.555,-0.139607,0.505966,5.17933,918.847,689.148,-0.233302,-0.839326,4.85082,886.57,275.829,-0.246161,-0.58641,4.61327,878.534,345.929,0.0311656,-0.662973,4.83109,969.849,330.483,-0.265714,-0.621222,4.62831,872.348,335.076,0.0136589,-0.696608,4.84631,964.303,320.545,-0.246779,-0.322949,4.56867,877.531,432.077,0.195797,-0.451354,4.8458,1021.69,397.793,-0.231186,-0.300233,4.54277,882.302,439.096,0.229258,-0.442802,4.82644,1032.52,399.928,-0.260455,-0.329162,4.60057,873.565,430.764,0.168011,-0.444521,4.86266,1012.75,400.432,-0.345807,-0.119619,4.68809,847.382,501.044,0.223167,-0.228769,4.9662,1028.61,469.67,0.0433431,0.631156,4.91143,973.474,736.199,-0.178281,0.501711,5.17486,907.401,688.021,0.0436469,0.649131,4.83492,973.783,744.98,-0.100932,0.510221,5.18381,930.273,690.272,0.21599,0.608031,4.77553,1029.05,734.39,-0.0324649,0.539276,5.01301,950.113,704.241,0.043495,0.640143,4.87317,973.627,740.555,-0.139607,0.505966,5.17933,918.847,689.148
37,1.23457,2,916.608,412.61,-0.123081,-0.490718,6.39914,930.634,422.921,-0.0833342,-0.477738,6.33607,939.92,424.883,-0.162828,-0.503697,6.46221,921.53,420.997,-0.205339,-0.834643,6.24019,909.761,335.792,-0.240592,-0.98204,6.17207,900.486,297.078,-0.334756,-0.164869,6.20829,877.676,499.455,-0.0150311,-0.12368,6.56791,956.506,511.25,-0.461993,0.222511,6.20037,846.241,594.79,0.268013,0.146181,6.68599,1021.2,573.381,-0.580486,0.255864,6.07142,814.028,604.341,0.162067,0.282468,6.68195,997.031,604.541,-0.301605,-1.0856,6.00456,883.312,263.97,-0.0800311,-0.927278,6.11993,940.034,308.67,-0.395993,-0.946905,6.29663,863.983,310.402,-0.0953503,-0.951272,6.09087,936.099,301.552,-0.404087,-0.977297,6.26564,861.536,301.861,0.0226596,-0.684721,6.18757,965.591,371.048,-0.495433,-0.698741,6.34792,840.842,371.944,0.0447428,-0.666996,6.2086,971.003,375.979,-0.508076,-0.675742,6.37308,838.284,378.117,-0.0055543,-0.685488,6.16535,958.625,370.249,-0.480991,-0.706573,6.3179,843.766,369.253,-0.0557069,-0.47909,6.0653,945.978,419.404,-0.513526,-0.532923,6.16187,832.761,407.955,-0.615805,0.241248,6.07971,805.357,600.583,0.153282,0.292042,6.64519,995.217,607.098,-0.545167,0.270481,6.06314,822.722,608.11,0.170852,0.272893,6.7187,998.824,602.012,-0.452623,0.275753,6.22243,848.943,607.659,0.321122,0.164621,6.70795,1033.09,577.468,-0.580486,0.255864,6.07142,814.028,604.341,0.162067,0.282468,6.68195,997.031,604.541
38,1.26793,1,935.528,471.42,-0.00530185,-0.15611,4.80997,958.317,490.448,-0.0523975,-0.14014,4.75441,943.174,494.998,0.0417938,-0.172081,4.86553,973.114,486.003,-0.111328,-0.537988,4.80245,924.608,368.967,-0.156768,-0.701649,4.79922,910.128,316.788,-0.02449,0.245543,4.87763,952.334,616.858,-0.163009,0.0733011,5.11564,911.35,561.877,0.192073,0.546858,4.7985,1021.11,713.996,-0.148719,0.450646,5.13713,915.801,673.932,0.0725434,0.645121,4.87031,982.741,742.234,-0.244624,0.452196,5.28085,889.276,670.735,-0.251412,-0.851671,4.91024,881.828,275.188,-0.282391,-0.605751,4.6794,867.864,342.361,0.0169617,-0.679828,4.85977,965.329,326.424,-0.298876,-0.641541,4.69516,862.813,331.386,0.00142436,-0.714332,4.87666,960.446,316.362,-0.288906,-0.343862,4.63896,864.916,426.83,0.201899,-0.4921,4.83708,1023.73,384.676,-0.270922,-0.323596,4.61209,870.316,432.879,0.230782,-0.484924,4.81205,1033.22,386.144,-0.303757,-0.347277,4.66904,860.673,426.442,0.178603,-0.484119,4.86005,1016.11,387.917,-0.38148,-0.123113,4.72377,836.703,500.209,0.263635,-0.283273,4.96454,1041.08,452.885,0.0725016,0.640167,4.90927,982.548,739.088,-0.282151,0.444127,5.27319,878.308,668.589,0.0725853,0.650076,4.83135,982.938,745.43,-0.207096,0.460266,5.28851,900.213,672.875,0.234659,0.577466,4.77365,1035.05,724.69,-0.129598,0.504476,5.12521,921.394,690.279,0.0725434,0.645121,4.87031,982.741,742.234,-0.244624,0.452196,5.28085,889.276,670.735
38,1.26793,2,920.949,416.757,-0.0867401,-0.466915,6.2148,938.691,425.296,-0.0555444,-0.45173,6.14887,946.208,427.836,-0.117936,-0.4821,6.28074,931.332,422.809,-0.192179,-0.777246,6.02032,911.263,342.89,-0.237366,-0.910246,5.93697,898.959,305.921,-0.322471,-0.152026,6.03421,878.41,501.535,0.0332582,-0.114413,6.40788,967.924,512.74,-0.458878,0.225678,6.03724,843.955,597.072,0.311851,0.147492,6.53101,1032.9,574.479,-0.591323,0.232724,5.92191,807.549,599.999,0.202616,0.280487,6.53302,1007.35,605.549,-0.321262,-1.0057,5.77275,875.034,274.017,-0.0775084,-0.843779,5.8858,939.895,321.127,-0.389679,-0.895982,6.06614,861.924,314.495,-0.0951874,-0.86444,5.8535,935.173,314.53,-0.397404,-0.921778,6.03132,859.402,306.663,0.0904382,-0.653555,5.98488,983.071,373.277,-0.4921,-0.655037,6.12268,837.29,376.66,0.117348,-0.662659,6.00935,989.814,371.643,-0.505376,-0.632531,6.14725,834.483,382.902,0.0713814,-0.633819,5.97171,978.25,377.955,-0.477016,-0.662576,6.09266,840.465,373.966,0.193341,-0.425615,6.01538,1009.07,431.975,-0.507901,-0.494183,5.93272,829.294,412.825,-0.623314,0.214464,5.93513,799.659,595.169,0.193054,0.291015,6.4967,1005.37,608.39,-0.559332,0.250983,5.90869,815.474,604.852,0.212179,0.269959,6.56934,1009.31,602.74,-0.452621,0.281078,6.05594,845.89,610.862,0.364374,0.165738,6.55335,1044.89,578.613,-0.591323,0.232724,5.92191,807.549,599.999,0.202616,0.280487,6.53302,1007.35,605.549
39,1.3013,1,926.347,464.767,-0.0523715,-0.184224,4.94044,943.816,483.069,-0.101849,-0.16825,4.88551,928.172,487.421,-0.00289413,-0.200199,4.99538,959.115,478.813,-0.141959,-0.569696,4.92429,915.986,363.369,-0.180354,-0.734898,4.91737,904.004,311.828,-0.0414843,0.223637,4.96459,947.242,608.775,-0.188234,0.0544385,5.24891,905.248,555.835,0.193121,0.50106,4.85767,1020.7,697.482,-0.205933,0.425388,5.32094,900.911,662.058,0.108509,0.643815,4.91022,993.739,740.184,-0.311129,0.421515,5.46042,873.007,657.857,-0.267324,-0.892274,5.02445,878.77,268.869,-0.315027,-0.638301,4.80646,859.933,337.246,-0.00530098,-0.71423,4.96826,958.371,320.516,-0.330052,-0.674719,4.82108,855.478,326.328,-0.0193367,-0.749351,4.9849,954.078,310.492,-0.324852,-0.376455,4.75975,855.8,419.247,0.19447,-0.545436,4.92513,1020.28,370.919,-0.30465,-0.357954,4.73236,861.714,424.517,0.221931,-0.541335,4.89739,1029.19,371.24,-0.341128,-0.37806,4.78875,851.241,419.467,0.173645,-0.534978,4.94997,1013.56,374.993,-0.414526,-0.148365,4.81893,828.668,492.994,0.283264,-0.343013,5.04258,1045.76,436.145,0.108567,0.645528,4.94953,993.489,739.122,-0.348215,0.413677,5.45037,862.458,655.879,0.108451,0.642101,4.87091,993.993,741.262,-0.274043,0.429353,5.47047,883.517,659.828,0.239696,0.516845,4.82867,1035.79,703.419,-0.18796,0.480066,5.31396,905.997,677.928,0.108509,0.643815,4.91022,993.739,740.184,-0.311129,0.421515,5.46042,873.007,657.857
39,1.3013,2,916.869,419.279,-0.108981,-0.44731,6.17886,933.072,429.473,-0.0731617,-0.434507,6.11436,941.732,431.504,-0.1448,-0.460113,6.24336,924.591,427.484,-0.20414,-0.774819,5.99974,908.053,342.832,-0.244922,-0.91518,5.92298,896.867,304.096,-0.326757,-0.14034,5.97811,876.549,504.158,0.0046409,-0.0927366,6.35341,961.115,517.715,-0.432416,0.245499,5.99251,849.83,602.547,0.307373,0.141021,6.4704,1032.53,573.275,-0.567944,0.272962,5.8831,812.61,610.838,0.242054,0.301462,6.49093,1016.93,610.908,-0.350189,-1.02779,5.78398,867.563,268.701,-0.0852473,-0.840612,5.84904,937.748,320.578,-0.398748,-0.895561,6.05632,859.479,314.236,-0.106389,-0.865776,5.82234,932.102,312.974,-0.403677,-0.923716,6.02343,857.68,305.866,0.0587403,-0.610924,5.91147,975.171,382.217,-0.504222,-0.646772,6.10152,833.831,378.161,0.0913227,-0.612166,5.93136,983.507,382.426,-0.51846,-0.623749,6.12707,830.809,384.573,0.0332544,-0.596174,5.90094,968.604,385.752,-0.488469,-0.653969,6.07146,837.168,375.55,0.112509,-0.354568,5.91423,989.044,448.469,-0.521495,-0.470645,5.91189,825.323,418.455,-0.601244,0.257583,5.89683,804.331,606.691,0.231971,0.316564,6.45638,1014.85,614.859,-0.534644,0.288341,5.86938,820.927,615.004,0.252137,0.286359,6.52548,1018.99,606.999,-0.419664,0.298787,6.01309,853.445,615.863,0.363941,0.144467,6.48748,1045.65,573.999,-0.567944,0.272962,5.8831,812.61,610.838,0.242054,0.301462,6.49093,1016.93,610.908
40,1.33467,1,916.238,461.422,-0.0963467,-0.195432,4.9533,930.303,479.762,-0.150163,-0.181124,4.90188,913.23,483.587,-0.04253,-0.20974,5.00472,947.026,476.016,-0.167852,-0.586127,4.93986,908.122,358.847,-0.198497,-0.753568,4.9341,898.579,306.824,-0.0977829,0.216723,4.97851,930.013,606.462,-0.203617,0.0588182,5.26706,900.978,557.05,0.151369,0.444152,4.80994,1008.05,680.981,-0.214167,0.429146,5.34296,898.802,662.629,0.136349,0.622672,4.81332,1003.25,737.508,-0.300258,0.427811,5.49506,876.576,658.863,-0.282914,-0.904633,5.04883,874.447,266.441,-0.338244,-0.663515,4.82718,853.019,330.142,-0.0222868,-0.732308,4.97517,953.161,315.273,-0.351864,-0.699592,4.84229,849.059,319.421,-0.035382,-0.767693,4.9921,949.179,305.213,-0.347923,-0.402752,4.77811,848.828,411.308,0.177187,-0.567086,4.92141,1014.97,364.075,-0.32836,-0.38402,4.75062,854.472,416.583,0.20285,-0.562833,4.89221,1023.31,364.352,-0.363896,-0.404572,4.80747,844.434,411.516,0.158302,-0.556851,4.9478,1008.85,368.171,-0.43994,-0.176971,4.84129,821.26,484.19,0.277546,-0.370498,5.03901,1044.09,427.744,0.142419,0.635639,4.84996,1004.83,740.097,-0.338459,0.420629,5.48992,865.874,656.977,0.130279,0.609706,4.77667,1001.64,734.878,-0.262057,0.434993,5.5002,887.258,660.746,0.194262,0.436052,4.77719,1022.08,679.359,-0.196495,0.483516,5.33373,903.754,678.404,0.136349,0.622672,4.81332,1003.25,737.508,-0.300258,0.427811,5.49506,876.576,658.863
40,1.33467,-2,663.726,252.263,-3.30598,-3.1511,16.8496,660.443,254.477,-3.25025,-3.17225,16.8966,666.312,253.36,-3.36171,-3.12995,16.8027,654.542,255.601,-3.24942,-3.50056,16.6701,662.398,219.397,-3.22518,-3.65033,16.5932,663.249,204.13,-3.27165,-2.72964,16.9654,665.577,294.354,-3.15996,-2.73217,16.7562,672.077,291.055,-3.54961,-2.7331,17.2873,646.512,298.623,-3.03314,-2.34237,16.8653,685.421,327.954,-3.57111,-2.5674,17.3531,645.809,314.116,-2.92768,-2.21266,16.7841,693.686,338.727,-3.17143,-3.74216,16.4039,664.827,191.708,-3.1143,-3.62934,16.745,676.048,209.088,-3.38217,-3.57371,16.5399,647.8,210.119,-3.09266,-3.65434,16.7153,677.521,206.218,-3.37006,-3.59607,16.5067,648.294,207.389,-3.10003,-3.3717,16.8853,679.698,235.133,-3.45773,-3.31107,16.6502,642.94,236.388,-3.12097,-3.35709,16.9117,678.245,236.929,-3.48532,-3.30241,16.6758,640.901,237.647,-3.07814,-3.36799,16.8622,681.296,235.052,-3.4324,-3.30494,16.635,644.976,236.673,-2.95369,-3.13071,16.9209,693.492,257.52,-3.4334,-3.02878,16.6622,645.399,262.474,-3.59113,-2.54528,17.3282,643.593,315.741,-2.89039,-2.22304,16.7824,697.051,337.761,-3.55109,-2.58952,17.3781,648.019,312.497,-2.96497,-2.20227,16.7859,690.322,339.693,-3.57946,-2.76625,17.3239,644.542,296.211,-3.04579,-2.31169,16.9102,685.008,331.288,-3.57111,-2.5674,17.3531,645.809,314.116,-2.92768,-2.21266,16.7841,693.686,338.727
41,1.36803,1,905.372,460.142,-0.136547,-0.199341,4.95507,917.927,478.579,-0.194671,-0.18553,4.90477,899.403,482.248,-0.0784228,-0.213152,5.00536,936.079,474.984,-0.195729,-0.590117,4.95006,899.631,357.989,-0.221093,-0.757592,4.94791,891.778,306.233,-0.179416,0.203656,5.02076,905.442,601.93,-0.20793,0.0657822,5.27103,899.773,559.054,0.0908052,0.38306,4.83145,988.695,661.048,-0.195669,0.441987,5.28456,903.47,667.694,0.0993801,0.560269,4.83343,991.392,716.974,-0.261051,0.469492,5.44318,886.778,671.688,-0.297002,-0.90433,5.07363,870.626,267.869,-0.361605,-0.676888,4.83742,845.873,326.365,-0.0468751,-0.731334,4.9907,945.66,316.271,-0.37547,-0.711801,4.85344,841.888,316.088,-0.0592933,-0.767207,5.00818,941.924,306.115,-0.365857,-0.426754,4.77212,842.951,403.468,0.144876,-0.560465,4.96234,1004.57,367.563,-0.345467,-0.408979,4.74517,848.846,408.411,0.17279,-0.555394,4.9355,1013.45,368.194,-0.383412,-0.427798,4.80128,838.079,403.965,0.123593,-0.551152,4.98677,997.839,371.259,-0.464705,-0.208627,4.8286,813.065,474.034,0.228558,-0.366829,5.08595,1028.61,429.881,0.110311,0.572648,4.86915,994.589,719.557,-0.2998,0.463462,5.44403,875.922,669.976,0.0884493,0.547889,4.7977,988.147,714.353,-0.222302,0.475522,5.44233,897.637,673.4,0.129982,0.368048,4.7959,1001.38,657.166,-0.177701,0.493248,5.26363,908.457,683.07,0.0993801,0.560269,4.83343,991.392,716.974,-0.261051,0.469492,5.44318,886.778,671.688
41,1.36803,2,676.071,253.238,-3.1789,-3.14529,16.8925,672.69,255.727,-3.12165,-3.16512,16.9381,678.622,254.705,-3.23615,-3.12546,16.847,666.725,256.756,-3.12443,-3.49519,16.7157,674.626,220.762,-3.10108,-3.64515,16.64,675.469,205.55,-3.12173,-2.71759,16.8958,677.91,294.43,-3.02641,-2.73253,16.7862,684.74,291.469,-3.39524,-2.70727,17.2213,658.995,299.987,-2.92145,-2.34916,16.9339,696.603,328.201,-3.41392,-2.53697,17.2682,658.161,315.696,-2.81696,-2.21395,16.8661,705.004,339.589,-3.04827,-3.73673,16.4523,677.124,193.235,-2.98701,-3.62313,16.7884,688.358,210.509,-3.25893,-3.56866,16.589,660.068,211.562,-2.96611,-3.64805,16.7584,689.775,207.648,-3.24728,-3.59092,16.5558,660.54,208.85,-2.97342,-3.36525,16.9271,691.81,236.468,-3.33692,-3.31067,16.7068,655.055,237.454,-2.99332,-3.35047,16.9537,690.439,238.277,-3.36363,-3.30247,16.733,653.094,238.675,-2.95225,-3.36166,16.9032,693.343,236.364,-3.31203,-3.30412,16.691,657.043,237.767,-2.82625,-3.12337,16.9524,705.465,258.706,-3.31183,-3.02848,16.7197,657.582,263.456,-3.43522,-2.51773,17.2421,655.817,317.06,-2.77955,-2.22381,16.8649,708.372,338.682,-3.39262,-2.55622,17.2944,660.499,314.336,-2.85436,-2.2041,16.8674,701.637,340.496,-3.42358,-2.73732,17.2623,657.204,297.9,-2.93757,-2.32219,16.981,695.884,331.213,-3.41392,-2.53697,17.2682,658.161,315.696,-2.81696,-2.21395,16.8661,705.004,339.589
42,1.4014,1,895.884,459.813,-0.165897,-0.203114,4.97854,909.125,477.712,-0.225469,-0.19069,4.92934,890.166,480.938,-0.106325,-0.215537,5.02775,927.713,474.549,-0.225101,-0.590272,4.98951,891.121,359.381,-0.250475,-0.756197,4.99421,883.429,308.827,-0.255575,0.174322,5.09322,883.388,592.255,-0.212981,0.0824135,5.27442,898.35,563.856,-0.00818363,0.343113,4.86447,957.432,647.689,-0.15359,0.453924,5.23703,915.224,672.333,-0.014624,0.517128,4.88129,955.426,701.746,-0.216551,0.486521,5.39314,898.696,677.73,-0.329103,-0.902588,5.11881,861.841,270.791,-0.389244,-0.686882,4.87574,838.115,324.914,-0.0740645,-0.718772,5.04229,937.574,322.363,-0.402322,-0.720027,4.89313,834.468,315.337,-0.0859606,-0.754614,5.06017,934.064,312.318,-0.380951,-0.448225,4.77767,838.263,396.765,0.096936,-0.526752,5.01361,989.519,379.592,-0.357859,-0.432103,4.75235,845.033,401.181,0.125261,-0.519586,4.98753,998.344,380.947,-0.402645,-0.447339,4.80496,832.062,397.86,0.0736516,-0.518947,5.03669,982.326,382.694,-0.496429,-0.231925,4.80889,802.391,466.367,0.152422,-0.31772,5.13017,1005.36,445.446,0.000374779,0.527551,4.91617,960.116,703.835,-0.255597,0.482707,5.39382,887.652,676.633,-0.0296227,0.506705,4.84641,950.668,699.626,-0.177505,0.490335,5.39245,909.743,678.828,0.0265702,0.332467,4.82173,968.413,645.273,-0.131068,0.503303,5.21368,921.619,687.385,-0.014624,0.517128,4.88129,955.426,701.746,-0.216551,0.486521,5.39314,898.696,677.73
42,1.4014,2,688.442,254.98,-3.02582,-3.11523,16.8077,685.145,257.024,-2.96806,-3.13553,16.8511,691.086,255.912,-3.08358,-3.09493,16.7643,679.174,258.14,-2.97142,-3.46014,16.6217,687.066,222.174,-2.9481,-3.60797,16.5419,687.902,206.999,-2.98392,-2.68956,16.9113,690.611,297.186,-2.8838,-2.69387,16.7195,696.664,294.007,-3.2554,-2.68796,17.2432,671.759,302.002,-2.75259,-2.30166,16.8295,710.289,331.196,-3.27886,-2.52414,17.315,670.886,317.433,-2.65177,-2.17504,16.7393,718.138,341.619,-2.89496,-3.69657,16.3517,689.699,194.853,-2.83403,-3.58884,16.6882,700.723,211.668,-3.10767,-3.5337,16.497,672.393,212.966,-2.81268,-3.61292,16.6578,702.206,208.86,-3.09723,-3.55478,16.4627,672.763,210.329,-2.82035,-3.3332,16.8318,704.176,237.656,-3.18185,-3.27983,16.6269,667.829,238.832,-2.84052,-3.31883,16.8585,702.755,239.438,-3.20708,-3.27331,16.6551,666.01,239.939,-2.79896,-3.32929,16.8082,705.76,237.588,-3.15829,-3.27217,16.61,669.697,239.229,-2.67304,-3.09288,16.8637,717.997,259.987,-3.1647,-2.99823,16.6507,669.819,265.084,-3.29955,-2.5016,17.291,668.658,319.115,-2.61462,-2.18547,16.736,721.479,340.629,-3.25817,-2.54667,17.3389,673.107,315.757,-2.68892,-2.1646,16.7425,714.797,342.61,-3.28461,-2.72184,17.2797,669.787,299.511,-2.76281,-2.26959,16.8749,710.035,334.659,-3.27886,-2.52414,17.315,670.886,317.433,-2.65177,-2.17504,16.7393,718.138,341.619
43,1.43477,1,887.668,463.477,-0.191511,-0.192056,5.03081,901.88,481.715,-0.257292,-0.178445,4.98192,881.151,485.314,-0.12573,-0.205668,5.0797,922.211,478.184,-0.252497,-0.575686,5.04852,883.641,365.903,-0.278635,-0.740099,5.05611,875.863,316.518,-0.340395,0.149732,5.20766,860.205,583.898,-0.204803,0.101641,5.33441,901.384,569.091,-0.132287,0.357151,4.97891,919.435,649.518,-0.118829,0.443708,5.21442,925.207,669.915,-0.183219,0.512471,5.02978,904.385,695.557,-0.172748,0.514697,5.35989,910.793,686.61,-0.35662,-0.889166,5.1773,854.835,277.791,-0.41273,-0.676464,4.93049,832.196,330.529,-0.104404,-0.69117,5.11873,928.86,333.846,-0.425964,-0.708824,4.94833,828.573,321.3,-0.116009,-0.727421,5.13576,925.513,323.753,-0.398482,-0.445683,4.81961,833.769,398.817,0.026964,-0.468497,5.1218,968.038,400.346,-0.377156,-0.429343,4.79381,839.882,403.261,0.0569633,-0.456583,5.09902,977.056,403.289,-0.419464,-0.445008,4.84849,827.914,399.87,0.00060907,-0.464959,5.14133,960.181,401.927,-0.520679,-0.236841,4.86631,796.642,465.694,0.0412906,-0.252969,5.23773,972.036,466.262,-0.168807,0.520318,5.06554,909.121,696.824,-0.211871,0.513875,5.36228,899.676,686.311,-0.197631,0.504623,4.99403,899.581,694.271,-0.133625,0.515519,5.35749,921.92,686.91,-0.0987071,0.361105,4.93277,929.449,651.767,-0.0933435,0.483647,5.17966,932.486,682.56,-0.183219,0.512471,5.02978,904.385,695.557,-0.172748,0.514697,5.35989,910.793,686.61
43,1.43477,2,700.642,256.144,-2.91094,-3.11508,16.9159,697.272,258.848,-2.85095,-3.13349,16.958,703.325,257.887,-2.97093,-3.09666,16.8739,691.19,259.814,-2.8577,-3.46249,16.7351,699.291,224.115,-2.83488,-3.61138,16.6576,700.169,208.999,-2.84497,-2.69109,16.8697,702.522,296.449,-2.75997,-2.70554,16.796,709.119,294.067,-3.1075,-2.65848,17.2043,684.233,304.079,-2.66694,-2.33214,16.9775,720.167,330.275,-3.1263,-2.48669,17.2448,683.215,319.843,-2.56744,-2.19322,16.9138,728.245,342.025,-2.78695,-3.69856,16.4673,701.61,197.09,-2.71979,-3.58985,16.802,712.86,213.8,-2.99416,-3.53816,16.6133,684.839,214.846,-2.69865,-3.61439,16.7715,714.335,210.972,-2.9836,-3.55968,16.5791,685.243,212.192,-2.70463,-3.33381,16.944,716.297,239.605,-3.07079,-3.28286,16.7377,679.894,240.55,-2.72466,-3.31911,16.9702,714.872,241.391,-3.09611,-3.27535,16.765,678.044,241.721,-2.68308,-3.33019,16.9209,717.909,239.521,-3.04702,-3.27572,16.7209,681.783,240.901,-2.55456,-3.0936,16.9769,730.265,261.788,-3.05023,-2.99957,16.7527,682.018,266.636,-3.14875,-2.46881,17.2187,680.805,321.094,-2.53001,-2.20253,16.911,731.587,341.152,-3.10385,-2.50457,17.2709,685.618,318.595,-2.60488,-2.1839,16.9165,724.904,342.898,-3.13433,-2.68682,17.2476,682.551,302.164,-2.68304,-2.30827,17.027,719.421,333.025,-3.1263,-2.48669,17.2448,683.215,319.843,-2.56744,-2.19322,16.9138,728.245,342.025
44,1.46813,1,878.565,468.19,-0.217144,-0.166248,5.03568,894.165,489.596,-0.286942,-0.154186,4.99437,872.283,492.866,-0.147347,-0.17831,5.07698,915.69,486.378,-0.280152,-0.541848,5.07264,875.681,376.916,-0.307155,-0.70282,5.08848,867.841,329.125,-0.42527,0.096355,5.30192,837.538,567.747,-0.206828,0.114077,5.37273,901.226,572.417,-0.276709,0.400292,5.11896,877.47,659.389,-0.103742,0.453122,5.22348,929.678,672.442,-0.387646,0.504817,5.19729,846.125,688.295,-0.125065,0.507095,5.3832,924.53,683.819,-0.373139,-0.853385,5.21621,850.784,290.219,-0.437567,-0.648059,4.95854,825.271,340.46,-0.137291,-0.64462,5.16009,919.379,349.271,-0.451533,-0.678752,4.97888,821.539,331.863,-0.149617,-0.681054,5.17713,915.877,339.155,-0.418602,-0.424743,4.82108,827.436,405.491,-0.0570353,-0.396091,5.20847,943.281,423.894,-0.399585,-0.407455,4.7964,832.807,410.302,-0.0334231,-0.37114,5.19188,950.171,430.86,-0.440127,-0.425074,4.85032,821.459,406.198,-0.0827821,-0.405578,5.22756,935.823,421.548,-0.562551,-0.231341,4.87729,783.903,467.583,-0.107099,-0.230844,5.38367,929.628,474.535,-0.378073,0.509109,5.23513,849.74,688.475,-0.163028,0.506961,5.39271,913.845,683.528,-0.39722,0.500525,5.15945,842.457,688.112,-0.0871016,0.507229,5.37369,935.253,684.112,-0.245524,0.428349,5.07815,886.183,668.784,-0.0817079,0.49528,5.18751,935.952,685.768,-0.387646,0.504817,5.19729,846.125,688.295,-0.125065,0.507095,5.3832,924.53,683.819
44,1.46813,2,712.706,258.105,-2.78802,-3.10764,16.9915,709.485,260.766,-2.7298,-3.12711,17.0363,715.361,259.755,-2.84624,-3.08818,16.9467,703.578,261.782,-2.73591,-3.45834,16.8149,711.586,225.99,-2.71357,-3.60865,16.7392,712.499,210.861,-2.76095,-2.67998,17.0641,712.974,300.218,-2.62714,-2.70806,16.851,721.973,294.641,-3.01677,-2.65371,17.3994,695.285,307.143,-2.56732,-2.33917,17.0446,730.035,330.47,-3.01853,-2.48026,17.423,695.49,322.658,-2.47195,-2.19555,16.9885,737.846,342.686,-2.66305,-3.69791,16.5509,714.345,198.884,-2.59917,-3.58793,16.8844,724.973,215.565,-2.8712,-3.53493,16.6919,697.38,216.671,-2.57817,-3.61295,16.8543,726.456,212.719,-2.86047,-3.55702,16.6581,697.831,213.99,-2.58069,-3.3278,17.0213,728.52,241.507,-2.95035,-3.27598,16.8102,692.04,242.465,-2.60027,-3.31252,17.0477,727.126,243.339,-2.97661,-3.26788,16.8367,690.08,243.668,-2.5596,-3.3247,16.9975,730.091,241.368,-2.92592,-3.26927,16.794,694.002,242.788,-2.43,-3.08708,17.0465,742.359,263.508,-2.92866,-2.99261,16.8218,694.193,268.39,-3.03942,-2.46292,17.3952,693.235,323.833,-2.43413,-2.20358,16.987,741.226,341.947,-2.99764,-2.4976,17.4507,697.738,321.486,-2.50977,-2.18753,16.99,734.467,343.425,-3.04514,-2.6778,17.4449,693.493,305.642,-2.58807,-2.31756,17.0934,728.838,333,-3.01853,-2.48026,17.423,695.49,322.658,-2.47195,-2.19555,16.9885,737.846,342.686
45,1.5015,1,870.913,475.596,-0.248181,-0.143293,5.15738,886.53,497.581,-0.321888,-0.136306,5.11984,864.012,499.353,-0.174475,-0.15028,5.19492,908.723,495.834,-0.316484,-0.513088,5.22675,867.554,390.125,-0.345756,-0.671571,5.25648,859.575,344.941,-0.502972,0.0501714,5.45297,819.175,554.047,-0.192394,0.160495,5.48065,906.405,584.709,-0.448522,0.41754,5.35483,832.119,659.048,-0.0832643,0.469352,5.28052,935.926,675.703,-0.592041,0.450736,5.44302,793.934,666.43,-0.068342,0.532275,5.4373,940.81,689.459,-0.404581,-0.830616,5.38381,845.268,304.452,-0.467249,-0.624253,5.11835,820.624,353.791,-0.187034,-0.609318,5.34153,906.54,365.84,-0.483815,-0.653989,5.13994,816.289,345.741,-0.200882,-0.64584,5.35871,902.767,355.993,-0.448847,-0.417914,4.96134,821.876,411.395,-0.150675,-0.366917,5.42775,917.617,436.791,-0.429484,-0.402904,4.93612,827.159,415.381,-0.134584,-0.335603,5.42453,922.121,445.543,-0.471107,-0.415963,4.98952,815.845,412.719,-0.176074,-0.388008,5.438,910.566,431.064,-0.594536,-0.227445,4.99391,778.237,470.465,-0.285954,-0.3115,5.61856,882.296,455.355,-0.585724,0.446636,5.48156,796.861,664.399,-0.103703,0.535369,5.45381,930.969,689.873,-0.598358,0.454836,5.40447,790.965,668.49,-0.032981,0.52918,5.4208,950.711,689.042,-0.428318,0.464844,5.32682,837.237,673.232,-0.0649017,0.506778,5.23776,941.082,687.721,-0.592041,0.450736,5.44302,793.934,666.43,-0.068342,0.532275,5.4373,940.81,689.459
45,1.5015,-2,897.906,437.127,-0.135858,-0.397643,6.30742,927.115,443.748,-0.0984967,-0.383625,6.24195,935.908,446.167,-0.173219,-0.411661,6.37288,918.502,441.378,-0.25504,-0.685439,6.13376,896.518,369.387,-0.306119,-0.80878,6.05934,882.868,336.214,-0.28691,-0.0809639,6.10384,888.235,519.749,-0.359211,-0.0780981,6.3908,874.185,521.342,-0.214655,0.278662,6.19295,907.081,608.699,-0.0251058,0.0632733,6.48836,954.092,554.889,-0.338036,0.339323,6.09321,875.299,625.023,-0.0558295,0.228082,6.5193,946.925,593.415,-0.342974,-0.874293,5.87201,870.825,312.679,-0.181833,-0.737193,5.96438,913.455,351.294,-0.418734,-0.802729,6.2159,857.15,342.833,-0.204051,-0.761751,5.93793,907.535,344.14,-0.440627,-0.828457,6.18842,851.292,335.61,-0.112386,-0.481638,5.94312,931.129,416.27,-0.489793,-0.555744,6.29079,841.129,405.123,-0.0803182,-0.464525,5.95086,939.394,420.821,-0.48299,-0.544525,6.32782,843.466,408.619,-0.145402,-0.481903,5.93799,922.615,416.095,-0.494052,-0.552041,6.26161,839.536,405.397,-0.201622,-0.260903,5.86905,907.551,472.13,-0.584435,-0.324889,6.2856,818.043,461.085,-0.373489,0.331029,6.10764,866.637,622.749,-0.0631838,0.247432,6.4862,945.127,598.242,-0.302583,0.347618,6.07877,884.003,627.308,-0.0484752,0.208732,6.55239,948.705,588.636,-0.183814,0.322928,6.21647,914.856,619.31,0.0305723,0.051268,6.50223,967.179,552.038,-0.338036,0.339323,6.09321,875.299,625.023,-0.0558295,0.228082,6.5193,946.925,593.415
46,1.53487,1,862.529,482.997,-0.29232,-0.11837,5.22556,874.593,505.416,-0.371595,-0.115175,5.19243,850.738,506.134,-0.213046,-0.121564,5.25869,898.147,504.706,-0.355313,-0.483302,5.3096,857.831,401.028,-0.382309,-0.639702,5.34562,850.809,357.296,-0.568736,0.0249411,5.53697,803.178,546.877,-0.162823,0.204462,5.52021,914.967,596.549,-0.637952,0.398266,5.58153,785.497,648.94,-0.0476985,0.487999,5.29114,946.237,680.812,-0.78199,0.358536,5.66738,749.337,636.587,-0.0178375,0.548688,5.44597,954.999,693.822,-0.436415,-0.795681,5.4769,838.344,318.194,-0.489559,-0.600964,5.19911,816.238,363.523,-0.24334,-0.571125,5.45626,891.909,380.189,-0.508869,-0.630997,5.22031,811.174,355.456,-0.258623,-0.607983,5.47112,887.83,370.338,-0.480468,-0.403268,5.03072,814.185,417.614,-0.298464,-0.332317,5.54923,877.884,448.57,-0.461963,-0.387903,5.00581,819.103,421.691,-0.281302,-0.300158,5.55521,882.689,457.507,-0.50405,-0.401914,5.05764,807.842,418.674,-0.324639,-0.351924,5.54359,870.592,443.077,-0.64759,-0.226444,5.04769,764.126,471.508,-0.507955,-0.242581,5.63081,822.272,474.226,-0.773306,0.342686,5.70218,752.948,631.754,-0.0517448,0.553031,5.46492,945.544,694.502,-0.790674,0.374386,5.63259,745.682,641.48,0.0160698,0.544345,5.42703,964.521,693.137,-0.633989,0.455799,5.57334,786.326,664.861,-0.0297787,0.523488,5.247,951.335,692.323,-0.78199,0.358536,5.66738,749.337,636.587,-0.0178375,0.548688,5.44597,954.999,693.822
46,1.53487,2,896.626,438.611,-0.141612,-0.397923,6.40992,926.27,445.22,-0.0937906,-0.382837,6.35,937.45,447.953,-0.189433,-0.41301,6.46983,915.297,442.538,-0.266786,-0.668286,6.20691,894.377,375.617,-0.320432,-0.784155,6.11991,880.061,344.374,-0.252444,-0.106168,6.12959,897.122,513.556,-0.39966,-0.087343,6.46325,865.592,519.368,-0.169163,0.251544,6.21938,918.473,601.75,-0.119972,0.102998,6.63043,932.375,563.717,-0.261094,0.344372,6.10619,894.718,626.105,-0.20337,0.250798,6.64748,913.291,597.602,-0.345912,-0.844738,5.92954,870.934,322.494,-0.183358,-0.717576,6.03842,913.64,358.568,-0.44849,-0.780594,6.26207,850.654,349.684,-0.206446,-0.740687,6.01074,907.562,351.862,-0.46717,-0.80318,6.23012,845.515,343.173,-0.0983069,-0.471548,6.01284,935.038,420.267,-0.516891,-0.541025,6.35607,835.841,410.044,-0.0720037,-0.449225,6.01476,941.723,425.971,-0.518895,-0.532002,6.39365,836.092,412.962,-0.133602,-0.478474,6.01225,926.073,418.496,-0.513444,-0.535676,6.32607,836.084,410.718,-0.268737,-0.308904,5.94701,891.008,460.696,-0.587629,-0.309516,6.32682,818.196,465.309,-0.299507,0.340918,6.11267,885.193,625.151,-0.207206,0.268537,6.61299,912.162,601.998,-0.222681,0.347825,6.0997,904.263,627.061,-0.199535,0.233058,6.68197,914.409,593.251,-0.13836,0.289435,6.25051,926.204,610.698,-0.0691673,0.105792,6.65914,944.142,564.255,-0.261094,0.344372,6.10619,894.718,626.105,-0.20337,0.250798,6.64748,913.291,597.602
47,1.56823,1,852.893,489.146,-0.331917,-0.0918544,5.19854,862.52,513.023,-0.413684,-0.0913209,5.17185,837.878,513.042,-0.25015,-0.0923879,5.22523,886.909,513.005,-0.393697,-0.452733,5.29414,846.463,409.438,-0.420174,-0.607395,5.33511,839.758,366.181,-0.627504,0.02135,5.51125,786.165,545.914,-0.141132,0.238181,5.45423,920.494,606.672,-0.78746,0.341241,5.63312,746.574,632.487,-0.0252143,0.484124,5.19211,952.586,682.358,-0.90069,0.245513,5.7193,719.563,605.539,0.0169825,0.556306,5.33807,964.857,699.11,-0.472317,-0.759295,5.46597,828.073,327.914,-0.514752,-0.577638,5.18871,808.537,370.033,-0.29502,-0.549109,5.45129,877.373,386.21,-0.537128,-0.607279,5.20844,802.551,361.988,-0.310025,-0.587701,5.46233,873.346,375.734,-0.500449,-0.388978,5.01384,807.609,421.553,-0.399557,-0.350931,5.58424,850.76,444.054,-0.480605,-0.373221,4.99147,812.996,425.842,-0.387749,-0.318282,5.59566,854.204,453.158,-0.527312,-0.388973,5.03635,800.147,422.084,-0.421444,-0.372637,5.57593,844.604,437.968,-0.681879,-0.234601,4.9939,751.533,468.277,-0.608295,-0.306721,5.68853,796.739,457.679,-0.882719,0.225874,5.74798,725.536,599.996,-0.0154866,0.563231,5.35855,955.588,700.475,-0.91866,0.265152,5.69061,713.53,611.139,0.0494515,0.54938,5.31759,974.198,697.735,-0.800595,0.397492,5.63731,743.175,647.653,-0.00817847,0.513764,5.14409,957.573,692.484,-0.90069,0.245513,5.7193,719.563,605.539,0.0169825,0.556306,5.33807,964.857,699.11
47,1.56823,2,894.106,443.618,-0.142118,-0.368439,6.44115,926.314,452.668,-0.0968765,-0.353504,6.37941,936.815,455.397,-0.187359,-0.383373,6.50288,916.012,449.991,-0.26776,-0.639003,6.25331,894.626,383.987,-0.321607,-0.754959,6.17281,880.455,353.272,-0.253587,-0.0697913,6.14909,897.037,522.672,-0.473715,-0.116091,6.43465,847.601,512.455,-0.111528,0.290567,6.17431,932.422,611.85,-0.292123,0.166485,6.62858,892.716,578.346,-0.220581,0.384736,6.07887,904.599,636.629,-0.424014,0.268609,6.60129,861.933,602.124,-0.362725,-0.816094,5.98734,867.506,331.898,-0.196956,-0.694777,6.07273,910.483,365.325,-0.428036,-0.762907,6.32571,856.691,355.867,-0.223976,-0.721839,6.05233,903.5,357.91,-0.449663,-0.784309,6.29579,850.955,349.802,-0.151169,-0.453155,5.99094,921.476,424.516,-0.474884,-0.549823,6.46758,847.898,410.207,-0.128253,-0.42938,5.98264,927.27,430.423,-0.47403,-0.536376,6.50067,848.669,414.026,-0.183972,-0.462388,6.00055,913.191,422.352,-0.474688,-0.548029,6.43433,847.365,409.962,-0.346195,-0.31829,5.94988,871.166,458.326,-0.551564,-0.347272,6.36735,827.747,456.732,-0.25662,0.383509,6.09386,895.706,636.084,-0.425582,0.278819,6.56376,861.008,604.854,-0.184542,0.385963,6.06388,913.536,637.177,-0.422446,0.258399,6.63881,862.848,599.425,-0.0709482,0.328584,6.19291,942.509,621.007,-0.253811,0.192086,6.66619,901.87,583.993,-0.220581,0.384736,6.07887,904.599,636.629,-0.424014,0.268609,6.60129,861.933,602.124
48,1.6016,1,838.784,489.297,-0.384978,-0.0938095,5.24446,847.926,512.69,-0.46657,-0.0931664,5.21617,823.437,512.731,-0.303385,-0.0944525,5.27274,872.153,512.651,-0.451061,-0.453196,5.32838,830.756,410.145,-0.479382,-0.607219,5.36435,823.563,367.179,-0.705427,0.0157123,5.5343,765.393,544.335,-0.15139,0.25155,5.43793,917.496,610.625,-0.904539,0.28507,5.70878,718.09,616.239,-0.00816715,0.484357,5.17792,957.592,682.817,-0.999656,0.181344,5.80848,697.241,587.666,0.0399904,0.573593,5.3148,971.488,704.773,-0.536161,-0.75797,5.49107,810.924,329.252,-0.560302,-0.576299,5.21525,795.973,371.29,-0.366021,-0.560637,5.49228,858.253,384.153,-0.585192,-0.606001,5.23258,789.254,363.182,-0.382217,-0.599151,5.49964,853.893,373.67,-0.536572,-0.38615,5.0283,797.079,422.752,-0.524463,-0.373572,5.60504,817.142,438.243,-0.519238,-0.368412,5.00671,801.663,427.656,-0.526438,-0.342857,5.6218,817.031,446.888,-0.564388,-0.388927,5.05075,789.395,422.434,-0.536871,-0.398436,5.58665,813.281,431.113,-0.744334,-0.253968,5.01472,733.384,462.678,-0.76667,-0.407498,5.60677,751.231,429.036,-0.977144,0.163048,5.83464,704.31,582.665,0.00825211,0.584449,5.33457,962.362,707.269,-1.02217,0.199641,5.78232,690.108,592.713,0.0717288,0.562738,5.29502,980.682,702.258,-0.922267,0.339365,5.71645,713.68,630.638,0.0106317,0.50837,5.12833,963.165,691.347,-0.999656,0.181344,5.80848,697.241,587.666,0.0399904,0.573593,5.3148,971.488,704.773
48,1.6016,2,889.664,447.775,-0.14706,-0.341116,6.36437,924.722,458.169,-0.0997638,-0.325091,6.30388,935.838,461.265,-0.194356,-0.357142,6.42487,913.815,455.132,-0.274561,-0.604504,6.15926,891.942,390.156,-0.329204,-0.717385,6.07135,877.215,359.6,-0.255098,-0.0369272,6.06074,895.738,530.698,-0.53096,-0.135183,6.36392,832.618,507.568,-0.0700325,0.306809,6.10734,942.493,616.698,-0.425425,0.190964,6.55452,860.905,584.482,-0.176412,0.40094,6.01104,915.193,641.835,-0.587374,0.240911,6.54614,823.007,596.187,-0.372019,-0.77082,5.88302,863.454,339.958,-0.204274,-0.659143,5.97659,907.817,371.618,-0.439219,-0.731594,6.21799,852.155,360.366,-0.231244,-0.689055,5.95831,900.746,363.437,-0.459185,-0.751528,6.18518,846.654,354.492,-0.205642,-0.430227,5.84926,906.324,427.703,-0.511653,-0.531321,6.36643,837.299,412.582,-0.186489,-0.404276,5.83819,911.231,434.277,-0.516627,-0.51436,6.39389,836.638,417.18,-0.236442,-0.443774,5.85737,898.37,424.328,-0.506666,-0.533647,6.33305,837.855,411.35,-0.409991,-0.342168,5.75829,851.295,449.278,-0.57836,-0.370269,6.20302,817.648,448.865,-0.212519,0.399586,6.02572,906.153,641.244,-0.596766,0.249186,6.50934,820.03,598.446,-0.140304,0.402293,5.99636,924.277,642.429,-0.577982,0.232635,6.58294,825.951,593.954,-0.0274552,0.342979,6.12664,953.158,625.47,-0.394138,0.228287,6.58846,868.666,592.901,-0.176412,0.40094,6.01104,915.193,641.835,-0.587374,0.240911,6.54614,823.007,596.187
49,1.63497,1,822.189,486.547,-0.452955,-0.10554,5.33347,830.338,509.788,-0.530547,-0.105725,5.30165,807.215,509.554,-0.375362,-0.105355,5.36528,853.186,510.02,-0.517013,-0.469828,5.40266,813.896,407.23,-0.544467,-0.625951,5.43232,806.977,364.076,-0.784889,0.00759315,5.58851,745.572,542.074,-0.193925,0.246102,5.42341,905.408,609.281,-0.988771,0.29405,5.71589,695.892,618.543,-0.0170148,0.475726,5.18962,954.994,679.956,-1.08916,0.196063,5.81253,673.914,591.499,0.0474923,0.580418,5.31039,973.654,706.872,-0.605936,-0.776213,5.55503,793.463,326.664,-0.614242,-0.589386,5.2803,782.397,369.584,-0.440188,-0.588267,5.57047,839.353,378.768,-0.639941,-0.620481,5.29532,775.492,361.102,-0.456538,-0.627123,5.57412,834.954,368.231,-0.603006,-0.389761,5.10041,779.496,423.329,-0.615418,-0.409949,5.67346,794.388,429.681,-0.58883,-0.369892,5.07901,782.997,428.81,-0.623107,-0.380816,5.68949,792.792,437.809,-0.629199,-0.395871,5.1246,772.545,422.06,-0.622649,-0.436349,5.65358,791.853,422.164,-0.819274,-0.280549,5.11258,715.343,456.221,-0.841866,-0.485206,5.64377,732.258,408.742,-1.06844,0.17991,5.84143,680.746,587.022,0.0180989,0.596404,5.33031,965.184,710.827,-1.10989,0.212216,5.78363,667.014,596.021,0.0768858,0.564433,5.29048,982.188,702.887,-1.00704,0.348998,5.71786,691.104,633.188,0.0016363,0.49382,5.13828,960.486,686.731,-1.08916,0.196063,5.81253,673.914,591.499,0.0474923,0.580418,5.31039,973.654,706.872
49,1.63497,2,886.588,451.432,-0.155299,-0.316483,6.35033,922.663,463.911,-0.11138,-0.298728,6.2885,932.959,467.473,-0.199218,-0.334239,6.41215,912.566,460.417,-0.288561,-0.584216,6.1549,888.421,395.082,-0.345673,-0.698958,6.07115,873.071,364.228,-0.250892,-0.00600117,6.04914,896.677,538.485,-0.557349,-0.163129,6.34208,825.827,500.729,-0.0308509,0.314805,6.07833,952.251,619.073,-0.562488,0.191893,6.49926,827.865,585.078,-0.130684,0.394923,5.96799,926.568,641.031,-0.731001,0.194686,6.47809,787.718,585.884,-0.399987,-0.758613,5.89137,856.343,343.405,-0.233143,-0.639686,5.96522,900.329,376.277,-0.443693,-0.712623,6.22452,851.171,365.207,-0.26016,-0.671736,5.95138,893.259,367.674,-0.464913,-0.734111,6.19347,845.394,359.034,-0.252422,-0.428563,5.81211,893.693,427.423,-0.52505,-0.521637,6.37818,834.318,415.135,-0.233048,-0.404724,5.79688,898.621,433.406,-0.530157,-0.504946,6.40495,833.626,419.636,-0.282114,-0.439756,5.8235,886.038,424.709,-0.521988,-0.524209,6.34484,834.395,413.86,-0.451778,-0.339392,5.72129,839.441,449.432,-0.617613,-0.378407,6.21605,808.305,447.058,-0.167071,0.395799,5.98187,917.359,641.02,-0.739554,0.196536,6.44027,784.679,586.592,-0.0942978,0.394048,5.95411,935.82,641.042,-0.722449,0.192836,6.51591,790.722,585.184,0.0138339,0.350532,6.0942,963.466,627.817,-0.54582,0.2392,6.53004,832.385,595.926,-0.130684,0.394923,5.96799,926.568,641.031,-0.731001,0.194686,6.47809,787.718,585.884
50,1.66833,1,805.43,485.572,-0.517011,-0.114145,5.41651,814.27,507.826,-0.59052,-0.114801,5.37863,792.378,507.413,-0.443503,-0.11349,5.45439,835.858,508.233,-0.588728,-0.477886,5.47239,795.75,406.674,-0.619464,-0.633774,5.49634,787.928,363.952,-0.853177,0.0139104,5.64652,729.311,543.761,-0.256282,0.235604,5.47435,888.525,605.708,-1.03433,0.342454,5.69312,682.618,631.838,-0.0623245,0.438411,5.22505,941.789,668.103,-1.15126,0.260541,5.7836,656.091,608.777,0.0361482,0.566291,5.29189,970.429,703.38,-0.704745,-0.786321,5.60332,767.976,325.749,-0.67331,-0.585882,5.33722,767.394,372.404,-0.520587,-0.606322,5.64161,819.117,375.915,-0.699225,-0.61936,5.34952,760.441,363.235,-0.538743,-0.64444,5.64298,814.239,365.642,-0.668786,-0.383805,5.16368,762.259,426.52,-0.674692,-0.419247,5.75141,780.898,428.708,-0.655825,-0.36247,5.14299,765.311,432.397,-0.683835,-0.391979,5.76635,778.941,436.216,-0.69517,-0.392679,5.18709,755.386,424.42,-0.680651,-0.44623,5.73096,778.671,421.122,-0.893227,-0.298423,5.17288,696.368,451.922,-0.885945,-0.519625,5.70488,722.901,400.937,-1.13564,0.24764,5.81702,661.937,604.996,0.0132538,0.591241,5.31114,963.81,709.959,-1.16688,0.273441,5.75019,650.178,612.602,0.0590426,0.541342,5.27265,977.096,696.752,-1.04912,0.39852,5.68511,678.256,647.024,-0.0521449,0.440976,5.16893,944.598,670.252,-1.15126,0.260541,5.7836,656.091,608.777,0.0361482,0.566291,5.29189,970.429,703.38
50,1.66833,2,883.606,452.969,-0.171597,-0.31126,6.40236,919.08,465.775,-0.129638,-0.294486,6.34155,928.789,469.101,-0.213557,-0.328035,6.46316,909.553,462.51,-0.311884,-0.58664,6.21319,883.362,395.846,-0.372006,-0.70466,6.13212,867.379,364.556,-0.233404,0.0131704,6.09842,901.567,543.297,-0.579607,-0.168444,6.39196,821.558,499.766,0.000532821,0.327412,6.09953,960.133,621.953,-0.670846,0.18515,6.52948,803.14,583.293,-0.0636106,0.407555,5.96217,943.711,644.364,-0.83794,0.155789,6.50715,763.396,576.552,-0.435805,-0.766707,5.95457,848.26,343.416,-0.266318,-0.640214,6.01975,892.455,377.626,-0.46264,-0.718935,6.29068,847.717,365.514,-0.293246,-0.674025,6.00864,885.488,368.735,-0.483728,-0.741575,6.2597,842.018,359.128,-0.308057,-0.435841,5.85888,879.724,426.425,-0.557746,-0.526009,6.43539,827.678,415.208,-0.28843,-0.413822,5.84052,884.602,431.824,-0.564473,-0.508617,6.46121,826.618,419.816,-0.336295,-0.444323,5.87295,872.575,424.492,-0.554124,-0.529687,6.40231,827.858,413.686,-0.504286,-0.330494,5.773,826.634,452.596,-0.658933,-0.395125,6.26503,799.422,443.71,-0.101495,0.414262,5.96802,934.035,645.978,-0.845827,0.153218,6.46926,760.384,576.16,-0.0257262,0.400848,5.95633,953.406,642.747,-0.830054,0.15836,6.54504,766.374,576.94,0.0455535,0.360181,6.11859,971.367,629.875,-0.665232,0.236157,6.55738,805.114,594.984,-0.0636106,0.407555,5.96217,943.711,644.364,-0.83794,0.155789,6.50715,763.396,576.552
51,1.7017,1,789.506,486.328,-0.583527,-0.128624,5.60821,801.143,504.984,-0.654641,-0.127962,5.56424,780.375,504.889,-0.512412,-0.129287,5.65217,821.588,505.077,-0.668577,-0.493487,5.64551,779.192,406.543,-0.705027,-0.649857,5.6615,769.873,364.751,-0.92688,0.0581828,5.79455,715.785,555.33,-0.346267,0.236397,5.67395,866.826,603.61,-1.05037,0.418148,5.76528,681.842,650.734,-0.17179,0.411099,5.38671,911.31,656.518,-1.1891,0.366878,5.8464,649.473,635.808,-0.0715001,0.55062,5.41587,939.844,695.222,-0.791972,-0.801055,5.76754,750.353,327.949,-0.751137,-0.590008,5.50336,751.618,376.319,-0.605184,-0.635976,5.80535,800.842,372.744,-0.778302,-0.624171,5.51296,744.458,367.143,-0.6255,-0.672663,5.80637,795.528,363.127,-0.757562,-0.373306,5.34971,743.799,433.462,-0.713717,-0.435598,5.93977,776.547,428.034,-0.747732,-0.349353,5.33092,745.852,439.947,-0.720209,-0.409761,5.95554,775.368,434.954,-0.781986,-0.386592,5.37367,737.824,430.163,-0.722876,-0.461357,5.91871,773.531,420.991,-0.985506,-0.314482,5.38416,680.546,450.824,-0.924389,-0.533798,5.89693,720.67,401.796,-1.18025,0.357492,5.88332,653.719,632.771,-0.0933497,0.578912,5.43144,933.76,702.73,-1.19795,0.376263,5.80947,645.173,638.884,-0.0496504,0.522328,5.4003,945.963,687.671,-1.05468,0.474248,5.74762,679.843,665.976,-0.167317,0.402208,5.33001,912.073,655.211,-1.1891,0.366878,5.8464,649.473,635.808,-0.0715001,0.55062,5.41587,939.844,695.222
51,1.7017,2,880.131,451.937,-0.194754,-0.313164,6.39674,913.517,465.255,-0.154431,-0.298579,6.3346,922.779,468.037,-0.235077,-0.32775,6.45887,904.432,462.526,-0.3403,-0.596541,6.21727,876.434,393.509,-0.402677,-0.717989,6.14036,859.878,361.478,-0.201572,0.0205266,6.08985,909.465,545.146,-0.604855,-0.171617,6.40557,815.834,499.096,0.039253,0.333692,6.06752,969.877,623.966,-0.699643,0.189128,6.53232,796.477,584.204,-0.0532871,0.426063,5.95767,946.344,649.186,-0.867381,0.157058,6.52465,757.035,576.751,-0.476608,-0.781805,5.96959,838.105,340.049,-0.303774,-0.647756,6.025,883.023,375.857,-0.473852,-0.73934,6.30461,845.25,360.958,-0.329415,-0.683841,6.01498,876.386,366.424,-0.496133,-0.763056,6.27414,839.271,354.318,-0.339463,-0.459376,5.84287,871.298,419.964,-0.578378,-0.609609,6.50157,824.18,396.846,-0.315021,-0.434109,5.83748,877.608,426.462,-0.583062,-0.597986,6.53029,823.683,400.193,-0.366343,-0.469941,5.84115,864.246,417.167,-0.583536,-0.60945,6.46841,822.267,396.15,-0.444893,-0.346299,5.66086,840.011,446.602,-0.763053,-0.5193,6.38353,777.5,415.799,-0.0890512,0.430803,5.97222,937.235,650.132,-0.878162,0.152481,6.48769,753.342,575.884,-0.017523,0.421322,5.94311,955.498,648.235,-0.8566,0.161634,6.56161,760.687,577.609,0.0877761,0.36535,6.08006,982.041,631.742,-0.692911,0.241784,6.5574,798.67,596.294,-0.0532871,0.426063,5.95767,946.344,649.186,-0.867381,0.157058,6.52465,757.035,576.751
52,1.73507,1,772.745,489.267,-0.640221,-0.130597,5.75084,790.032,505.328,-0.71039,-0.129594,5.70033,769.732,505.29,-0.570052,-0.131601,5.80135,809.978,505.366,-0.753867,-0.492476,5.78054,760.889,409.927,-0.802572,-0.647567,5.79327,748.491,369.341,-0.987924,0.074481,5.91572,705.033,559.222,-0.455705,0.256761,5.83551,840.773,607.177,-1.05715,0.438721,5.83667,683.472,654.761,-0.302899,0.362648,5.50721,876.028,640.536,-1.21791,0.427443,5.89608,644.629,650.684,-0.244184,0.524847,5.4983,892.196,685.738,-0.901285,-0.80048,5.89034,726.391,332.519,-0.842551,-0.573943,5.63359,731.661,384.456,-0.702506,-0.644998,5.93538,779.295,374.088,-0.870965,-0.608449,5.64091,724.267,375.319,-0.724924,-0.681338,5.93326,773.462,364.677,-0.86545,-0.338632,5.51081,720.23,446.183,-0.738298,-0.494723,6.15316,776.81,417.247,-0.859676,-0.312094,5.49379,721.091,453.267,-0.733264,-0.472096,6.17683,778.756,423.31,-0.885401,-0.356097,5.53713,715.868,441.813,-0.758707,-0.515497,6.13355,771.144,411.683,-1.08564,-0.302013,5.59507,663.756,457.588,-0.950294,-0.581127,6.21202,726.442,397.174,-1.21772,0.423314,5.9351,646.751,648.894,-0.273998,0.549455,5.50424,883.999,692.406,-1.2181,0.431572,5.85706,642.479,652.497,-0.214369,0.500239,5.49236,900.41,679.055,-1.04867,0.490841,5.81219,684.533,668.935,-0.291566,0.338058,5.45565,878.406,634.605,-1.21791,0.427443,5.89608,644.629,650.684,-0.244184,0.524847,5.4983,892.196,685.738
52,1.73507,2,876.391,449.525,-0.229392,-0.321541,6.42837,905.519,463.633,-0.189307,-0.308452,6.36487,914.591,466.011,-0.269477,-0.334631,6.49187,896.625,461.302,-0.371087,-0.616356,6.26114,869.512,389.704,-0.431813,-0.742704,6.18947,853.485,356.797,-0.160867,0.0164354,6.12752,919.918,544.095,-0.63092,-0.163957,6.43777,810.374,501.117,0.0698055,0.331236,6.06277,977.579,623.413,-0.662116,0.217157,6.53829,805.389,590.708,-0.0107096,0.44016,5.95221,957.253,652.902,-0.830765,0.20244,6.55171,766.406,587.175,-0.519135,-0.803564,6.02806,828.516,336.478,-0.342489,-0.674519,6.0706,873.864,370.359,-0.486825,-0.77264,6.3513,842.975,354.269,-0.368738,-0.709704,6.06095,867.115,361.226,-0.507668,-0.798215,6.32108,837.381,347.204,-0.368625,-0.479478,5.89273,864.493,415.772,-0.628732,-0.676816,6.54567,813.351,382.135,-0.341751,-0.458544,5.88323,871.312,421.003,-0.635874,-0.66631,6.57468,812.339,385.271,-0.397018,-0.485474,5.89503,857.176,414.267,-0.635113,-0.67954,6.51298,811.119,380.704,-0.484921,-0.347562,5.72441,830.667,447.302,-0.845342,-0.654285,6.44082,759.617,384.906,-0.0460861,0.448483,5.96606,948.206,654.77,-0.846406,0.196865,6.51669,761.701,586.122,0.0246669,0.431837,5.93836,966.342,651.025,-0.815125,0.208015,6.58673,771.06,588.216,0.11904,0.359359,6.07503,989.917,630.313,-0.646307,0.271011,6.55705,809.513,603.102,-0.0107096,0.44016,5.95221,957.253,652.902,-0.830765,0.20244,6.55171,766.406,587.175
53,1.76843,1,756.592,493.338,-0.673076,-0.122628,5.74597,781.158,507.417,-0.741552,-0.121099,5.69317,761.136,507.524,-0.604601,-0.124156,5.79877,800.815,507.311,-0.807931,-0.4715,5.77928,746.563,415.44,-0.865726,-0.621017,5.79355,731.858,376.346,-1.02325,0.0814424,5.92032,696.121,561.003,-0.600878,0.267349,5.93547,805.439,608.769,-1.03301,0.445546,5.79863,688.013,657.31,-0.462881,0.324843,5.58327,833.425,628.829,-1.19443,0.47192,5.85242,648.404,663.112,-0.405723,0.482917,5.55748,848.539,672.667,-0.973005,-0.772222,5.89238,707.888,339.912,-0.913943,-0.539385,5.63712,712.468,393.914,-0.763851,-0.616348,5.93714,763.573,381.504,-0.943607,-0.573501,5.64595,704.834,384.916,-0.788921,-0.651134,5.93914,757.195,372.615,-0.970335,-0.289739,5.56679,693.875,460.536,-0.791308,-0.430201,6.13098,762.946,432.87,-0.968336,-0.260929,5.55105,693.67,468.234,-0.770124,-0.40715,6.15164,768.865,438.951,-0.98224,-0.309436,5.59603,692.018,455.577,-0.819657,-0.440886,6.11665,755.409,429.952,-1.15651,-0.24759,5.72077,651.351,473.923,-0.991861,-0.356466,6.24626,717.563,452.87,-1.19573,0.47256,5.89162,650.137,662.459,-0.43611,0.507489,5.5586,840.216,679.39,-1.19312,0.47128,5.81323,646.647,663.774,-0.375337,0.458345,5.55635,856.866,665.942,-1.01496,0.492474,5.76876,691.381,670.338,-0.450068,0.292116,5.53559,835.868,620.568,-1.19443,0.47192,5.85242,648.404,663.112,-0.405723,0.482917,5.55748,848.539,672.667
53,1.76843,2,871.905,448.907,-0.267011,-0.331081,6.53065,897.577,462.599,-0.226198,-0.31981,6.4662,906.592,464.489,-0.307824,-0.342351,6.5951,888.739,460.746,-0.404659,-0.638879,6.37717,863.121,387.047,-0.463651,-0.770793,6.3114,847.841,353.542,-0.156105,0.000941753,6.22873,921.736,540.231,-0.640929,-0.123009,6.52359,810,511.212,0.0579463,0.321318,6.16035,974.361,619.634,-0.645744,0.254708,6.62774,811.247,598.674,0.0226774,0.452672,6.0438,965.729,654.352,-0.811725,0.28471,6.60284,772.307,605.833,-0.570618,-0.828508,6.16526,818.693,334.83,-0.391258,-0.695839,6.18088,863.355,368.119,-0.504343,-0.811045,6.471,841.006,348.644,-0.417816,-0.731341,6.1743,856.684,359.157,-0.521317,-0.835199,6.43847,836.38,341.949,-0.419143,-0.490494,6.01972,853.695,415.598,-0.672981,-0.790336,6.66583,805.859,358.98,-0.392689,-0.474789,6.00237,860.116,419.233,-0.680423,-0.793093,6.69825,804.909,359.228,-0.446695,-0.490855,6.03096,846.918,415.739,-0.677976,-0.778697,6.6355,804.005,360.831,-0.554208,-0.329043,5.90262,816.65,454.891,-0.887948,-0.713091,6.59614,754.474,374.947,-0.0139811,0.464702,6.04854,956.471,657.299,-0.819896,0.283225,6.565,769.325,605.867,0.059336,0.440643,6.03906,975.001,651.4,-0.803554,0.286196,6.64068,775.256,605.799,0.102252,0.344653,6.18449,985.243,625.084,-0.623456,0.302862,6.65261,816.919,609.506,0.0226774,0.452672,6.0438,965.729,654.352,-0.811725,0.28471,6.60284,772.307,605.833
54,1.8018,2,865.231,447.636,-0.286577,-0.34089,6.63569,894.064,461.567,-0.25429,-0.333143,6.56841,900.893,462.565,-0.318865,-0.348637,6.70297,887.371,460.59,-0.444493,-0.659106,6.50398,855.659,385.28,-0.512171,-0.795484,6.44753,838.72,351.632,-0.2077,0.00070852,6.3236,909.853,540.171,-0.66332,-0.12347,6.63809,807.437,511.602,0.051834,0.306318,6.28583,972.59,614.401,-0.606462,0.271588,6.69855,821.773,601.901,0.043142,0.443066,6.16683,970.681,649.692,-0.770616,0.319359,6.67961,783.861,612.996,-0.629269,-0.855415,6.30607,807.648,332.896,-0.458547,-0.713939,6.30878,849.03,367.224,-0.532975,-0.849371,6.60499,836.802,343.667,-0.487005,-0.747912,6.30591,842.089,358.919,-0.552281,-0.868767,6.571,831.679,338.144,-0.469718,-0.509198,6.13903,843.183,413.364,-0.669299,-0.915249,6.81584,810.076,334.984,-0.447106,-0.500186,6.11264,848.326,415.069,-0.678073,-0.924103,6.84416,808.74,333.857,-0.492552,-0.502507,6.15978,837.917,415.449,-0.674159,-0.897112,6.78731,808.353,338.202,-0.597778,-0.316991,6.07139,809.679,460.287,-0.871436,-0.829983,6.71938,761.996,351.414,0.00768387,0.4592,6.16855,961.902,653.655,-0.781517,0.316034,6.64246,780.37,612.64,0.0786002,0.426932,6.1651,979.465,645.727,-0.759715,0.322684,6.71677,787.313,613.348,0.0964261,0.324265,6.31451,983.314,618.402,-0.576323,0.319731,6.71642,828.992,612.68,0.043142,0.443066,6.16683,970.681,649.692,-0.770616,0.319359,6.67961,783.861,612.996
54,1.8018,1,741.844,497.518,-0.707948,-0.10703,5.7565,772.236,511.613,-0.769855,-0.106825,5.70207,753.868,511.397,-0.64604,-0.107234,5.81094,790.261,511.826,-0.855297,-0.451148,5.81132,735.296,421.474,-0.918447,-0.598627,5.83482,719.677,383.362,-1.04638,0.112874,5.92441,690.341,569.088,-0.768923,0.243409,6.00098,764.373,601.927,-0.997572,0.455963,5.76211,695.679,660.814,-0.606787,0.307076,5.66135,796.362,622.812,-1.15954,0.484311,5.80786,655.184,667.314,-0.566953,0.469037,5.66871,807.302,666.326,-1.02475,-0.747016,5.94179,696.687,348.053,-0.985169,-0.511415,5.68568,695.456,402.672,-0.792891,-0.592239,5.95637,756.764,388.196,-1.01368,-0.546379,5.69932,688.453,393.634,-0.819718,-0.624739,5.9667,750.251,380.142,-1.07495,-0.25925,5.63513,668.76,469.76,-0.693542,-0.417798,6.14236,787.612,436.151,-1.07587,-0.231488,5.61354,667.389,477.04,-0.662866,-0.401113,6.15452,795.563,440.496,-1.07994,-0.27397,5.66796,669.101,466.202,-0.72735,-0.421389,6.13877,779.103,435.198,-1.22715,-0.160465,5.80875,637.459,497.824,-0.835512,-0.313063,6.31859,758.116,464.355,-1.16223,0.487055,5.84686,656.514,667.182,-0.599649,0.490221,5.66589,798.416,672.097,-1.15685,0.481567,5.76886,653.836,667.449,-0.534258,0.447853,5.67152,816.18,660.56,-0.976632,0.500056,5.73014,699.784,673.236,-0.582644,0.28034,5.61343,801.531,616.248,-1.15954,0.484311,5.80786,655.184,667.314,-0.566953,0.469037,5.66871,807.302,666.326
55,1.83517,2,858.421,446.033,-0.307641,-0.361901,6.71119,890.014,457.67,-0.281995,-0.355273,6.64148,895.175,458.329,-0.333286,-0.368529,6.78091,884.959,457.024,-0.477863,-0.675684,6.60879,849.605,383.904,-0.550815,-0.810163,6.5649,831.901,351.586,-0.305001,-0.00808287,6.4067,887.316,538.074,-0.657279,-0.114744,6.69838,810.187,513.847,0.00670186,0.254201,6.41307,961.596,600.517,-0.569263,0.282954,6.73174,830.892,604.174,0.0161095,0.415229,6.32793,963.887,640.183,-0.73052,0.344991,6.72961,794.266,618.268,-0.692417,-0.872196,6.44923,796.081,333.521,-0.516131,-0.732582,6.41679,837.196,365.696,-0.547013,-0.865889,6.71842,835.692,343.228,-0.54636,-0.763742,6.4163,829.994,358.268,-0.567412,-0.886342,6.6871,830.452,337.637,-0.50878,-0.513614,6.25805,835.875,414.696,-0.685834,-0.952469,6.92202,808.729,329.919,-0.493017,-0.50451,6.22701,839.121,416.303,-0.700937,-0.959819,6.94377,805.882,328.961,-0.523366,-0.505734,6.28723,832.909,417.191,-0.684213,-0.935919,6.8923,808.436,332.679,-0.604907,-0.289337,6.27108,812.73,469.558,-0.835794,-0.882957,6.74102,770.703,340.022,-0.0158868,0.435832,6.33676,956.172,645.008,-0.745602,0.343702,6.69374,789.938,618.394,0.0481057,0.394626,6.3191,971.623,635.345,-0.715437,0.346281,6.76549,798.549,618.144,0.0556261,0.257347,6.44021,973.187,601.008,-0.533553,0.329574,6.74502,839.229,614.6,0.0161095,0.415229,6.32793,963.887,640.183,-0.73052,0.344991,6.72961,794.266,618.268
55,1.83517,1,730.017,496.804,-0.761208,-0.108287,5.86845,761.962,511.828,-0.815672,-0.108167,5.81264,745.755,511.589,-0.706744,-0.108406,5.92425,777.863,512.062,-0.904942,-0.450285,5.93125,727.06,424.093,-0.966542,-0.596856,5.95816,712.328,387.058,-1.07027,0.155402,5.99729,687.538,579.561,-0.912781,0.15843,6.15819,733.701,579.278,-0.960128,0.459568,5.79313,706.963,661.117,-0.769444,0.279901,5.82733,758.407,613.334,-1.1127,0.50968,5.84526,669.368,673.126,-0.757038,0.447432,5.83179,761.809,657.137,-1.07654,-0.742076,6.06531,689.014,353.206,-1.05614,-0.505074,5.82054,682.969,407.517,-0.824109,-0.591852,6.05714,752.276,390.819,-1.081,-0.541592,5.83667,677.233,398.331,-0.84867,-0.624606,6.07227,746.619,382.955,-1.16398,-0.256007,5.79332,653.247,472.533,-0.669238,-0.445723,6.21448,795.584,430.496,-1.16729,-0.23288,5.76396,650.809,478.315,-0.646979,-0.428663,6.22879,801.418,434.929,-1.16321,-0.262666,5.8265,655.197,471.172,-0.703167,-0.454637,6.20964,787.114,428.219,-1.28245,-0.0888541,5.92911,629.767,517.12,-0.865487,-0.435211,6.36153,752.285,435.55,-1.11235,0.515771,5.88403,671.374,673.829,-0.792194,0.463647,5.82623,752.407,661.498,-1.11305,0.50359,5.8065,667.335,672.413,-0.721882,0.431217,5.83735,771.192,652.784,-0.934957,0.497258,5.75568,711.993,671.903,-0.739766,0.25811,5.78034,764.607,608.174,-1.1127,0.50968,5.84526,669.368,673.126,-0.757038,0.447432,5.83179,761.809,657.137
56,1.86853,1,721.458,493.717,-0.812958,-0.107733,5.98084,752.473,512.499,-0.861642,-0.106984,5.92233,737.872,512.42,-0.764275,-0.108481,6.03934,766.79,512.576,-0.94177,-0.459211,6.05485,722.529,424.208,-0.996975,-0.609844,6.08657,709.919,387.027,-1.08508,0.195504,6.06817,686.994,589.189,-1.03195,0.0451648,6.29903,709.877,550.947,-0.939577,0.462833,5.84883,714.737,660.816,-0.897718,0.289916,6.05133,733.505,613.146,-1.08181,0.529849,5.90802,680.438,676.924,-0.945469,0.434497,6.12416,724.294,648.32,-1.10486,-0.748689,6.20255,688.039,355.711,-1.10872,-0.520204,5.95949,675.959,406.73,-0.842794,-0.60385,6.16426,751.258,390.439,-1.12853,-0.557967,5.97865,671.81,397.513,-0.866513,-0.639053,6.17809,745.864,382.075,-1.2278,-0.267118,5.95302,645.109,471.493,-0.660265,-0.501947,6.33897,800.974,419.105,-1.23178,-0.249204,5.91917,642.283,475.722,-0.630339,-0.487175,6.34924,808.427,422.853,-1.22538,-0.267748,5.98349,647.331,471.681,-0.694603,-0.510886,6.34348,792.822,417.04,-1.34297,-0.054949,6.03015,619.979,526.088,-0.770861,-0.53046,6.56257,780.662,416.591,-1.07872,0.535111,5.94681,683.054,677.382,-0.983507,0.441354,6.11807,714.568,650.139,-1.0849,0.524587,5.86924,677.787,676.46,-0.90743,0.427639,6.13024,734.002,646.505,-0.911408,0.495183,5.80934,720.473,670.139,-0.859623,0.299599,6.00706,741.518,616.146,-1.08181,0.529849,5.90802,680.438,676.924,-0.945469,0.434497,6.12416,724.294,648.32
56,1.86853,2,852.419,444.202,-0.325917,-0.384657,6.8249,887.091,453.951,-0.307925,-0.376278,6.75232,890.376,454.92,-0.343909,-0.393035,6.89748,883.876,453.002,-0.511124,-0.695393,6.73705,844.169,382.41,-0.590498,-0.828566,6.6994,825.429,351.175,-0.40434,-0.0246276,6.55282,865.792,534.262,-0.656548,-0.124975,6.84132,813.481,512.11,-0.0858124,0.226088,6.57575,940.076,592.493,-0.544934,0.265706,6.84785,838.505,599.24,-0.0958167,0.391287,6.50404,937.508,631.85,-0.689289,0.364926,6.84226,806.195,621.428,-0.751938,-0.888327,6.61679,786.498,335.028,-0.570088,-0.746079,6.54257,826.966,365.897,-0.565854,-0.875811,6.85784,834.024,345.019,-0.602117,-0.775088,6.54449,819.533,359.181,-0.594248,-0.89798,6.83303,827.223,339.358,-0.541017,-0.510254,6.41347,831.209,418.532,-0.619257,-0.915679,7.12073,827.225,343.669,-0.527538,-0.497671,6.38251,833.808,420.953,-0.599849,-0.925366,7.15134,831.937,342.442,-0.551183,-0.505675,6.44603,829.451,420.23,-0.644256,-0.902014,7.10444,821.548,346.156,-0.601981,-0.27925,6.48425,818.26,474.249,-0.82284,-0.902786,7.26147,786.995,350.186,-0.126405,0.409985,6.51969,930.399,636.008,-0.70434,0.366512,6.80633,802.007,622.214,-0.0652286,0.37259,6.4884,944.651,627.672,-0.674238,0.363341,6.87819,810.339,620.651,-0.0330854,0.227635,6.59758,952.344,592.677,-0.501208,0.304447,6.85862,848.429,607.771,-0.0958167,0.391287,6.50404,937.508,631.85,-0.689289,0.364926,6.84226,806.195,621.428
57,1.9019,1,717.666,491.2,-0.877365,-0.125404,6.20747,744.208,509.156,-0.925064,-0.122836,6.15061,730.373,509.509,-0.829666,-0.127972,6.26433,757.792,508.811,-0.991148,-0.486585,6.28083,719.07,421.72,-1.03991,-0.641377,6.31227,708.475,384.869,-1.08257,0.240858,6.18553,692.794,599.45,-1.10113,-0.0106637,6.5305,702.568,537.507,-0.904556,0.459903,5.94179,727.573,658.173,-1.10497,0.358951,6.50593,700.695,624.235,-1.03018,0.560832,5.98927,697.393,682.964,-1.20759,0.388252,6.64264,682.445,629.236,-1.13893,-0.781993,6.4329,689.692,354.406,-1.16794,-0.545849,6.20423,672.59,405.676,-0.875838,-0.640872,6.36383,749.877,386.248,-1.18454,-0.58506,6.2237,669.418,396.477,-0.899136,-0.677178,6.37738,744.745,377.882,-1.2858,-0.288938,6.19475,643.102,468.788,-0.65745,-0.576751,6.5192,806.029,404.929,-1.2828,-0.270646,6.1611,642.115,472.932,-0.625374,-0.563206,6.52554,813.684,408.229,-1.28911,-0.289752,6.22382,643.771,468.922,-0.689775,-0.588161,6.52928,798.709,402.469,-1.41216,-0.0693582,6.23999,614.484,523.03,-0.705515,-0.661123,6.75441,800.527,390.561,-1.02642,0.568204,6.02766,700.016,683.921,-1.24503,0.380162,6.63453,673.491,627.484,-1.03393,0.553459,5.95087,694.736,681.995,-1.17016,0.396342,6.65075,691.377,630.985,-0.869918,0.480779,5.89997,734.889,664.413,-1.08403,0.409501,6.48768,704.894,636.368,-1.03018,0.560832,5.98927,697.393,682.964,-1.20759,0.388252,6.64264,682.445,629.236
57,1.9019,2,846.606,442.267,-0.339591,-0.39801,6.88348,884.679,451.721,-0.325849,-0.385181,6.80981,886.945,453.643,-0.353334,-0.41084,6.95714,882.46,449.841,-0.53471,-0.697851,6.78445,839.67,382.958,-0.618332,-0.826354,6.74201,819.976,352.869,-0.503062,-0.0519316,6.65127,844.525,528.079,-0.663228,-0.143762,6.942,814.136,508.382,-0.212936,0.225091,6.67463,911.293,591.487,-0.526118,0.232823,6.93387,844.155,591.265,-0.269033,0.383551,6.61686,897.924,628.499,-0.639543,0.369066,6.9308,819.118,621.3,-0.796667,-0.88392,6.68084,777.94,338,-0.59559,-0.740448,6.58748,821.962,368.389,-0.589081,-0.87975,6.89744,829.607,345.267,-0.629382,-0.767601,6.58746,814.13,362.096,-0.620674,-0.901253,6.87685,822.202,339.91,-0.56441,-0.490813,6.50488,827.528,424.802,-0.619817,-0.849456,7.15898,827.815,358.841,-0.553187,-0.472049,6.47655,829.594,428.721,-0.602283,-0.855704,7.19088,832.124,358.319,-0.571534,-0.493315,6.53897,826.555,424.818,-0.641973,-0.833925,7.13897,822.706,361.655,-0.608777,-0.284926,6.63651,819.948,474.452,-0.812084,-0.747152,7.27476,789.568,383.195,-0.299124,0.395576,6.63883,891.21,630.972,-0.65563,0.373831,6.89557,814.837,622.77,-0.238943,0.371526,6.5949,904.683,626.01,-0.623457,0.364302,6.96602,823.356,619.845,-0.157711,0.235299,6.68906,924.003,593.706,-0.475171,0.259878,6.9407,855.476,597.166,-0.269033,0.383551,6.61686,897.924,628.499,-0.639543,0.369066,6.9308,819.118,621.3
58,1.93527,1,711.54,487.55,-0.927512,-0.141012,6.27175,734.213,505.673,-0.977178,-0.139336,6.21594,719.986,505.776,-0.877845,-0.142689,6.32757,748.188,505.571,-1.01808,-0.501065,6.34931,715.194,419.514,-1.05689,-0.655373,6.38255,707.184,383.23,-1.08294,0.241676,6.16294,691.721,599.871,-1.1613,-0.0484662,6.59203,691.037,528.775,-0.892398,0.419602,5.89041,728.697,648.758,-1.24155,0.319918,6.59666,672.651,614.043,-0.969544,0.574149,5.89989,709.105,688.576,-1.34682,0.297248,6.73095,654.507,607.424,-1.15039,-0.790326,6.50843,690.14,354.605,-1.18717,-0.564281,6.28067,671.413,402.83,-0.895807,-0.66217,6.4179,746.897,382.477,-1.20334,-0.604156,6.30016,668.389,393.591,-0.91795,-0.696076,6.43678,742.269,374.896,-1.31218,-0.316034,6.2527,639.597,462.832,-0.646093,-0.615148,6.50464,808.35,395.614,-1.30002,-0.296776,6.22271,641.037,467.185,-0.615948,-0.609051,6.50988,815.542,397.16,-1.32366,-0.317815,6.27812,638.103,462.712,-0.679741,-0.615853,6.51581,800.726,395.696,-1.45302,-0.103894,6.25555,605.369,514.643,-0.748768,-0.631275,6.73475,790.256,396.891,-0.96399,0.588195,5.93609,712.063,691.283,-1.38132,0.282386,6.72011,646.176,604.156,-0.975098,0.560103,5.86369,706.11,685.836,-1.31232,0.312111,6.74179,662.811,610.681,-0.853984,0.420171,5.84832,737.06,649.689,-1.23403,0.37694,6.58706,673.977,627.367,-0.969544,0.574149,5.89989,709.105,688.576,-1.34682,0.297248,6.73095,654.507,607.424
58,1.93527,2,841.573,442.215,-0.351367,-0.401015,6.92084,882.488,451.535,-0.340829,-0.385928,6.84585,883.989,453.931,-0.361904,-0.416102,6.99583,881.019,449.191,-0.553503,-0.692096,6.83372,836.339,385.376,-0.640133,-0.816844,6.79639,816.199,356.503,-0.586074,-0.0803292,6.71282,826.704,521.73,-0.687641,-0.16092,6.99255,809.86,504.865,-0.335464,0.240636,6.74513,884.068,594.468,-0.503188,0.20147,7.01415,850.472,583.854,-0.434434,0.382291,6.71407,861.211,626.932,-0.604171,0.345245,7.01147,828.441,615.177,-0.829053,-0.882677,6.75434,772.601,340.479,-0.620234,-0.732675,6.63691,817.321,371.456,-0.590021,-0.856303,6.9584,830.543,352.117,-0.655929,-0.756435,6.63771,809.128,366.011,-0.626306,-0.877678,6.95073,822.429,347.215,-0.57651,-0.464091,6.61951,827.031,432.96,-0.506835,-0.713673,7.16828,852.051,387.997,-0.56061,-0.437886,6.602,830.355,438.736,-0.492726,-0.69955,7.19192,855.4,391.494,-0.592244,-0.476762,6.64919,824.012,430.528,-0.531052,-0.713645,7.1429,846.491,387.462,-0.676953,-0.312233,6.79254,807.842,469.82,-0.723457,-0.59136,7.13872,805.275,413.526,-0.462505,0.385183,6.74122,855.252,627.236,-0.617657,0.352623,6.9756,824.813,617.179,-0.406364,0.3794,6.68693,867.219,626.624,-0.590684,0.337866,7.04734,832.033,613.196,-0.280958,0.262412,6.75444,896.493,599.315,-0.449407,0.223239,7.02591,862.342,588.511,-0.434434,0.382291,6.71407,861.211,626.932,-0.604171,0.345245,7.01147,828.441,615.177
59,1.96863,1,707.735,486.313,-0.982806,-0.155112,6.36174,724.137,502.775,-1.03695,-0.160611,6.31102,709.143,501.145,-0.928665,-0.149612,6.41246,738.893,504.379,-1.05377,-0.514936,6.44817,710.497,418.077,-1.08418,-0.669147,6.48521,704.762,382.469,-1.05726,0.198336,6.1457,697.35,589.272,-1.18564,0.00883019,6.66829,688.539,542.022,-0.914106,0.363688,5.82801,720.533,635.275,-1.40474,0.29638,6.80603,644.883,606.485,-0.926515,0.535084,5.76482,714.622,681.712,-1.46729,0.236264,6.95925,638.1,591.833,-1.17703,-0.800562,6.61533,688.353,355.238,-1.21752,-0.581809,6.39106,669.149,401.012,-0.921841,-0.680549,6.49588,743.336,380.048,-1.23233,-0.622451,6.41071,666.511,391.759,-0.937493,-0.713461,6.52048,740.488,372.945,-1.35075,-0.347474,6.34395,634.924,456.376,-0.6737,-0.605724,6.46874,800.993,397.037,-1.33761,-0.328438,6.31421,636.571,460.585,-0.647035,-0.596364,6.46595,807.221,399.185,-1.36422,-0.349173,6.36886,632.968,456.296,-0.702221,-0.608158,6.48868,794.771,396.903,-1.50625,-0.146194,6.33223,596.829,504.751,-0.73175,-0.605631,6.71603,793.651,402.322,-0.913591,0.559354,5.7928,719.213,687.424,-1.4978,0.212283,6.95446,631.179,586.604,-0.939438,0.510815,5.73683,709.985,675.944,-1.43677,0.260245,6.96404,645.011,597.054,-0.883012,0.343764,5.7902,727.168,630.643,-1.41933,0.352364,6.80636,641.627,619.04,-0.926515,0.535084,5.76482,714.622,681.712,-1.46729,0.236264,6.95925,638.1,591.833
59,1.96863,2,837.3,446.148,-0.372713,-0.393208,6.94826,878.103,453.6,-0.361637,-0.376285,6.87346,879.672,456.418,-0.383789,-0.410131,7.02305,876.567,450.841,-0.574014,-0.671865,6.84012,831.877,390.036,-0.660286,-0.791289,6.79377,811.615,362.175,-0.619655,-0.071388,6.76088,820.068,523.879,-0.705354,-0.155817,7.08733,808.053,506.434,-0.419487,0.285171,6.78254,865.573,604.192,-0.472047,0.177396,7.11949,858.771,578.042,-0.548004,0.396823,6.74564,835.969,629.814,-0.564286,0.322012,7.14925,839.494,608.767,-0.844192,-0.872267,6.74851,769.013,342.662,-0.618191,-0.690141,6.63919,817.84,381.295,-0.631232,-0.829991,6.96335,821.599,358.02,-0.654707,-0.714152,6.6332,809.307,375.625,-0.666362,-0.851533,6.95046,813.625,352.95,-0.583521,-0.417017,6.65425,826.117,444.319,-0.572078,-0.724932,7.21188,838.891,386.532,-0.569533,-0.386805,6.64787,829.201,451.166,-0.551585,-0.717173,7.23934,843.672,388.75,-0.605986,-0.438279,6.67528,821.4,439.758,-0.601258,-0.721354,7.19227,832.367,386.873,-0.769519,-0.345494,6.80309,787.304,462.464,-0.785831,-0.641436,7.30258,795.706,405.895,-0.57557,0.39566,6.77352,830.266,629.182,-0.58379,0.333038,7.11722,834.768,611.442,-0.520439,0.397986,6.71777,841.719,630.451,-0.544783,0.310985,7.18128,844.178,606.116,-0.369871,0.318673,6.78949,876.827,611.66,-0.414502,0.194141,7.12395,871.167,581.607,-0.548004,0.396823,6.74564,835.969,629.814,-0.564286,0.322012,7.14925,839.494,608.767
60,2.002,1,701.348,486.525,-1.02866,-0.154785,6.4664,717.129,503.454,-1.08331,-0.165076,6.41255,702.077,500.697,-0.974006,-0.144495,6.52026,731.931,506.166,-1.08844,-0.516285,6.55959,706.664,419.834,-1.11406,-0.671213,6.59952,702.27,384.72,-1.11483,0.160201,6.18397,684.761,579.552,-1.23517,0.0359088,6.7617,681.105,548.108,-0.944403,0.271306,5.85753,713.843,610.715,-1.47684,0.280412,6.93626,634.931,601.722,-0.948808,0.430485,5.76719,708.821,653.963,-1.52099,0.204832,7.08987,632.466,584.109,-1.20942,-0.802023,6.72755,685.534,357.988,-1.24539,-0.589671,6.49557,667.277,401.4,-0.948787,-0.67902,6.61262,740.939,383.225,-1.25922,-0.630385,6.51549,664.931,392.284,-0.962164,-0.71005,6.63855,738.718,376.701,-1.37598,-0.369528,6.43075,633.323,452.269,-0.727161,-0.5874,6.53491,790.113,402.766,-1.36233,-0.346353,6.40426,635.224,457.431,-0.703784,-0.575167,6.5268,795.37,405.457,-1.39323,-0.375941,6.4556,630.499,451.09,-0.753034,-0.588577,6.55772,784.681,402.969,-1.56043,-0.204155,6.43261,589.637,491.545,-0.772946,-0.530253,6.77275,785.758,420.467,-0.939401,0.45906,5.79244,712.395,660.998,-1.5496,0.178407,7.0859,626.118,578.44,-0.958216,0.40191,5.74194,705.215,646.866,-1.49238,0.231257,7.09384,638.806,589.772,-0.909291,0.246167,5.82729,721.765,604.496,-1.49678,0.333999,6.9423,630.828,613.453,-0.948808,0.430485,5.76719,708.821,653.963,-1.52099,0.204832,7.08987,632.466,584.109
60,2.002,2,835.186,452.093,-0.401891,-0.370977,7.03314,872.757,459.468,-0.39534,-0.34937,6.95896,873.265,463.35,-0.408442,-0.392583,7.10732,872.261,455.667,-0.591237,-0.66505,6.92648,829.678,393.408,-0.672386,-0.791081,6.88077,810.806,364.469,-0.611119,0.00116676,6.89016,824.585,540.259,-0.735567,-0.161301,7.22422,804.547,505.911,-0.370393,0.333754,6.90376,878.088,613.809,-0.492518,0.158773,7.29599,856.936,573.225,-0.507742,0.420411,6.85644,846.939,633.615,-0.595235,0.288133,7.34726,836.311,599.874,-0.856774,-0.881027,6.85516,769.183,343.781,-0.652313,-0.676582,6.7273,811.958,386.45,-0.625714,-0.826953,7.05027,824.5,360.921,-0.687219,-0.703334,6.72314,803.94,380.28,-0.659937,-0.850612,7.04163,816.914,355.572,-0.637317,-0.404911,6.77273,816.332,448.722,-0.575354,-0.651672,7.25582,838.935,402.877,-0.625871,-0.373969,6.77429,818.944,455.717,-0.562879,-0.63417,7.28014,841.956,407.005,-0.661741,-0.430987,6.78507,811.097,443.021,-0.599597,-0.656819,7.23041,833.391,401.308,-0.859605,-0.378704,6.88286,769.323,455.996,-0.806693,-0.565765,7.23541,789.778,420.617,-0.535187,0.417807,6.88434,841.31,632.658,-0.616821,0.30121,7.3174,831.302,602.847,-0.480297,0.423016,6.82853,852.613,634.58,-0.57365,0.275056,7.37712,841.279,596.925,-0.321105,0.370226,6.90849,889.037,621.819,-0.435523,0.178137,7.30149,868.931,577.249,-0.507742,0.420411,6.85644,846.939,633.615,-0.595235,0.288133,7.34726,836.311,599.874
61,2.03537,1,695.228,488.742,-1.06594,-0.148234,6.5726,712.391,505.567,-1.11925,-0.161808,6.51718,697.796,502.094,-1.01263,-0.13466,6.62802,726.741,508.981,-1.11741,-0.508609,6.66437,704.009,423.482,-1.13947,-0.663055,6.7037,700.488,388.991,-1.22467,0.147108,6.29945,663.184,575.653,-1.26793,0.0574707,6.85574,677.636,552.799,-1.00926,0.180353,5.98965,702.74,585.972,-1.49929,0.322764,6.99648,632.829,610.433,-1.05182,0.317733,5.88624,687.183,622.412,-1.53844,0.252774,7.15244,631.607,593.957,-1.23506,-0.796408,6.83282,684.033,362.047,-1.26624,-0.593636,6.58992,666.637,402.466,-0.97017,-0.657574,6.71363,739.372,390.46,-1.28041,-0.632411,6.61141,664.318,393.959,-0.978801,-0.688756,6.74004,738.282,383.983,-1.38832,-0.385365,6.49053,633.429,449.351,-0.790102,-0.519228,6.60997,777.504,420.07,-1.37516,-0.362914,6.46346,635.171,454.275,-0.77194,-0.50184,6.60031,781.439,423.917,-1.40728,-0.391965,6.51623,630.273,448.163,-0.812158,-0.526777,6.63512,773.121,418.788,-1.58752,-0.241593,6.48689,586.363,483.139,-0.826187,-0.480169,6.85197,775.909,433.009,-1.04902,0.350278,5.90811,688.915,630.518,-1.56662,0.225661,7.15003,625.477,588.186,-1.05461,0.285188,5.86436,685.439,614.247,-1.51025,0.279886,7.15485,637.732,599.724,-0.967217,0.155626,5.96346,712.375,579.843,-1.51932,0.376808,6.99927,628.59,622.193,-1.05182,0.317733,5.88624,687.183,622.412,-1.53844,0.252774,7.15244,631.607,593.957
61,2.03537,2,834.718,457.136,-0.420598,-0.338012,7.02572,868.6,466.547,-0.420746,-0.316342,6.9529,867.61,470.536,-0.420449,-0.359682,7.09855,869.57,462.64,-0.603181,-0.650649,6.94569,827.413,396.979,-0.681431,-0.784637,6.91138,809.469,366.67,-0.574661,0.0644066,6.90871,833.006,554.233,-0.744406,-0.171802,7.27281,803.73,503.934,-0.315156,0.366043,6.89244,890.189,621.083,-0.550875,0.16278,7.3574,845.687,573.779,-0.454626,0.447933,6.84924,858.66,639.848,-0.673496,0.246567,7.44212,821.832,590.583,-0.85519,-0.889125,6.90631,770.946,343.444,-0.68931,-0.683625,6.75331,804.164,385.449,-0.600543,-0.805105,7.06519,830.226,366.021,-0.721781,-0.713747,6.75507,796.866,378.682,-0.634145,-0.829764,7.06816,823.022,360.767,-0.710634,-0.414644,6.77533,799.866,446.564,-0.422699,-0.671622,7.21892,870.602,397.956,-0.703283,-0.383237,6.776,801.538,453.65,-0.395935,-0.660105,7.23278,876.423,400.66,-0.733097,-0.442318,6.78651,795.076,440.492,-0.456545,-0.66871,7.21019,863.327,398.401,-0.946189,-0.40962,6.85503,749.264,448.769,-0.600493,-0.537097,7.32442,834.829,428.044,-0.479881,0.446934,6.87916,853.496,639.192,-0.701982,0.257067,7.41758,815.512,592.912,-0.429371,0.448933,6.81933,863.87,640.51,-0.64501,0.236067,7.46665,828.111,588.27,-0.265199,0.400054,6.89158,901.248,628.627,-0.499895,0.193913,7.36009,856.303,580.225,-0.454626,0.447933,6.84924,858.66,639.848,-0.673496,0.246567,7.44212,821.832,590.583
62,2.06873,1,691.702,492.458,-1.12769,-0.139572,6.85661,708.898,508.922,-1.18263,-0.153896,6.80572,694.697,505.476,-1.07276,-0.125248,6.90749,722.89,512.317,-1.17411,-0.505842,6.93953,701.686,428.711,-1.19401,-0.662815,6.97507,698.647,394.918,-1.36146,0.162729,6.7019,649.846,577.071,-1.31458,0.0625651,7.12945,678.487,553.398,-1.1507,0.11563,6.40465,685.694,567.564,-1.52048,0.364808,7.16841,636.162,617.698,-1.21451,0.228176,6.2907,665.239,595.378,-1.56311,0.336561,7.33325,634.567,610.071,-1.2932,-0.803398,7.10135,681.969,367.274,-1.31626,-0.597877,6.85243,666.732,406.79,-1.01949,-0.643042,6.99752,737.563,399.698,-1.3306,-0.636031,6.87387,664.461,398.731,-1.02729,-0.674517,7.02251,736.659,393.354,-1.43448,-0.391312,6.7381,634.969,451.334,-0.867931,-0.463382,6.90822,768.183,437.59,-1.42292,-0.367556,6.7115,636.31,456.387,-0.855645,-0.442897,6.90637,770.847,442.091,-1.45385,-0.400096,6.76491,631.885,449.703,-0.88912,-0.480081,6.92749,764.046,434.195,-1.64546,-0.268975,6.74714,587.663,479.136,-0.946739,-0.505997,7.13944,757.542,431.794,-1.21025,0.263977,6.30645,667.005,603.907,-1.59258,0.310952,7.33691,628.596,604.707,-1.21876,0.192374,6.27495,663.463,586.806,-1.53364,0.36217,7.32959,640.543,615.44,-1.11084,0.0850796,6.3798,694.165,560.36,-1.53687,0.41881,7.15501,632.059,629.367,-1.21451,0.228176,6.2907,665.239,595.378,-1.56311,0.336561,7.33325,634.567,610.071
62,2.06873,2,833.514,458.892,-0.452436,-0.329553,7.09043,862.579,469.039,-0.46069,-0.30798,7.02003,859.807,473.019,-0.444182,-0.351127,7.16084,865.296,465.137,-0.622508,-0.652735,7.02924,824.791,398.226,-0.695396,-0.791242,7.00302,808.394,367.498,-0.554776,0.0922143,6.98387,838.72,560.159,-0.736798,-0.167517,7.38662,807.71,505.376,-0.286012,0.374927,6.9258,896.95,622.651,-0.617421,0.182734,7.51557,834.574,577.122,-0.421915,0.466184,6.89544,866.582,643.22,-0.744901,0.209713,7.62587,810.866,581.986,-0.858186,-0.905376,6.99714,772.747,342.45,-0.732759,-0.69852,6.85083,796.7,384.33,-0.594161,-0.816224,7.13462,832.854,365.334,-0.760505,-0.731956,6.85922,790.724,377.078,-0.625634,-0.840066,7.14309,826.278,360.446,-0.771302,-0.443579,6.80262,786.892,440.445,-0.365215,-0.707014,7.21408,882.708,390.371,-0.766236,-0.414163,6.79217,787.764,446.904,-0.330071,-0.708922,7.21344,890.139,389.954,-0.788332,-0.4654,6.82645,783.687,435.912,-0.394139,-0.690734,7.21707,876.621,393.877,-0.980847,-0.407802,6.93524,744.072,450.225,-0.367387,-0.493229,7.33945,883.576,437.398,-0.443332,0.467844,6.928,862.301,643.101,-0.77826,0.214683,7.60653,803.791,583.09,-0.400498,0.464524,6.86288,870.903,643.341,-0.711543,0.204742,7.64522,817.905,580.887,-0.234489,0.404487,6.9179,908.249,629.269,-0.57774,0.226222,7.52099,842.719,585.923,-0.421915,0.466184,6.89544,866.582,643.22,-0.744901,0.209713,7.62587,810.866,581.986
63,2.1021,1,689.77,495.02,-1.14557,-0.11984,6.9357,707.825,513.62,-1.20817,-0.132466,6.88892,692.24,510.642,-1.08298,-0.107214,6.98247,723.202,516.557,-1.19175,-0.486812,7.0066,700.314,433.923,-1.21155,-0.644086,7.03699,697.141,400.258,-1.44008,0.176611,6.89884,641.301,579.085,-1.32785,0.0384998,7.24365,680.127,548.115,-1.22769,0.117344,6.60009,676.006,567.144,-1.4954,0.36829,7.20093,642.942,618.086,-1.27001,0.226685,6.47409,660.5,593.458,-1.54709,0.377748,7.36364,639.231,618.321,-1.3052,-0.788523,7.16181,681.758,371.903,-1.33065,-0.574222,6.91415,666.172,413.203,-1.03789,-0.635817,7.06087,735.579,402.519,-1.34569,-0.611908,6.93535,663.758,405.294,-1.04852,-0.666188,7.08468,734.044,396.436,-1.42866,-0.367566,6.78941,638.733,457.344,-0.880254,-0.464897,6.97151,767.225,438.188,-1.41777,-0.343332,6.76465,640.015,462.511,-0.869275,-0.444545,6.9691,769.564,442.612,-1.44908,-0.377831,6.81602,635.412,455.368,-0.903172,-0.480044,6.98916,762.706,435.136,-1.64623,-0.261304,6.80885,590.864,481.408,-0.995567,-0.48529,7.1891,748.571,436.939,-1.2633,0.262927,6.48767,662.705,601.875,-1.57954,0.356801,7.37002,632.786,613.914,-1.27672,0.190444,6.46052,658.285,585.006,-1.51464,0.398695,7.35726,645.686,622.736,-1.1895,0.0819082,6.57975,683.99,559.006,-1.50339,0.42058,7.17556,640.122,629.487,-1.27001,0.226685,6.47409,660.5,593.458,-1.54709,0.377748,7.36364,639.231,618.321
63,2.1021,2,831.827,460.711,-0.499055,-0.321121,7.2558,854.99,472.43,-0.519957,-0.301868,7.18533,849.519,475.858,-0.478153,-0.340375,7.32628,860.356,469.068,-0.65416,-0.662566,7.22646,821.794,400.018,-0.720634,-0.8089,7.21389,807.484,368.804,-0.548916,0.102053,7.1258,842.391,561.866,-0.732597,-0.169016,7.59725,812.776,506.034,-0.274451,0.363865,7.03316,900.422,618.988,-0.707438,0.187835,7.7503,820.64,577.002,-0.38353,0.492666,7.00815,876.446,647.329,-0.835012,0.168521,7.86415,797.89,572.717,-0.881835,-0.930167,7.21647,773.435,343.209,-0.784964,-0.709504,7.0724,790.546,386.836,-0.597321,-0.840663,7.31767,835.375,364.605,-0.810176,-0.74384,7.0824,785.35,379.65,-0.626814,-0.865384,7.33055,829.452,359.764,-0.816072,-0.453151,7.0373,782.952,441.688,-0.349815,-0.769511,7.35782,887.413,380.326,-0.805884,-0.423499,7.02582,784.876,447.971,-0.316235,-0.772138,7.35313,894.339,379.679,-0.836108,-0.472433,7.06038,779.198,437.84,-0.3783,-0.751825,7.36473,881.576,384.142,-1.02019,-0.37363,7.15315,742.252,460.253,-0.351866,-0.559718,7.48571,888.235,425.842,-0.402233,0.499553,7.04179,872.791,648.31,-0.869257,0.165999,7.84573,790.845,572.303,-0.364828,0.485779,6.97452,880.138,646.339,-0.800768,0.171043,7.88257,804.902,573.129,-0.21945,0.381638,7.02204,912.287,622.977,-0.682145,0.239973,7.75977,825.786,587.215,-0.38353,0.492666,7.00815,876.446,647.329,-0.835012,0.168521,7.86415,797.89,572.717
64,2.13547,2,830.053,464.987,-0.533772,-0.298358,7.33544,848.904,477.901,-0.563187,-0.282527,7.26904,841.711,480.659,-0.504358,-0.31419,7.40184,855.968,475.193,-0.677605,-0.654117,7.32617,818.789,403.684,-0.739248,-0.806584,7.32219,805.859,371.819,-0.555817,0.112024,7.18005,841.812,563.821,-0.715259,-0.130543,7.69413,818.071,514.096,-0.284142,0.332774,7.02282,898.228,612.345,-0.746997,0.203321,7.88091,815.286,579.389,-0.337546,0.495585,6.97983,886.166,648.403,-0.862174,0.154108,8.00064,795.472,569.408,-0.898575,-0.930788,7.33926,773.073,346.372,-0.808797,-0.712479,7.18575,788.155,388.62,-0.608184,-0.836466,7.40473,834.601,367.532,-0.835163,-0.745863,7.19641,782.816,381.761,-0.635274,-0.862695,7.42195,829.319,362.537,-0.830963,-0.457623,7.12984,782.061,442.007,-0.355264,-0.777428,7.42013,886.901,380.038,-0.816121,-0.430656,7.11456,784.864,447.583,-0.322841,-0.779928,7.41156,893.496,379.338,-0.853846,-0.470857,7.15294,777.751,439.498,-0.382028,-0.76036,7.43278,881.528,383.816,-1.02733,-0.327074,7.20681,742.361,470.71,-0.337676,-0.58855,7.57729,891.961,421.413,-0.350925,0.51268,7.01232,883.595,651.623,-0.896866,0.147406,7.98425,788.501,568.187,-0.324168,0.478489,6.94734,888.761,645.153,-0.827482,0.160809,8.01702,802.415,570.624,-0.230319,0.331755,7.00755,909.82,612.28,-0.731014,0.257342,7.89406,818.618,589.771,-0.337546,0.495585,6.97983,886.166,648.403,-0.862174,0.154108,8.00064,795.472,569.408
64,2.13547,1,690.565,495.64,-1.16747,-0.115056,7.11372,709.437,515.307,-1.23373,-0.127274,7.06869,693.53,512.51,-1.10121,-0.102837,7.15874,725.144,518.068,-1.22498,-0.487946,7.17221,699.238,436.131,-1.24962,-0.647756,7.19727,694.918,402.592,-1.50437,0.145657,7.16874,639.608,571.021,-1.3333,0.0480987,7.44353,686.524,549.866,-1.31555,0.12819,6.8416,666.425,568.606,-1.483,0.382448,7.34748,651.844,619.47,-1.39141,0.248673,6.7483,645.205,596.26,-1.5355,0.413446,7.50685,647.707,624.087,-1.3405,-0.793004,7.32197,680.483,374.645,-1.36381,-0.559717,7.07461,665.679,419.209,-1.07658,-0.648684,7.23785,732.907,403.167,-1.38121,-0.598637,7.0933,662.71,411.15,-1.09074,-0.678644,7.25922,730.597,397.268,-1.45783,-0.339545,6.96727,640.543,465.595,-0.917954,-0.454669,7.20514,765.488,443.657,-1.44756,-0.312525,6.94545,641.795,471.301,-0.904809,-0.43207,7.20356,768.231,448.425,-1.47828,-0.353295,6.99301,637.253,462.867,-0.944553,-0.470991,7.21856,760.223,440.384,-1.67961,-0.24351,7.00285,593.813,486.91,-1.06627,-0.45895,7.40227,740.078,445.339,-1.38634,0.282713,6.76728,647.231,603.782,-1.56872,0.394475,7.51531,641.312,620.138,-1.39647,0.214633,6.72932,643.167,588.696,-1.50229,0.432417,7.49839,654.118,628.045,-1.27694,0.10003,6.80966,673.704,562.427,-1.48848,0.431771,7.31491,649.328,630.118,-1.39141,0.248673,6.7483,645.205,596.26,-1.5355,0.413446,7.50685,647.707,624.087
65,2.16883,1,692.718,495.55,-1.16006,-0.11129,7.10857,710.847,516.098,-1.22718,-0.124677,7.068,694.918,513.069,-1.09294,-0.0979023,7.14914,726.595,519.092,-1.22115,-0.4826,7.15098,699.282,436.964,-1.24733,-0.641734,7.16916,694.367,403.336,-1.49388,0.0851326,7.2782,646.627,557.858,-1.3144,0.0911238,7.4222,689.626,558.744,-1.39857,0.17985,6.92434,651.627,579.655,-1.41621,0.393895,7.21738,660.416,623.324,-1.51647,0.30071,6.90515,624.702,606.488,-1.4677,0.453353,7.36557,655.771,633.972,-1.34061,-0.78444,7.28659,679.103,375.637,-1.35468,-0.545034,7.04817,666.553,421.936,-1.08032,-0.651012,7.2338,731.99,402.598,-1.37465,-0.583262,7.06365,662.88,413.932,-1.09823,-0.681663,7.25092,728.756,396.469,-1.43333,-0.316667,6.94718,645.004,470.407,-0.952679,-0.436362,7.28909,760.454,448.601,-1.42184,-0.289875,6.92587,646.566,476.099,-0.93541,-0.411167,7.29105,764.124,453.901,-1.45379,-0.329743,6.97356,641.714,467.808,-0.983472,-0.452813,7.29324,754.122,445.209,-1.64376,-0.20787,6.99741,601.35,494.645,-1.14283,-0.405049,7.43611,725.359,456.837,-1.5095,0.328767,6.93177,627.525,612.413,-1.5023,0.438367,7.37616,649.046,630.735,-1.52344,0.272653,6.87853,621.858,600.518,-1.4331,0.468339,7.35498,662.516,637.218,-1.3694,0.171197,6.8747,655.879,578.02,-1.41656,0.435871,7.17428,658.543,632.757,-1.51647,0.30071,6.90515,624.702,606.488,-1.4677,0.453353,7.36557,655.771,633.972
65,2.16883,2,827.123,472.306,-0.562307,-0.26845,7.38427,843.739,484.496,-0.60355,-0.251646,7.32342,834.175,487.538,-0.521065,-0.285254,7.44512,853.146,481.504,-0.695489,-0.628348,7.38388,816.195,410.077,-0.752566,-0.78259,7.38371,804.389,378.181,-0.607106,0.153594,7.33538,833.64,571.968,-0.698858,-0.0844011,7.74913,822.309,523.371,-0.322803,0.289333,7.1334,890.911,601.926,-0.695429,0.264857,7.88776,825.393,591.266,-0.307879,0.460416,7.08938,893.696,639.154,-0.789355,0.217677,8.02218,809.773,581.428,-0.918175,-0.905485,7.39563,770.452,353.072,-0.834519,-0.687097,7.25569,784.399,395.42,-0.610045,-0.810428,7.45527,835.07,374.034,-0.860047,-0.719881,7.26785,779.33,388.775,-0.634836,-0.837686,7.47511,830.338,368.907,-0.852498,-0.433517,7.20097,779.253,448.086,-0.361177,-0.741431,7.45012,885.984,388.058,-0.838698,-0.406785,7.18409,781.761,453.551,-0.329602,-0.741384,7.43883,892.352,387.838,-0.87304,-0.446619,7.22682,775.56,445.646,-0.388105,-0.726771,7.46592,880.634,391.378,-1.03365,-0.304022,7.3011,743.85,476.425,-0.34698,-0.564301,7.61524,890.435,426.865,-0.304825,0.480996,7.12255,894.659,643.104,-0.826113,0.210126,8.01143,802.566,580.044,-0.310933,0.439837,7.0562,892.723,635.168,-0.752598,0.225228,8.03292,816.96,582.807,-0.280085,0.266749,7.10864,899.845,597.291,-0.678323,0.320286,7.89413,828.81,601.944,-0.307879,0.460416,7.08938,893.696,639.154,-0.789355,0.217677,8.02218,809.773,581.428
66,2.2022,1,695.651,494.372,-1.17199,-0.117563,7.18935,711.113,515.034,-1.24484,-0.131576,7.15702,694.447,511.932,-1.09913,-0.103551,7.22168,727.63,518.108,-1.23049,-0.489296,7.21914,699.767,436.52,-1.25556,-0.64861,7.2319,694.933,403.069,-1.48522,0.0287949,7.44878,655.578,545.902,-1.29823,0.129445,7.49499,695.547,566.368,-1.50062,0.256696,7.14588,639.385,594.844,-1.37221,0.395585,7.2341,670.396,623.488,-1.65136,0.325833,7.18941,609.316,609.194,-1.41114,0.491434,7.3666,667.536,641.851,-1.35285,-0.7892,7.34763,678.894,376.013,-1.354,-0.548874,7.11099,669.292,422.155,-1.09461,-0.661946,7.3109,731.41,401.764,-1.37694,-0.585402,7.12467,664.935,414.554,-1.11495,-0.693142,7.32529,727.62,395.534,-1.41115,-0.307176,7.01577,652.909,473.153,-1.01192,-0.4351,7.41636,751.682,450.429,-1.39966,-0.280551,6.99523,654.516,478.768,-0.99156,-0.40862,7.42217,756.034,455.946,-1.43086,-0.319941,7.04341,649.841,470.648,-1.04364,-0.450523,7.41428,745.094,447.228,-1.61159,-0.188311,7.09362,613.14,499.47,-1.21341,-0.368762,7.5375,714.218,465.306,-1.64704,0.34638,7.22258,611.838,613.22,-1.44661,0.482718,7.38063,660.755,639.855,-1.65567,0.305286,7.15624,606.77,605.132,-1.37567,0.500149,7.35256,674.344,643.856,-1.48345,0.27595,7.09361,640.719,599.393,-1.36879,0.426309,7.18273,669.052,630.616,-1.65136,0.325833,7.18941,609.316,609.194,-1.41114,0.491434,7.3666,667.536,641.851
66,2.2022,2,823.927,478.822,-0.577817,-0.240764,7.44811,841.556,490.647,-0.625085,-0.221312,7.38785,830.822,494.264,-0.53055,-0.260216,7.50838,852.118,487.088,-0.715186,-0.593478,7.4597,813.625,418.535,-0.774058,-0.744642,7.46467,801.681,387.698,-0.679471,0.173297,7.47479,821.216,575.397,-0.695417,-0.0652859,7.82627,824.338,527.264,-0.37795,0.232326,7.2653,880.576,588.822,-0.635736,0.297401,7.89067,836.992,597.544,-0.317038,0.3897,7.21337,892.897,622.483,-0.720865,0.314225,8.03835,823.084,599.682,-0.943567,-0.872607,7.48028,767.415,361.898,-0.861524,-0.655556,7.3334,780.638,403.519,-0.619481,-0.76272,7.53218,834.433,385.399,-0.885704,-0.687474,7.34882,775.991,397.174,-0.643037,-0.790373,7.55351,830.026,380.246,-0.872965,-0.413651,7.25291,776.239,452.926,-0.384004,-0.665359,7.5131,881.966,404.791,-0.863071,-0.387492,7.23522,777.877,458.233,-0.353289,-0.66198,7.49932,888.076,405.23,-0.890693,-0.42731,7.28189,773.253,450.408,-0.41115,-0.653772,7.53112,876.649,407.463,-1.05297,-0.309418,7.38094,742.191,475.997,-0.374141,-0.490146,7.67985,885.621,442.559,-0.30567,0.409618,7.24514,895.587,626.318,-0.759446,0.312626,8.03248,815.65,599.422,-0.328405,0.369783,7.18159,890.183,618.613,-0.682283,0.315824,8.04422,830.506,599.942,-0.344983,0.197646,7.24013,887.252,581.678,-0.607768,0.347123,7.87975,842.241,607.257,-0.317038,0.3897,7.21337,892.897,622.483,-0.720865,0.314225,8.03835,823.084,599.682
67,2.23557,1,698.841,494.963,-1.19815,-0.123784,7.4078,713.061,514.488,-1.27335,-0.137774,7.37756,696.486,511.488,-1.12295,-0.109793,7.43804,729.501,517.463,-1.25332,-0.502612,7.41338,701.885,436.489,-1.27696,-0.664968,7.41577,697.101,403.097,-1.50995,-0.0113702,7.69685,660.485,537.745,-1.29764,0.191004,7.66805,701.633,578.03,-1.62571,0.304996,7.52715,630.252,601.863,-1.35281,0.396161,7.35626,679.232,622.221,-1.76772,0.30597,7.62421,606.013,601.271,-1.38315,0.525549,7.46004,676.928,647.558,-1.36761,-0.816359,7.52266,682.438,374.317,-1.37076,-0.559196,7.29428,673.089,422.955,-1.12237,-0.678397,7.51076,731.85,402.098,-1.39505,-0.594893,7.30514,668.439,415.669,-1.1438,-0.710832,7.52075,727.802,395.697,-1.40446,-0.30724,7.20277,662.3,474.875,-1.08154,-0.452517,7.65123,744.185,449.703,-1.39338,-0.280207,7.1831,663.84,480.443,-1.06375,-0.425283,7.66362,748.079,455.275,-1.42282,-0.320718,7.23224,659.638,472.295,-1.11141,-0.469029,7.64104,737.93,446.284,-1.58981,-0.188447,7.31607,628.231,500.674,-1.30709,-0.39926,7.73314,701.94,461.174,-1.75828,0.312604,7.66178,609.63,602.292,-1.41857,0.522277,7.47646,670.316,646.653,-1.77715,0.299337,7.58664,602.361,600.239,-1.34773,0.528821,7.44363,683.569,648.466,-1.62679,0.347292,7.48726,628.276,610.817,-1.34826,0.411549,7.29883,677.974,626.087,-1.76772,0.30597,7.62421,606.013,601.271,-1.38315,0.525549,7.46004,676.928,647.558
67,2.23557,2,820.155,483.412,-0.586502,-0.220796,7.5177,840.889,495.159,-0.637011,-0.200385,7.45606,829.561,498.968,-0.535992,-0.241207,7.57935,852.032,491.412,-0.735389,-0.56181,7.5527,811.344,426.432,-0.799197,-0.707959,7.5677,798.765,397.172,-0.792516,0.151024,7.60445,800.886,570.321,-0.68328,-0.0459871,7.91084,828.13,531.125,-0.458089,0.216617,7.43837,865.975,584.462,-0.597728,0.323171,7.92769,844.887,602.238,-0.430121,0.386043,7.42825,871.596,619.345,-0.665726,0.359923,8.08071,834.219,608.003,-0.968639,-0.842708,7.58234,764.958,370.315,-0.886873,-0.630092,7.42938,777.746,410.515,-0.637813,-0.710105,7.64212,832.577,398.134,-0.910531,-0.660831,7.44817,773.356,404.54,-0.660853,-0.737339,7.66516,828.371,393.136,-0.907016,-0.397714,7.32504,770.951,457.105,-0.42213,-0.570021,7.625,875.477,425.865,-0.901051,-0.372324,7.30644,771.716,462.199,-0.391462,-0.56289,7.61072,881.47,427.081,-0.921838,-0.4113,7.35617,768.675,454.636,-0.450907,-0.561655,7.64215,869.918,427.792,-1.08808,-0.311931,7.47004,737.614,476.246,-0.433502,-0.38109,7.77968,874.926,465.211,-0.42434,0.400422,7.46427,873.205,621.903,-0.70477,0.36003,8.07896,826.813,608.038,-0.435902,0.371664,7.39223,869.971,616.762,-0.626682,0.359816,8.08247,841.622,607.968,-0.415905,0.190205,7.41074,874.316,579.186,-0.568525,0.37013,7.90825,850.242,611.457,-0.430121,0.386043,7.42825,871.596,619.345,-0.665726,0.359923,8.08071,834.219,608.003
68,2.26893,1,703.108,496.634,-1.19663,-0.122696,7.48315,715.857,514.967,-1.27373,-0.136326,7.45605,699.181,512.085,-1.11953,-0.109067,7.51024,732.412,517.828,-1.24718,-0.504579,7.4756,705.285,436.949,-1.26885,-0.668244,7.47236,700.748,403.464,-1.5026,-0.00615746,7.78327,665.253,538.792,-1.26413,0.230755,7.71027,709.682,585.693,-1.68707,0.313864,7.83969,631.448,601.124,-1.30473,0.387119,7.37384,689.856,620.153,-1.78001,0.244315,7.96774,618.92,586.815,-1.32612,0.542344,7.43856,687.815,651.315,-1.35757,-0.820803,7.58337,686.681,374.748,-1.35522,-0.563807,7.34807,678.418,422.854,-1.1227,-0.681897,7.57439,733.699,402.551,-1.38204,-0.597665,7.3575,673.214,415.979,-1.14482,-0.716086,7.58126,729.45,395.791,-1.35974,-0.311162,7.25289,673.771,474.499,-1.14258,-0.470313,7.74446,734.751,447.282,-1.34804,-0.284763,7.23462,675.518,479.905,-1.12616,-0.443047,7.76231,738.499,452.858,-1.3782,-0.324434,7.2828,671.077,471.986,-1.16994,-0.486529,7.72991,728.922,443.904,-1.53322,-0.193883,7.38452,643.006,499.915,-1.36839,-0.420006,7.8252,693.017,458.054,-1.75743,0.23637,7.99891,624.558,585.116,-1.36135,0.545291,7.45544,681.218,651.667,-1.80259,0.25226,7.93658,613.237,588.527,-1.2909,0.539397,7.42168,694.442,650.962,-1.70422,0.367889,7.82889,627.65,611.744,-1.29934,0.386804,7.31508,688.81,620.731,-1.78001,0.244315,7.96774,618.92,586.815,-1.32612,0.542344,7.43856,687.815,651.315
68,2.26893,2,815.53,485.933,-0.591236,-0.20087,7.47146,839.184,498.953,-0.644852,-0.183211,7.40907,827.118,502.247,-0.537621,-0.21853,7.53386,851.05,495.714,-0.75247,-0.532271,7.52739,807.379,432.041,-0.82157,-0.6743,7.55135,793.893,403.668,-0.875451,0.0961213,7.61329,784.439,559.276,-0.66784,-0.0151718,7.87238,830.48,537.058,-0.543208,0.243207,7.48485,849.197,589.609,-0.54537,0.339901,7.78695,853.072,606.643,-0.568865,0.408145,7.51666,844.454,622.901,-0.614576,0.412996,7.92314,841.574,619.583,-0.977494,-0.816916,7.5715,762.893,375.273,-0.896768,-0.613364,7.4049,775.103,413.536,-0.676324,-0.662409,7.6482,824.99,407.768,-0.923235,-0.641366,7.42411,770.139,408.104,-0.701555,-0.688901,7.67042,820.359,402.878,-0.917158,-0.388571,7.28254,767.722,458.538,-0.488716,-0.485865,7.69011,862.973,443.539,-0.913413,-0.364955,7.26302,767.992,463.283,-0.455681,-0.476118,7.68213,869.437,445.376,-0.929027,-0.400137,7.31526,766.105,456.488,-0.5199,-0.480541,7.70091,856.926,444.73,-1.08142,-0.301214,7.44121,738.118,478.198,-0.52684,-0.299667,7.83875,857.387,481.634,-0.567273,0.415062,7.55515,845.365,623.876,-0.653444,0.413858,7.91998,834.034,619.78,-0.570457,0.401227,7.47818,843.535,621.915,-0.575708,0.412134,7.92631,849.108,619.385,-0.493024,0.235945,7.45586,859.042,588.315,-0.512645,0.379374,7.7568,859.097,614.671,-0.568865,0.408145,7.51666,844.454,622.901,-0.614576,0.412996,7.92314,841.574,619.583
69,2.3023,1,706.196,498.602,-1.20341,-0.118867,7.55587,716.837,515.982,-1.28193,-0.128889,7.53111,700.119,513.871,-1.12489,-0.108844,7.58064,733.445,518.079,-1.24408,-0.504968,7.54364,708.211,437.8,-1.26151,-0.67044,7.5384,704.506,404.216,-1.49304,0.0212665,7.85591,669.836,544.133,-1.24737,0.241668,7.76705,714.807,587.504,-1.66398,0.291117,8.02791,643.544,595.365,-1.27847,0.364277,7.42798,697.222,614.874,-1.75276,0.190782,8.13836,631.183,575.791,-1.29486,0.531898,7.45167,694.699,648.979,-1.33977,-0.830188,7.65103,692.651,374.337,-1.35119,-0.572976,7.41534,681.802,422.029,-1.11516,-0.670625,7.64064,737.168,405.995,-1.37889,-0.604126,7.42413,676.436,415.763,-1.13427,-0.706225,7.64981,733.622,399.051,-1.3191,-0.323586,7.31752,684.778,472.486,-1.15405,-0.449846,7.79683,734.018,451.912,-1.30647,-0.297722,7.30193,686.832,477.75,-1.14101,-0.421192,7.81463,737.079,457.711,-1.33758,-0.337472,7.34775,682.071,469.878,-1.17909,-0.467958,7.78012,728.618,448.169,-1.47643,-0.215966,7.47755,658.546,495.904,-1.39161,-0.406767,7.84411,689.141,460.828,-1.72905,0.173794,8.16467,636.676,572.499,-1.33,0.539825,7.46703,688.06,650.376,-1.77647,0.20777,8.11204,625.653,579.104,-1.25972,0.523971,7.43631,701.366,647.577,-1.67891,0.345347,8.03457,640.969,605.624,-1.27219,0.35032,7.37226,696.537,612.549,-1.75276,0.190782,8.13836,631.183,575.791,-1.29486,0.531898,7.45167,694.699,648.979
69,2.3023,2,813.428,486.188,-0.597731,-0.187148,7.49574,838.252,501.881,-0.654776,-0.170726,7.43636,825.568,504.948,-0.540686,-0.20357,7.55512,850.737,498.862,-0.764112,-0.517634,7.55627,805.61,435.411,-0.835418,-0.659272,7.58221,791.78,407.249,-0.929524,0.0244989,7.68463,775.326,544.867,-0.648742,0.00108951,7.90394,834.687,540.21,-0.658262,0.301937,7.58929,827.576,600.741,-0.505887,0.357678,7.79425,860.906,610.063,-0.751934,0.434608,7.64067,809.749,626.843,-0.560253,0.412776,7.94343,852.318,619.337,-0.982684,-0.803889,7.59554,762.474,378.413,-0.905384,-0.602669,7.43458,774.072,416.237,-0.704383,-0.644809,7.69138,820.179,412.004,-0.932579,-0.630743,7.45221,768.94,410.778,-0.730656,-0.672316,7.71109,815.334,406.885,-0.925418,-0.364818,7.33328,767.332,464.047,-0.569649,-0.43538,7.77125,848.086,454.465,-0.922357,-0.339343,7.31779,767.563,469.201,-0.544207,-0.41495,7.77325,853.112,458.499,-0.938143,-0.380919,7.36331,765.48,461.018,-0.602422,-0.442844,7.77457,841.698,453.035,-1.10034,-0.311573,7.49356,735.814,476.52,-0.722374,-0.322263,7.91814,820.714,477.862,-0.753448,0.436466,7.67965,810.211,626.772,-0.599175,0.413015,7.94411,844.846,619.376,-0.750419,0.432751,7.60169,809.283,626.916,-0.52133,0.412538,7.94276,859.79,619.298,-0.608133,0.32116,7.5633,837.24,604.831,-0.475031,0.400312,7.76413,866.589,618.718,-0.751934,0.434608,7.64067,809.749,626.843,-0.560253,0.412776,7.94343,852.318,619.337
70,2.33567,1,708.824,502.766,-1.22121,-0.100401,7.65933,716.573,519.987,-1.29854,-0.106429,7.63249,700.248,518.711,-1.14388,-0.094373,7.68618,732.783,521.254,-1.24842,-0.495394,7.6383,710.463,440.98,-1.26009,-0.664677,7.62929,707.835,406.987,-1.47767,0.0498092,7.9667,676.817,549.546,-1.24301,0.26755,7.85166,718.297,592.025,-1.60005,0.335866,8.15221,660.341,602.901,-1.24106,0.377657,7.50799,707.63,616.797,-1.71862,0.250975,8.24533,641.77,586.472,-1.25397,0.546949,7.499,704.698,651.356,-1.32839,-0.825923,7.74263,698.058,377.138,-1.35791,-0.572064,7.5032,683.692,423.596,-1.10797,-0.650611,7.72803,741.109,411.465,-1.38183,-0.603604,7.51259,679.175,417.332,-1.12427,-0.687338,7.7368,738.141,404.363,-1.29615,-0.331808,7.40864,692.893,471.622,-1.12649,-0.424136,7.87162,741.509,457.736,-1.28191,-0.307158,7.39496,695.339,476.584,-1.11412,-0.393702,7.88402,744.248,463.759,-1.31541,-0.345258,7.43823,690.002,469.133,-1.152,-0.446256,7.86249,736.303,453.345,-1.44007,-0.229331,7.57725,669.838,493.792,-1.34746,-0.414082,7.96752,701.796,460.653,-1.70195,0.227705,8.27213,645.879,582.027,-1.28949,0.558145,7.51087,697.882,653.456,-1.73529,0.274245,8.21854,637.635,590.946,-1.21846,0.535753,7.48714,711.536,649.249,-1.6036,0.391333,8.16248,660.055,613.197,-1.23178,0.355062,7.45599,707.77,612.706,-1.71862,0.250975,8.24533,641.77,586.472,-1.25397,0.546949,7.499,704.698,651.356
70,2.33567,2,810.845,488.753,-0.634017,-0.173663,7.61931,832.956,505.202,-0.695162,-0.159312,7.56218,819.651,507.836,-0.572872,-0.188013,7.67645,846.063,502.606,-0.786813,-0.513502,7.67386,803.459,437.836,-0.852297,-0.659147,7.69723,790.946,409.257,-0.972011,-0.0173879,7.84553,770.845,536.616,-0.640496,0.0548751,8.01336,837.969,550.455,-0.822212,0.348209,7.87023,800.498,607.549,-0.480009,0.386226,7.86852,866.862,614.941,-0.96653,0.420192,7.92804,773.869,620.919,-0.510645,0.45085,8.02143,862.807,625.812,-0.995025,-0.812054,7.71405,763.066,379.279,-0.923319,-0.597024,7.54666,773.205,419.217,-0.73121,-0.636663,7.82543,817.34,415.786,-0.949485,-0.627216,7.5638,768.346,413.396,-0.757873,-0.667686,7.83907,812.395,409.96,-0.955178,-0.349344,7.46054,764.529,468.509,-0.715364,-0.391788,7.92513,822.187,464.523,-0.952755,-0.322845,7.44496,764.617,473.793,-0.703178,-0.363845,7.93515,824.706,469.995,-0.965978,-0.366265,7.49097,763.122,465.351,-0.741188,-0.411028,7.91405,817.012,460.706,-1.11991,-0.291326,7.63238,735.977,481.724,-0.95235,-0.354182,7.96076,777.354,472.073,-0.973209,0.410975,7.96542,773.462,618.773,-0.549099,0.453426,8.02702,855.56,626.242,-0.959851,0.429409,7.89067,774.28,623.086,-0.47219,0.448274,8.01584,870.063,625.381,-0.781226,0.390053,7.86059,808.263,615.76,-0.450574,0.424611,7.8327,872.174,622.765,-0.96653,0.420192,7.92804,773.869,620.919,-0.510645,0.45085,8.02143,862.807,625.812
71,2.36903,2,808.59,491.559,-0.671875,-0.158696,7.69178,826.638,508.5,-0.73598,-0.145724,7.63686,812.864,510.867,-0.60777,-0.171668,7.74669,840.218,506.167,-0.802697,-0.511855,7.71936,801.241,438.764,-0.858763,-0.663209,7.73118,790.411,409.029,-0.999731,-0.00872421,7.93614,767.672,538.322,-0.618851,0.104662,8.06515,842.85,559.813,-0.938622,0.369922,8.01865,781.286,610.433,-0.440324,0.394492,7.86996,874.578,616.531,-1.0914,0.393803,8.09371,754.124,614.285,-0.450762,0.472024,8.01866,874.175,629.873,-0.99109,-0.819088,7.74138,764.537,378.46,-0.929372,-0.594435,7.58602,772.956,420.365,-0.746472,-0.649487,7.85888,814.982,413.823,-0.954448,-0.628208,7.59907,768.239,413.785,-0.771337,-0.684128,7.86748,810.315,407.239,-1.00035,-0.340357,7.54502,757.576,471.128,-0.737611,-0.453993,8.04185,819.964,453.809,-1.00243,-0.31168,7.53206,756.806,476.822,-0.72423,-0.430343,8.0606,822.824,458.489,-1.0051,-0.361453,7.57419,757.399,467.141,-0.764107,-0.469935,8.02785,814.68,450.627,-1.14309,-0.311801,7.73976,734.512,478.494,-0.962505,-0.447476,8.12799,779.204,455.946,-1.09306,0.376872,8.12885,754.701,610.784,-0.488233,0.477957,8.02734,867.141,630.905,-1.08973,0.410735,8.05857,753.542,617.817,-0.413291,0.466091,8.00999,881.224,628.84,-0.909981,0.421205,8.01558,786.673,620.228,-0.411022,0.426119,7.82828,879.838,623.106,-1.0914,0.393803,8.09371,754.124,614.285,-0.450762,0.472024,8.01866,874.175,629.873
71,2.36903,1,711.275,507.65,-1.24835,-0.0826755,7.79657,715.543,523.81,-1.32666,-0.0877919,7.77147,699.37,522.753,-1.17005,-0.077559,7.82167,731.611,524.861,-1.25777,-0.47868,7.75641,712.423,445.778,-1.26181,-0.648396,7.7392,711.077,412.087,-1.45952,0.0927229,8.11535,685.417,557.444,-1.25066,0.287626,7.99088,721.046,594.954,-1.51798,0.414577,8.27313,679.867,616.508,-1.24759,0.390619,7.64408,710.819,618.019,-1.64444,0.360554,8.37805,660.33,605.705,-1.28288,0.556549,7.6299,703.293,651.366,-1.32021,-0.816033,7.84896,703.198,381.268,-1.3666,-0.555904,7.61705,686.081,428.575,-1.10749,-0.629399,7.83257,744.123,417.315,-1.3885,-0.588939,7.62521,681.987,422.08,-1.12104,-0.66665,7.84147,741.73,410.201,-1.31987,-0.301017,7.54486,692.914,479.087,-1.0976,-0.398992,7.97398,749.846,463.606,-1.30756,-0.273966,7.53338,695.003,484.477,-1.08693,-0.36952,7.98627,752.209,469.358,-1.33808,-0.318705,7.57317,690.244,475.749,-1.12299,-0.422163,7.9653,744.751,459.082,-1.47159,-0.22567,7.72166,669.032,495.38,-1.31946,-0.416918,8.06923,710.349,461.116,-1.63068,0.338082,8.4071,663.864,601.397,-1.3196,0.563443,7.64141,696.344,652.576,-1.6582,0.383026,8.34901,656.77,610.043,-1.24617,0.549655,7.6184,710.264,650.153,-1.51142,0.470676,8.27751,681.225,626.814,-1.23538,0.367853,7.59266,711.586,613.969,-1.64444,0.360554,8.37805,660.33,605.705,-1.28288,0.556549,7.6299,703.293,651.366
72,2.4024,2,804.604,493.518,-0.725367,-0.155421,7.85435,819.001,509.789,-0.789431,-0.139021,7.79867,805.452,512.784,-0.661303,-0.171822,7.91003,832.359,506.836,-0.833298,-0.521702,7.84265,797.779,438.439,-0.879553,-0.67868,7.83764,788.665,407.795,-1.03488,0.0276386,8.09409,764.795,545.213,-0.624477,0.130053,8.19779,843.698,564.221,-0.999742,0.399675,8.20685,774.014,614.353,-0.420087,0.372074,7.97071,879.534,611.269,-1.14693,0.408101,8.29417,748.878,615.121,-0.404026,0.486857,8.09443,883.793,631.83,-1.00351,-0.840306,7.85014,764.829,376.571,-0.95235,-0.596919,7.69408,771.023,421.552,-0.782355,-0.676781,7.97894,810.298,410.499,-0.975797,-0.632699,7.70242,766.58,414.588,-0.800868,-0.714744,7.97315,806.644,403.136,-1.02614,-0.328879,7.66695,755.66,474.509,-0.951625,-0.580034,8.17761,782.332,431.708,-1.027,-0.298434,7.65404,755.144,480.471,-0.963351,-0.564379,8.20396,780.721,434.969,-1.03196,-0.351157,7.69563,755.267,470.333,-0.955962,-0.596969,8.14748,780.863,428.134,-1.17501,-0.291987,7.8605,731.775,483.287,-1.15156,-0.701609,8.10412,743.054,407.822,-1.14496,0.388582,8.32795,750.095,611.238,-0.439255,0.500444,8.10395,877.246,634.282,-1.1489,0.42762,8.26039,747.651,619.036,-0.368797,0.473269,8.08491,890.356,629.372,-0.974457,0.453017,8.20594,778.698,624.286,-0.390843,0.389155,7.92159,884.672,615.003,-1.14693,0.408101,8.29417,748.878,615.121,-0.404026,0.486857,8.09443,883.793,631.83
72,2.4024,1,712.372,511.52,-1.26148,-0.0542692,7.85561,714.829,529.453,-1.34119,-0.0594966,7.83466,698.64,528.406,-1.18177,-0.0490418,7.87655,730.932,530.494,-1.25583,-0.450316,7.78769,713.798,451.717,-1.25341,-0.620051,7.75858,713.35,417.985,-1.45945,0.0890497,8.1941,688.071,556.592,-1.24932,0.287027,8.09503,724.374,594.134,-1.50284,0.424996,8.30104,683.592,618.167,-1.24583,0.384664,7.75371,714.688,615.743,-1.60812,0.448585,8.4399,669.095,621.148,-1.25749,0.550916,7.72367,711.43,648.901,-1.29452,-0.800935,7.85595,708.418,384.343,-1.37896,-0.525565,7.65807,685.082,435.221,-1.09276,-0.594091,7.83774,747.136,424.274,-1.39651,-0.562368,7.66564,681.86,427.994,-1.10263,-0.634197,7.84251,745.344,416.537,-1.39158,-0.256312,7.64469,682.081,488.811,-1.10228,-0.400588,8.02624,750.323,463.8,-1.38666,-0.225618,7.63902,682.858,494.907,-1.09792,-0.374516,8.04467,751.632,468.923,-1.40236,-0.283059,7.66914,680.822,483.649,-1.12176,-0.42771,8.01492,746.318,458.526,-1.53468,-0.25648,7.84189,661.211,490.065,-1.28219,-0.519593,8.13457,719.349,442.479,-1.59149,0.43608,8.47306,673.231,618.577,-1.29259,0.563762,7.73487,704.862,651.279,-1.62475,0.461089,8.40674,664.927,623.739,-1.22238,0.53807,7.71247,718.018,646.516,-1.49021,0.475418,8.2837,685.342,627.623,-1.2373,0.356204,7.70497,714.827,610.582,-1.60812,0.448585,8.4399,669.095,621.148,-1.25749,0.550916,7.72367,711.43,648.901
73,2.43577,2,800.222,495.124,-0.777452,-0.153453,8.03971,812.361,510.859,-0.837049,-0.132566,7.98102,799.874,514.64,-0.717855,-0.174339,8.09841,824.666,507.133,-0.869568,-0.527845,7.97887,793.608,438.997,-0.909046,-0.688299,7.95279,785.484,407.862,-1.06137,0.0639119,8.26871,764.027,551.801,-0.65628,0.144272,8.35606,840.09,566.36,-0.972684,0.429105,8.37414,782.663,618.233,-0.416802,0.338992,8.11992,881.631,603.739,-1.12259,0.481258,8.43759,756.87,627.082,-0.370784,0.496332,8.17336,890.739,632.713,-1.01982,-0.854159,7.96801,764.593,376.334,-0.980712,-0.589194,7.81346,768.369,424.871,-0.825428,-0.710746,8.09437,804.308,405.94,-1.00283,-0.625647,7.81569,764.102,417.783,-0.836516,-0.744847,8.07535,801.845,399.177,-1.03429,-0.313279,7.81496,757.938,478.797,-1.04962,-0.753561,8.26095,766.013,400.73,-1.03513,-0.281953,7.8093,757.628,484.877,-1.06968,-0.752549,8.28821,762.957,401.375,-1.03919,-0.341232,7.83941,757.615,473.544,-1.04364,-0.759285,8.227,766.324,399.093,-1.16534,-0.332789,8.02215,738.215,476.664,-1.18373,-0.899943,8.11948,737.416,370.779,-1.12954,0.466261,8.47299,756.467,624.016,-0.4028,0.518047,8.17781,884.799,636.717,-1.11565,0.496256,8.40219,757.276,630.174,-0.338767,0.474616,8.16891,896.685,628.705,-0.935617,0.475296,8.37305,789.398,626.666,-0.389979,0.330992,8.06843,886.206,602.632,-1.12259,0.481258,8.43759,756.87,627.082,-0.370784,0.496332,8.17336,890.739,632.713
73,2.43577,1,713.702,510.576,-1.26151,-0.0546411,7.93796,717.367,529.491,-1.33931,-0.05978,7.91256,701.576,528.465,-1.1837,-0.0495022,7.96335,733.057,530.509,-1.25737,-0.44406,7.86781,716.006,453.83,-1.2556,-0.610954,7.83774,715.416,420.989,-1.46173,0.0918723,8.27065,690.165,556.96,-1.28493,0.221504,8.25061,722.227,580.989,-1.45432,0.44897,8.3045,692.628,622.542,-1.26487,0.368597,7.92506,716.325,611.01,-1.56246,0.483156,8.43653,677.243,627.436,-1.24465,0.536623,7.92701,720.279,643.354,-1.29718,-0.799047,7.92634,710.141,386.089,-1.39482,-0.511548,7.7505,685.237,439.231,-1.08899,-0.584268,7.91543,749.952,427.305,-1.40867,-0.552277,7.75778,682.769,431.31,-1.09857,-0.624031,7.92053,748.241,419.712,-1.47468,-0.257704,7.80437,671.512,489.586,-1.08668,-0.383386,8.10048,755.185,467.74,-1.47858,-0.226296,7.80682,670.839,495.744,-1.07892,-0.355044,8.11708,757.064,473.219,-1.47628,-0.291999,7.82123,671.821,483,-1.10893,-0.409954,8.09171,750.766,462.649,-1.60094,-0.350123,7.99549,654.297,473.143,-1.27309,-0.471449,8.23136,723.867,452.556,-1.547,0.47302,8.47112,681.184,625.253,-1.27817,0.553597,7.9378,714.158,646.479,-1.57792,0.493291,8.40194,673.269,629.638,-1.21113,0.519649,7.91621,726.417,640.222,-1.43782,0.497652,8.28223,694.952,631.738,-1.25694,0.347562,7.87207,716.222,607.408,-1.56246,0.483156,8.43653,677.243,627.436,-1.24465,0.536623,7.92701,720.279,643.354
74,2.46913,2,795.984,494.724,-0.82031,-0.16446,8.16077,806.533,509.232,-0.875767,-0.146339,8.09938,794.916,512.415,-0.764854,-0.18258,8.22217,817.976,506.097,-0.9049,-0.541435,8.09487,789.329,437.881,-0.941153,-0.702996,8.06663,781.87,406.945,-1.07956,0.0778931,8.38759,763.493,554.179,-0.706382,0.150252,8.4685,832.649,567.088,-0.943771,0.448042,8.43657,789.207,621.082,-0.447299,0.321077,8.22557,876.977,599.595,-1.08346,0.512887,8.5073,765.557,632.045,-0.374988,0.480714,8.22207,890.369,629.264,-1.04462,-0.882845,8.07923,762.596,373.166,-0.993565,-0.596014,7.92294,768.54,425.148,-0.868987,-0.734156,8.20646,798.331,403.415,-1.01712,-0.631783,7.92082,763.948,418.223,-0.874745,-0.763029,8.18112,796.756,397.604,-1.02064,-0.314188,7.92193,763.298,479.448,-1.0713,-0.896074,8.32985,763.645,375.761,-1.01725,-0.282668,7.91632,763.812,485.484,-1.09004,-0.905747,8.35902,760.907,374.568,-1.03166,-0.341262,7.94552,761.763,474.426,-1.0656,-0.894474,8.29601,763.892,375.386,-1.18083,-0.314248,8.11449,737.826,480.874,-1.17642,-1.06957,8.18638,740.598,340.526,-1.08752,0.501441,8.5444,765.676,629.6,-0.40338,0.507297,8.2232,885.107,634.187,-1.07941,0.524332,8.4702,765.437,634.511,-0.346596,0.454131,8.22095,895.632,624.339,-0.904059,0.491985,8.4266,796.2,629.139,-0.42687,0.297529,8.17749,880.302,595.549,-1.08346,0.512887,8.5073,765.557,632.045,-0.374988,0.480714,8.22207,890.369,629.264
74,2.46913,1,714.848,507.284,-1.22602,-0.0491239,7.81022,720.336,530.397,-1.30041,-0.0494465,7.78102,704.841,530.298,-1.15163,-0.0488012,7.83941,735.715,530.496,-1.23134,-0.434817,7.75615,717.618,454.409,-1.23362,-0.600114,7.73297,716.441,421.517,-1.42076,0.0971167,8.14498,693.683,558.204,-1.29045,0.106945,8.19282,719.521,559.93,-1.37846,0.462277,8.11099,700.529,627.016,-1.23847,0.344533,7.917,721.168,606.441,-1.4794,0.504311,8.24389,686.018,633.398,-1.23699,0.502896,7.97985,723.331,636.217,-1.27036,-0.782555,7.82915,712.268,387.395,-1.38524,-0.51267,7.65401,683.684,437.737,-1.06414,-0.576932,7.79775,751.647,427.04,-1.39299,-0.555969,7.66307,682.467,429.231,-1.07527,-0.616986,7.80166,749.573,419.258,-1.50816,-0.301742,7.78153,664.096,480.798,-1.07494,-0.409164,8.01679,755.284,462.077,-1.51956,-0.276733,7.79431,662.347,485.793,-1.07297,-0.387422,8.03952,756.237,466.426,-1.49931,-0.338674,7.78602,666.003,473.59,-1.09296,-0.434723,7.99968,751.406,457.032,-1.58176,-0.492329,7.92639,655.327,445.169,-1.25766,-0.561273,8.08648,722.549,434.03,-1.46229,0.496352,8.27824,690.31,631.542,-1.27319,0.513285,7.99024,716.722,638.077,-1.4965,0.512269,8.20953,681.69,635.268,-1.20079,0.492508,7.96947,729.957,634.352,-1.3616,0.50953,8.08309,702.818,636.241,-1.22125,0.345003,7.86147,722.825,607.002,-1.4794,0.504311,8.24389,686.018,633.398,-1.23699,0.502896,7.97985,723.331,636.217
75,2.5025,2,793.113,489.411,-0.846341,-0.208514,8.27508,803.85,501.529,-0.88791,-0.185423,8.20523,794.786,505.498,-0.804772,-0.231604,8.34493,812.762,497.627,-0.922684,-0.579634,8.16648,787.501,431.635,-0.955403,-0.738685,8.11993,780.36,401.108,-1.07649,0.103767,8.43497,765.153,558.782,-0.785243,0.104713,8.58677,820.381,558.618,-0.906216,0.453405,8.46494,796.553,621.777,-0.499626,0.291255,8.40386,869.232,592.913,-1.04023,0.53613,8.52534,773.711,636.012,-0.454718,0.459382,8.4061,877.412,623.435,-1.06006,-0.91945,8.1203,760.691,367.128,-0.980223,-0.621925,7.97868,772.43,420.992,-0.902592,-0.784728,8.25989,793.165,394.951,-1.00308,-0.65799,7.96958,767.838,413.947,-0.903454,-0.808933,8.23058,792.411,389.945,-1.0176,-0.343914,7.97692,765.236,474.176,-1.08153,-0.996479,8.33392,761.866,357.447,-1.01559,-0.312316,7.97257,765.513,480.191,-1.10111,-1.00855,8.36378,759,355.895,-1.02801,-0.372382,7.99934,763.794,468.927,-1.07401,-0.994422,8.30163,762.479,357.116,-1.18063,-0.364034,8.16176,739.15,471.903,-1.15693,-1.19657,8.21319,744.938,317.568,-1.04737,0.526345,8.5625,773.247,633.851,-0.486295,0.481093,8.39913,871.604,627.451,-1.0331,0.545915,8.48818,774.179,638.193,-0.423142,0.437672,8.41308,883.211,619.426,-0.861678,0.49177,8.45423,804.389,628.809,-0.465789,0.269563,8.36292,874.965,589.212,-1.04023,0.53613,8.52534,773.711,636.012,-0.454718,0.459382,8.4061,877.412,623.435
75,2.5025,1,716.976,501.333,-1.2252,-0.0751782,7.90137,723.26,525.474,-1.29913,-0.0698081,7.8673,707.886,526.453,-1.15126,-0.0805483,7.93544,738.502,524.503,-1.23952,-0.465463,7.84713,718.836,449.439,-1.24566,-0.632727,7.82388,716.922,416.53,-1.40993,0.128246,8.2074,697.722,563.857,-1.29047,0.00876492,8.30936,722.89,541.61,-1.33561,0.485351,8.1204,708.885,631.253,-1.22785,0.300731,8.08451,728.122,596.793,-1.42759,0.538444,8.25405,695.938,639.596,-1.23541,0.42264,8.20252,730.051,618.667,-1.27893,-0.812263,7.91827,713.404,383.384,-1.4017,-0.554925,7.74605,683.724,430.624,-1.07944,-0.615251,7.89035,751.133,420.951,-1.40309,-0.600237,7.75333,683.71,421.804,-1.09225,-0.655435,7.88894,748.616,413.153,-1.55069,-0.414351,7.93594,661.67,460.285,-1.0844,-0.509055,8.15051,756.871,444.644,-1.56528,-0.397006,7.95594,659.622,463.814,-1.08083,-0.492125,8.17809,758.222,448.126,-1.53356,-0.447917,7.92928,664.719,453.755,-1.10223,-0.532298,8.12992,753.008,440.037,-1.56066,-0.647344,8.02612,663.127,416.86,-1.23944,-0.690921,8.21345,729.607,411.568,-1.40938,0.531018,8.28793,700.373,637.821,-1.27226,0.427337,8.21454,723.538,619.425,-1.44581,0.545871,8.22017,691.467,641.386,-1.19855,0.417942,8.19051,736.584,617.907,-1.31714,0.530092,8.08815,711.37,640.062,-1.20935,0.322283,8.03296,730.15,601.253,-1.42759,0.538444,8.25405,695.938,639.596,-1.23541,0.42264,8.20252,730.051,618.667
76,2.53587,2,791.882,480.858,-0.853656,-0.259171,8.26987,802.401,492.153,-0.890257,-0.235556,8.19819,794.207,496.132,-0.817055,-0.282787,8.34155,810.454,488.241,-0.92096,-0.629075,8.15745,787.632,422.262,-0.949804,-0.787605,8.10926,781.178,391.716,-1.05032,0.104373,8.38538,768.764,559.004,-0.84034,0.0368605,8.61265,811.034,546.534,-0.866261,0.450474,8.40856,802.712,621.793,-0.565027,0.248969,8.43531,857.733,585.062,-0.982708,0.554381,8.4768,783.005,639.849,-0.5216,0.416882,8.44411,865.691,615.375,-1.05297,-0.958458,8.10397,761.624,359.431,-0.964548,-0.677359,7.96867,775.198,410.222,-0.909553,-0.837283,8.2479,791.634,385.012,-0.986622,-0.71259,7.95759,770.705,403.281,-0.907204,-0.858892,8.21871,791.473,380.447,-1.00443,-0.399921,7.97517,767.714,463.44,-1.07303,-1.07009,8.28485,762.26,342.801,-1.00062,-0.368083,7.9701,768.322,469.49,-1.09516,-1.08282,8.31247,758.851,341.118,-1.01749,-0.426993,7.99684,765.741,458.479,-1.06217,-1.06856,8.2551,763.555,342.374,-1.18386,-0.39688,8.14798,738.17,465.633,-1.12412,-1.28728,8.17582,750.082,299.614,-0.988904,0.545626,8.5143,782.673,637.84,-0.553483,0.438555,8.43912,859.867,619.341,-0.976511,0.563137,8.4393,783.339,641.877,-0.489718,0.395209,8.4491,871.508,611.414,-0.818727,0.483237,8.39501,811.103,627.884,-0.532473,0.229912,8.39223,863.13,581.827,-0.982708,0.554381,8.4768,783.005,639.849,-0.5216,0.416882,8.44411,865.691,615.375
76,2.53587,1,721.17,491.642,-1.2504,-0.141861,8.1946,727.036,513.57,-1.32562,-0.130193,8.15984,711.969,515.64,-1.17517,-0.153529,8.22937,741.976,511.516,-1.27675,-0.537327,8.12646,720.132,439.05,-1.28804,-0.706813,8.09726,717.138,406.729,-1.39958,0.170176,8.41782,706.156,570.865,-1.28626,-0.0951245,8.61212,731.971,523.136,-1.32221,0.522542,8.35138,718.281,635.528,-1.23943,0.24779,8.49329,737.2,584.543,-1.42143,0.58196,8.47742,704.005,644.809,-1.23932,0.310481,8.65132,741.29,594.793,-1.3305,-0.881052,8.18994,711.97,375.756,-1.44399,-0.637358,8.02454,685.265,418.736,-1.12424,-0.695128,8.16114,749.682,409.958,-1.44101,-0.683092,8.02822,685.958,410.094,-1.13712,-0.734423,8.15261,747.049,402.463,-1.59165,-0.568102,8.25252,665.537,434.899,-1.17148,-0.695998,8.43927,748.067,414.086,-1.60644,-0.557795,8.27714,663.686,437.112,-1.17233,-0.690157,8.47171,748.725,415.621,-1.57281,-0.596995,8.23616,668.446,429.334,-1.18491,-0.710318,8.40936,744.874,411.039,-1.58612,-0.813931,8.27604,667.394,389.847,-1.3174,-0.890168,8.41467,720.971,378.488,-1.4061,0.573483,8.51253,707.811,642.856,-1.27526,0.308422,8.66661,735.345,594.333,-1.43677,0.590438,8.44231,700.167,646.778,-1.20338,0.31254,8.63602,747.256,595.254,-1.29957,0.565717,8.3206,721.541,643.804,-1.22579,0.288426,8.45385,738.623,592.089,-1.42143,0.58196,8.47742,704.005,644.809,-1.23932,0.310481,8.65132,741.29,594.793
77,2.56923,2,792.797,469.174,-0.865866,-0.33647,8.34208,801.531,478.42,-0.890394,-0.312099,8.26709,795.563,482.362,-0.841337,-0.360841,8.41707,807.392,474.548,-0.920453,-0.700426,8.21467,788.927,409.821,-0.943848,-0.856407,8.16007,783.406,379.766,-1.00278,0.0726079,8.39355,777.598,553.207,-0.881853,-0.0359852,8.6806,804.899,533.671,-0.851352,0.436669,8.40731,805.396,619.298,-0.620754,0.20493,8.51146,848.651,576.76,-0.943472,0.569686,8.47706,790.077,642.603,-0.584725,0.373848,8.52715,855.307,606.936,-1.04496,-1.02685,8.14815,764.201,347.594,-0.937357,-0.744564,8.01993,781.556,398.258,-0.925952,-0.908407,8.30478,789.773,372.998,-0.956688,-0.780755,8.00559,777.549,391.101,-0.919163,-0.929594,8.27499,790.412,368.488,-1.00796,-0.474617,8.04183,768.638,449.893,-1.08901,-1.13987,8.33271,760.468,331.147,-1.00415,-0.441654,8.03608,769.223,456.091,-1.11412,-1.15196,8.35745,756.471,329.558,-1.02098,-0.501329,8.06262,766.665,445.067,-1.07439,-1.13927,8.30459,762.478,330.552,-1.19535,-0.455947,8.20345,737.532,455.143,-1.12001,-1.36061,8.22492,752.098,287.436,-0.948068,0.564442,8.51539,790.018,641.201,-0.617244,0.394527,8.5224,849.423,610.678,-0.938876,0.57493,8.43873,790.136,644.018,-0.552206,0.353168,8.53191,861.185,603.198,-0.804489,0.46394,8.38921,813.591,624.433,-0.587599,0.189797,8.46709,854.046,574.224,-0.943472,0.569686,8.47706,790.077,642.603,-0.584725,0.373848,8.52715,855.307,606.936
77,2.56923,1,724.576,479.243,-1.26414,-0.220559,8.35224,728.92,499.683,-1.33822,-0.206366,8.31773,714.364,502.121,-1.19007,-0.234751,8.38674,743.355,497.265,-1.28982,-0.618297,8.26417,721.714,425.773,-1.30082,-0.788757,8.22643,718.579,393.614,-1.36482,0.163394,8.47832,714.226,569.424,-1.27705,-0.191706,8.77892,737.907,506.66,-1.30348,0.519285,8.42502,723.787,634.103,-1.23485,0.17029,8.75877,744.751,569.684,-1.38758,0.611455,8.54649,712.122,649.231,-1.23509,0.20161,8.92649,748.754,574.483,-1.34198,-0.964236,8.3077,713.376,362.797,-1.45493,-0.726427,8.16167,687.835,404.112,-1.1413,-0.782426,8.28845,749.77,395.875,-1.44926,-0.771601,8.16043,688.854,395.639,-1.15242,-0.819674,8.27444,747.362,388.758,-1.60299,-0.72717,8.40545,668.836,407.918,-1.20483,-0.872279,8.55035,744.865,384.245,-1.61949,-0.716395,8.43271,666.789,410.296,-1.20793,-0.87718,8.58282,745.127,383.963,-1.58333,-0.753989,8.38747,671.79,402.753,-1.21592,-0.876061,8.51653,742.022,382.949,-1.60775,-0.967694,8.44368,669.293,365.025,-1.34289,-1.04606,8.45452,717.495,351.099,-1.37142,0.605396,8.58176,716.015,647.704,-1.27091,0.19565,8.9411,742.983,573.409,-1.40373,0.617514,8.51121,708.197,650.771,-1.19927,0.207569,8.91188,754.544,575.56,-1.2798,0.556536,8.38967,727.101,641.278,-1.2222,0.218602,8.72931,746.238,578.233,-1.38758,0.611455,8.54649,712.122,649.231,-1.23509,0.20161,8.92649,748.754,574.483
78,2.6026,2,793.402,457.058,-0.889734,-0.416313,8.45679,799.371,464.841,-0.901216,-0.392906,8.38085,795.824,468.424,-0.878252,-0.439721,8.53274,802.855,461.321,-0.928817,-0.774544,8.32014,789.561,397.871,-0.945566,-0.928071,8.26158,785.258,368.491,-0.947135,0.0190919,8.4469,788.808,543.451,-0.933497,-0.104205,8.7789,797.654,521.877,-0.860961,0.405821,8.48587,805.098,613.014,-0.6526,0.156701,8.67153,845.1,567.59,-0.930718,0.573544,8.51604,793.141,642.825,-0.616927,0.327694,8.68974,851.608,597.575,-1.0473,-1.09067,8.22465,765.588,337.537,-0.918559,-0.815472,8.12748,787.448,386.813,-0.947882,-0.988414,8.40532,787.825,360.463,-0.935438,-0.851563,8.10994,783.897,379.687,-0.937558,-1.00755,8.3751,789.086,356.328,-0.984719,-0.546728,8.13429,775.175,437.383,-1.10474,-1.2225,8.41409,759.543,318.176,-0.979187,-0.514074,8.1292,776.098,443.451,-1.13066,-1.23501,8.43788,755.418,316.536,-1.00167,-0.572903,8.15272,772.418,432.713,-1.08959,-1.22124,8.38685,761.65,317.685,-1.1951,-0.523345,8.2623,739.163,443.293,-1.13665,-1.44133,8.30432,751.025,275.01,-0.945103,0.576337,8.55215,791.277,642.889,-0.647755,0.348743,8.67902,846.051,601.348,-0.916332,0.57075,8.47993,795.021,642.76,-0.5861,0.306646,8.70047,857.152,593.81,-0.811571,0.424374,8.47948,813.874,616.41,-0.612512,0.142553,8.63403,851.69,565.208,-0.930718,0.573544,8.51604,793.141,642.825,-0.616927,0.327694,8.68974,851.608,597.575
78,2.6026,1,727.821,466.386,-1.24124,-0.286724,8.28938,731.386,487.191,-1.32018,-0.27166,8.26657,716.175,489.827,-1.1623,-0.301789,8.31218,746.513,484.568,-1.27328,-0.680525,8.2078,723.154,413.414,-1.28701,-0.849296,8.17283,719.575,381.344,-1.31991,0.1132,8.40022,720.104,560.574,-1.22922,-0.286243,8.71375,744.626,489.847,-1.26499,0.473573,8.32322,727.959,626.869,-1.18613,0.0783554,8.64288,750.471,553.841,-1.29997,0.594041,8.44758,725.053,647.363,-1.16492,0.107188,8.80752,758.065,558.581,-1.32351,-1.02802,8.24811,715.014,349.711,-1.44142,-0.789109,8.1323,689.388,391.853,-1.1279,-0.850998,8.20472,750.118,381.644,-1.43475,-0.833422,8.12445,690.38,383.383,-1.1404,-0.884918,8.18881,747.379,375.012,-1.58534,-0.870379,8.37269,670.915,381.287,-1.17567,-1.021,8.43629,747.233,355.226,-1.60224,-0.862702,8.40266,668.874,383.248,-1.17077,-1.03185,8.46997,748.962,354.004,-1.56712,-0.893794,8.35132,673.505,376.6,-1.19395,-1.01863,8.40626,743.154,354.996,-1.61373,-1.11922,8.39776,666.616,336.52,-1.3458,-1.19423,8.37778,714.743,322.366,-1.27515,0.589942,8.47761,730.354,646.244,-1.19883,0.102265,8.82623,752.627,557.69,-1.32479,0.59814,8.41756,719.713,648.489,-1.13101,0.112111,8.78881,763.526,559.475,-1.24937,0.504299,8.27912,729.603,632.998,-1.17588,0.126464,8.61032,751.497,562.424,-1.29997,0.594041,8.44758,725.053,647.363,-1.16492,0.107188,8.80752,758.065,558.581
79,2.63597,2,792.866,448.417,-0.907175,-0.48037,8.47872,796.646,453.5,-0.897259,-0.460687,8.40388,796.993,456.306,-0.917092,-0.500052,8.55357,796.305,450.744,-0.929917,-0.827543,8.32548,789.469,388.243,-0.939663,-0.976331,8.2598,786.311,359.534,-0.932684,-0.0374385,8.44429,791.368,533.231,-0.945058,-0.110719,8.7258,794.643,520.628,-0.849534,0.358948,8.50109,807.428,604.465,-0.647994,0.165326,8.78241,847.351,568.741,-0.927452,0.52752,8.5082,793.573,634.661,-0.650657,0.337298,8.82766,847.468,598.336,-1.03422,-1.13223,8.18719,767.137,328.861,-0.888605,-0.848938,8.14322,793.397,380.835,-0.964983,-1.05147,8.39444,784.492,348.762,-0.902103,-0.883092,8.11954,790.374,373.948,-0.950805,-1.06809,8.36325,786.426,345.015,-0.952356,-0.576618,8.16384,781.896,432.164,-1.12337,-1.28954,8.37872,755.302,305.023,-0.946632,-0.543359,8.16294,782.947,438.373,-1.15071,-1.30356,8.4011,750.878,303.1,-0.971686,-0.604989,8.17739,778.582,427.046,-1.10726,-1.28644,8.35186,757.588,304.834,-1.18252,-0.569712,8.26728,741.618,434.789,-1.15879,-1.50414,8.25133,745.587,261.688,-0.952468,0.530239,8.53804,789.682,634.816,-0.671483,0.357659,8.80186,843.526,602.039,-0.902436,0.524801,8.47835,797.492,634.504,-0.629831,0.316937,8.85345,851.387,594.655,-0.800192,0.378477,8.51083,816.454,607.895,-0.591225,0.158905,8.77398,857.121,567.651,-0.927452,0.52752,8.5082,793.573,634.661,-0.650657,0.337298,8.82766,847.468,598.336
79,2.63597,1,729.978,456.004,-1.23798,-0.346488,8.34223,733.432,476.587,-1.31989,-0.331765,8.32615,717.974,479.165,-1.15606,-0.361212,8.35832,748.83,474.02,-1.27535,-0.737417,8.24452,723.826,403.442,-1.29137,-0.904957,8.20265,719.639,371.561,-1.3147,0.0613188,8.45031,722.468,551.079,-1.19808,-0.347839,8.76821,751.386,479.433,-1.24514,0.400989,8.29888,730.931,613.77,-1.15053,0.0210342,8.6916,757.899,543.695,-1.22021,0.54306,8.40069,738.237,638.697,-1.11778,0.0605722,8.85197,767.209,550.447,-1.30962,-1.09022,8.26408,718.053,338.587,-1.44627,-0.846395,8.17707,689.964,381.968,-1.13423,-0.91297,8.21664,749.247,370.359,-1.43865,-0.888796,8.16407,690.96,373.787,-1.1483,-0.942831,8.19792,746.144,364.41,-1.58157,-0.984961,8.39374,672.326,360.843,-1.17887,-1.13681,8.39769,745.674,333.322,-1.59948,-0.984118,8.42421,670.12,361.644,-1.17117,-1.15344,8.42951,747.877,331.088,-1.56127,-1.00243,8.36918,675.184,357.132,-1.1983,-1.13031,8.3698,741.415,333.818,-1.5898,-1.23384,8.37585,670.211,315.096,-1.33517,-1.31655,8.32882,715.251,298.664,-1.18863,0.537941,8.4233,744.557,637.504,-1.15042,0.0574257,8.87316,762.054,549.881,-1.25179,0.548179,8.37809,731.884,639.896,-1.08514,0.0637187,8.83077,772.39,551.016,-1.23856,0.421281,8.24662,730.698,617.995,-1.14174,0.0675344,8.65545,758.606,551.913,-1.22021,0.54306,8.40069,738.237,638.697,-1.11778,0.0605722,8.85197,767.209,550.447
80,2.66933,2,792.628,441.653,-0.915059,-0.519261,8.50623,795.759,446.8,-0.895151,-0.504511,8.43456,797.967,448.678,-0.934966,-0.534011,8.5779,793.588,444.953,-0.935929,-0.868393,8.35906,789.056,381.391,-0.944873,-1.01802,8.29598,786.11,352.648,-0.93826,-0.0882775,8.46525,790.78,524.079,-0.930985,-0.135442,8.70896,796.791,516.256,-0.861386,0.306455,8.53507,805.915,594.819,-0.670718,0.166481,8.80055,843.641,568.882,-0.946874,0.470614,8.52415,790.406,624.291,-0.722941,0.327034,8.85485,835.35,596.387,-1.02969,-1.17652,8.21216,768.566,321.269,-0.871789,-0.89111,8.1896,797.476,373.874,-0.997958,-1.09224,8.42556,779.165,342.08,-0.883477,-0.924017,8.16307,794.762,367.18,-0.979896,-1.11082,8.3968,781.83,338.024,-0.909316,-0.611761,8.20343,790.766,426.144,-1.17783,-1.31493,8.38037,745.421,300.444,-0.901911,-0.579058,8.20429,792.161,432.242,-1.21037,-1.32459,8.39892,739.98,299.217,-0.932317,-0.639598,8.21392,786.706,421.115,-1.15783,-1.31499,8.35639,748.459,299.744,-1.15522,-0.600733,8.27933,746.972,429.222,-1.22894,-1.53443,8.25596,732.735,256.242,-0.976519,0.473075,8.54951,785.615,624.481,-0.742276,0.345469,8.82649,831.606,599.757,-0.917229,0.468153,8.4988,795.226,624.101,-0.703606,0.3086,8.8832,839.071,593.039,-0.814467,0.32758,8.55333,814.619,598.472,-0.612378,0.172392,8.80243,853.785,569.901,-0.946874,0.470614,8.52415,790.406,624.291,-0.722941,0.327034,8.85485,835.35,596.387
80,2.66933,1,731.776,447.392,-1.23567,-0.406352,8.41633,735.845,466.286,-1.31439,-0.390102,8.39806,721.046,469.08,-1.15695,-0.422602,8.4346,750.579,463.504,-1.28124,-0.792691,8.30387,724.431,394.255,-1.30076,-0.958265,8.25568,719.445,362.784,-1.30891,0.0136775,8.50679,725.084,542.455,-1.18853,-0.382523,8.84967,754.954,474.007,-1.21158,0.306317,8.2708,736.347,596.545,-1.10774,-0.0199847,8.72809,766.23,536.504,-1.19705,0.480605,8.30809,740.021,628.319,-1.06365,0.0246542,8.88218,777.17,544.238,-1.32673,-1.1497,8.29409,715.78,328.365,-1.44872,-0.898688,8.23106,691.281,373.305,-1.14946,-0.963773,8.26667,747.709,362.003,-1.44246,-0.939651,8.21515,691.925,365.369,-1.16181,-0.992744,8.24647,744.903,356.203,-1.58022,-1.06744,8.42442,673.616,346.548,-1.1812,-1.21438,8.40948,745.552,319.527,-1.59794,-1.07284,8.45342,671.399,346.236,-1.17224,-1.23418,8.43882,747.919,316.712,-1.55897,-1.07954,8.39761,676.567,343.73,-1.20059,-1.20623,8.38283,741.337,320.312,-1.57202,-1.30632,8.35881,672.868,301.398,-1.3173,-1.39927,8.32043,718.282,283.242,-1.16914,0.485615,8.33501,745.845,628.952,-1.0954,0.0255543,8.90478,772.191,544.381,-1.22497,0.475595,8.28117,734.159,627.683,-1.0319,0.023754,8.85958,782.175,544.093,-1.19809,0.306573,8.21675,737.383,596.964,-1.09656,0.0237146,8.68739,767.287,544.168,-1.19705,0.480605,8.30809,740.021,628.319,-1.06365,0.0246542,8.88218,777.17,544.238
81,2.7027,2,794.295,435.661,-0.901319,-0.547685,8.43618,796.882,440.882,-0.868717,-0.533839,8.36946,801.529,442.617,-0.93392,-0.56153,8.50289,792.308,439.173,-0.920722,-0.891094,8.27637,790.153,375.619,-0.929037,-1.03827,8.20788,787.189,346.871,-0.922052,-0.123567,8.35796,791.568,517.428,-0.900765,-0.170024,8.63298,800.699,509.931,-0.867569,0.269042,8.42241,802.733,588.77,-0.71576,0.160547,8.76858,835.374,567.954,-0.958556,0.419327,8.37117,785.176,616.478,-0.816078,0.302916,8.79646,818.358,592.575,-1.01261,-1.19498,8.11504,769.489,315.179,-0.832049,-0.911817,8.12553,803.661,368.673,-1.00319,-1.11149,8.32434,776.007,336.144,-0.839979,-0.941811,8.09425,801.561,362.354,-0.983022,-1.1306,8.29661,779.103,331.944,-0.870596,-0.645131,8.16749,797.259,419.405,-1.18601,-1.31597,8.27305,741.128,297.144,-0.858966,-0.613607,8.17422,799.565,425.393,-1.21672,-1.32143,8.29549,736.068,296.796,-0.897469,-0.669686,8.16892,792.265,414.837,-1.17045,-1.31773,8.24846,743.354,296.093,-1.11386,-0.591851,8.18927,752.339,429.659,-1.2885,-1.52038,8.17046,719.226,255.898,-0.994315,0.420579,8.38686,778.994,616.563,-0.829804,0.317012,8.76286,815.423,595.233,-0.922798,0.418076,8.35547,791.382,616.393,-0.802353,0.28882,8.83006,821.27,589.938,-0.82861,0.295507,8.45148,810.312,593.383,-0.663046,0.179129,8.7863,844.786,571.126,-0.958556,0.419327,8.37117,785.176,616.478,-0.816078,0.302916,8.79646,818.358,592.575
81,2.7027,1,733.999,441.007,-1.21927,-0.447928,8.3912,738.157,458.501,-1.29727,-0.430454,8.37782,723.588,461.555,-1.14127,-0.465401,8.40458,752.68,455.457,-1.27655,-0.827817,8.26749,724.261,387.127,-1.30109,-0.990627,8.21448,718.177,355.881,-1.28578,-0.0414823,8.50506,729.187,532.553,-1.13912,-0.37189,8.80317,762.44,475.502,-1.18231,0.19362,8.2169,740.318,575.976,-1.05412,-0.0408289,8.61806,773.255,532.767,-1.17182,0.371061,8.2189,742.321,608.929,-0.985576,0.0214592,8.7547,788.123,543.742,-1.32161,-1.18227,8.24409,715.246,321.051,-1.44859,-0.93374,8.19791,690.219,366.103,-1.1517,-0.995755,8.21211,745.881,354.874,-1.44221,-0.972925,8.17961,690.806,358.4,-1.16542,-1.0222,8.19112,742.776,349.471,-1.57056,-1.12243,8.37597,673.722,335.405,-1.16769,-1.26446,8.31712,745.649,307.887,-1.58784,-1.13146,8.40399,671.536,334.447,-1.15529,-1.28768,8.34249,748.571,304.342,-1.54865,-1.13082,8.34822,676.777,333.191,-1.1898,-1.2534,8.29415,740.986,309.279,-1.54792,-1.35074,8.28619,674.791,291.123,-1.30802,-1.44038,8.22088,717.08,272.498,-1.14447,0.381592,8.24478,748.069,610.662,-1.01364,0.0281029,8.7809,783.755,544.886,-1.19917,0.36053,8.19303,736.538,607.184,-0.957508,0.0148156,8.7285,792.517,542.591,-1.16822,0.182937,8.16405,741.533,574.211,-1.0466,-0.00487983,8.56941,773.534,539.131,-1.17182,0.371061,8.2189,742.321,608.929,-0.985576,0.0214592,8.7547,788.123,543.742
82,2.73607,1,735.781,436.493,-1.22884,-0.484817,8.48745,738.951,452.789,-1.30883,-0.465703,8.47757,724.288,456.13,-1.14885,-0.503931,8.49732,753.58,449.456,-1.2935,-0.858918,8.36105,723.804,383.159,-1.32121,-1.01925,8.30688,717.171,352.669,-1.28366,-0.0974579,8.64355,733.26,522.786,-1.10651,-0.368118,8.8762,769.674,476.682,-1.17251,0.0713509,8.3166,744.753,553.099,-1.01987,-0.0525949,8.66957,780.395,530.738,-1.15095,0.24344,8.2939,748.131,584.813,-0.977372,0.0274283,8.80663,790.559,544.755,-1.32974,-1.21014,8.33942,716.555,318.451,-1.4718,-0.968761,8.29645,689.152,361.724,-1.16996,-1.02078,8.29767,744.729,352.178,-1.46332,-1.00594,8.27663,690.067,354.439,-1.18459,-1.04701,8.27676,741.487,346.866,-1.58036,-1.17812,8.45449,674.61,327.249,-1.16924,-1.28638,8.40301,747.56,306.275,-1.59663,-1.19058,8.4817,672.598,325.688,-1.15385,-1.30998,8.42587,750.924,302.634,-1.55873,-1.18265,8.42575,677.556,325.702,-1.19429,-1.27466,8.38336,742.499,307.862,-1.55011,-1.39259,8.34233,676.311,285.138,-1.32454,-1.45312,8.32129,716.979,273.387,-1.12168,0.255144,8.31699,754.093,586.837,-1.00917,0.0325893,8.82854,785.48,545.636,-1.18023,0.231735,8.2708,742.135,582.777,-0.945574,0.0222673,8.78473,795.663,543.87,-1.16215,0.0508893,8.26514,745.325,549.4,-1.00935,-0.0200771,8.61901,781.206,536.444,-1.15095,0.24344,8.2939,748.131,584.813,-0.977372,0.0274283,8.80663,790.559,544.755
82,2.73607,2,793.897,432.392,-0.933471,-0.574306,8.61798,794.627,438.257,-0.888229,-0.563304,8.556,801.502,439.483,-0.978712,-0.585307,8.67996,787.85,437.048,-0.938468,-0.927257,8.46529,790.743,372.765,-0.94061,-1.07852,8.39985,789.035,343.968,-0.930583,-0.154071,8.50912,793.03,512.356,-0.935675,-0.194112,8.80871,797.826,506.356,-0.905875,0.244127,8.53681,797.99,583.66,-0.800445,0.154792,8.95231,823.49,566.399,-1.00665,0.380086,8.46546,778.45,608.549,-0.929994,0.271168,8.98351,801.947,586.085,-1.02072,-1.23873,8.30245,772.297,312.208,-0.827492,-0.952401,8.32867,808.31,365.413,-1.0314,-1.14931,8.50555,774.863,333.699,-0.833084,-0.983117,8.29717,806.705,359.098,-1.01149,-1.17004,8.47764,777.84,329.286,-0.852388,-0.684143,8.35628,804.263,415.002,-1.24321,-1.3192,8.46075,735.662,301.949,-0.838626,-0.652586,8.36206,806.883,420.85,-1.27111,-1.33241,8.48399,731.254,300.224,-0.880914,-0.707291,8.35773,799.078,410.795,-1.22951,-1.3115,8.43251,737.391,302.545,-1.08827,-0.61632,8.3642,761.353,427.5,-1.34446,-1.45989,8.28829,712.342,271.08,-1.04375,0.379258,8.47815,772.041,608.297,-0.944848,0.285039,8.95012,798.823,588.623,-0.969545,0.380913,8.45277,784.879,608.801,-0.915141,0.257296,9.01691,805.047,583.566,-0.872555,0.276778,8.56673,804.494,589.327,-0.75278,0.182225,8.97316,831.917,571.005,-1.00665,0.380086,8.46546,778.45,608.549,-0.929994,0.271168,8.98351,801.947,586.085
83,2.76943,1,736.088,433.438,-1.25575,-0.526102,8.69985,739.626,447.673,-1.33719,-0.504067,8.69063,725.085,451.446,-1.1743,-0.548137,8.70907,754.137,443.908,-1.33142,-0.895444,8.57284,722.884,380.529,-1.36386,-1.05373,8.5184,715.556,351.139,-1.29698,-0.125132,8.82865,735.712,518.361,-1.12579,-0.37535,9.07245,770.547,476.834,-1.15502,-0.0320179,8.48555,752.184,534.239,-1.03647,-0.0502678,8.88618,781.921,531.363,-1.10713,0.128615,8.44389,759.818,563.255,-1.0018,0.0274825,9.02715,790.567,544.648,-1.37418,-1.24357,8.54909,714.59,317.915,-1.51794,-1.00804,8.51221,687.742,359.197,-1.20701,-1.05338,8.5041,743.304,350.884,-1.50695,-1.04341,8.49177,689.062,352.404,-1.22405,-1.07998,8.48385,739.72,345.647,-1.62507,-1.22616,8.65834,673.447,323.788,-1.16501,-1.31252,8.61239,753.474,307.325,-1.64131,-1.24206,8.68296,671.403,321.604,-1.15032,-1.33664,8.63228,756.549,303.595,-1.60125,-1.22639,8.63023,676.727,323.042,-1.19099,-1.29945,8.59303,748.393,309.122,-1.56582,-1.41694,8.52613,679.613,286.272,-1.32484,-1.45175,8.50519,722.179,279.399,-1.07716,0.138506,8.467,765.768,564.975,-1.03462,0.0315424,9.04779,785.415,545.323,-1.13709,0.118724,8.42077,753.836,561.526,-0.968976,0.0234225,9.0065,795.742,543.971,-1.14659,-0.061784,8.43802,752.538,528.821,-1.02478,-0.0159789,8.8372,782.954,537.239,-1.10713,0.128615,8.44389,759.818,563.255,-1.0018,0.0274825,9.02715,790.567,544.648
83,2.76943,2,791.089,429.953,-0.954712,-0.593405,8.66981,791.875,435.501,-0.892496,-0.58501,8.61891,801.903,436.371,-1.01693,-0.601801,8.72072,781.964,434.642,-0.950847,-0.946669,8.50948,789.401,370.151,-0.949191,-1.09807,8.44076,788.312,341.383,-0.919266,-0.179545,8.50843,795.047,507.783,-0.995513,-0.187012,8.79011,787.089,507.518,-0.892819,0.222723,8.5061,799.749,579.976,-0.8496,0.155884,8.94673,815.016,566.602,-0.987186,0.343679,8.4061,780.703,602.42,-0.963807,0.280071,8.89742,794.615,588.059,-1.00412,-1.26283,8.32991,775.959,308.541,-0.818056,-0.980515,8.39292,811.188,361.635,-1.06507,-1.16327,8.52901,769.345,331.767,-0.821253,-1.01059,8.36067,810.03,355.454,-1.04189,-1.18432,8.50287,772.921,327.347,-0.819572,-0.710244,8.41791,811.354,411.183,-1.28118,-1.32053,8.46178,728.838,301.737,-0.80591,-0.679778,8.42591,813.971,416.826,-1.3112,-1.3355,8.48007,723.932,299.556,-0.849393,-0.731798,8.41352,805.865,407.205,-1.26424,-1.30965,8.43553,731.184,302.965,-1.04963,-0.636357,8.37482,768.65,423.99,-1.36036,-1.42923,8.25831,708.504,275.771,-1.02579,0.3412,8.41271,773.839,601.922,-0.960355,0.288118,8.8593,794.499,589.652,-0.948587,0.346157,8.3995,787.578,602.92,-0.967258,0.272024,8.93553,794.731,586.479,-0.865576,0.260055,8.53793,805.218,586.503,-0.811662,0.18349,8.98333,822.055,571.185,-0.987186,0.343679,8.4061,780.703,602.42,-0.963807,0.280071,8.89742,794.615,588.059
84,2.8028,1,734.63,433.376,-1.28018,-0.539218,8.83599,738.8,446.83,-1.36166,-0.515719,8.82322,724.382,450.761,-1.19871,-0.562717,8.84876,753.177,442.909,-1.36169,-0.902838,8.6973,720.965,381.513,-1.39662,-1.05868,8.63787,713.146,352.878,-1.31037,-0.149844,8.99169,737.504,514.557,-1.17053,-0.374809,9.2076,765.909,477.851,-1.1489,-0.125505,8.64273,757.045,517.829,-1.02616,-0.0769882,9.00687,786.056,526.95,-1.07862,0.0234537,8.60802,768.691,544.16,-1.01741,0.0149315,9.14265,790.1,542.493,-1.4159,-1.2522,8.65342,710.187,319.07,-1.55147,-1.01374,8.63583,685.71,360.778,-1.23654,-1.05405,8.62426,741.095,353.401,-1.53922,-1.04628,8.61313,687.16,354.537,-1.2542,-1.08218,8.60367,737.437,347.963,-1.64721,-1.25511,8.75135,672.628,321.034,-1.15374,-1.29995,8.73676,758.383,312.833,-1.664,-1.27415,8.77369,670.438,318.278,-1.1384,-1.32288,8.75486,761.475,309.304,-1.62154,-1.25126,8.72545,676.267,321.058,-1.18062,-1.2883,8.7174,753.228,314.369,-1.56386,-1.43138,8.6148,682.846,286.325,-1.30596,-1.43319,8.61435,728.539,285.991,-1.04917,0.0287958,8.63313,774.456,545.092,-1.0535,0.0211439,9.1559,784.328,543.526,-1.10808,0.0181116,8.5829,762.892,543.222,-0.981321,0.00871912,9.1294,795.889,541.458,-1.14359,-0.158653,8.5953,756.868,511.819,-1.00325,-0.048573,8.95791,789.01,531.721,-1.07862,0.0234537,8.60802,768.691,544.16,-1.01741,0.0149315,9.14265,790.1,542.493
84,2.8028,2,791.468,430.568,-0.945997,-0.589972,8.64452,792.923,435.802,-0.8807,-0.582457,8.60068,803.662,436.605,-1.01129,-0.597486,8.68835,782.291,435.007,-0.941595,-0.942452,8.48047,790.483,370.329,-0.939708,-1.09351,8.41016,789.408,341.487,-0.904238,-0.168811,8.51434,797.856,509.73,-1.02041,-0.181522,8.76582,782.274,508.384,-0.878939,0.228135,8.56729,803.367,580.655,-0.904962,0.16375,8.93639,805.39,567.976,-0.934151,0.36182,8.45471,791.311,605.338,-1.02921,0.287899,8.91153,783.672,589.324,-0.991265,-1.25362,8.28987,777.438,309.12,-0.802383,-0.987213,8.37568,813.738,360.047,-1.06296,-1.14837,8.49604,768.984,333.635,-0.804919,-1.01595,8.34175,812.679,354.055,-1.04261,-1.17336,8.46923,772.048,328.478,-0.764044,-0.714147,8.40179,821.16,410.227,-1.3112,-1.27272,8.43757,722.743,309.706,-0.751267,-0.684699,8.40829,823.587,415.674,-1.34352,-1.27924,8.45739,717.464,309.068,-0.795047,-0.735462,8.3985,815.469,406.301,-1.29322,-1.26886,8.41058,725.244,309.667,-1.00578,-0.655319,8.36012,776.321,420.323,-1.42438,-1.39389,8.24944,696.384,282.028,-0.973018,0.361507,8.44953,784.184,605.321,-1.02963,0.300253,8.87445,782.863,591.655,-0.895283,0.362133,8.45989,798.428,605.354,-1.02879,0.275545,8.94861,784.474,587.012,-0.861105,0.260397,8.60918,807.291,586.179,-0.865969,0.18958,8.97186,812.637,572.261,-0.934151,0.36182,8.45471,791.311,605.338,-1.02921,0.287899,8.91153,783.672,589.324
85,2.83617,1,732.916,434.906,-1.29189,-0.545279,8.88781,738.078,446.332,-1.37299,-0.518682,8.8729,723.75,450.751,-1.2108,-0.571876,8.90272,752.357,441.927,-1.38735,-0.900242,8.74418,717.765,382.816,-1.42827,-1.05237,8.68262,708.853,354.951,-1.3172,-0.146536,9.01138,736.833,515.173,-1.17362,-0.341049,9.22848,765.836,483.577,-1.13997,-0.16838,8.67611,759.397,510.37,-1.04807,-0.129664,8.93617,780.937,517.847,-1.06421,-0.0274234,8.6247,771.613,535.145,-1.01571,-0.00258332,9.03088,788.285,539.563,-1.45571,-1.24263,8.69086,704.27,321.704,-1.58307,-1.00781,8.68106,681.583,362.755,-1.26599,-1.04947,8.6728,737.137,355.252,-1.57043,-1.04,8.65851,683.086,356.617,-1.28482,-1.07922,8.65288,733.3,349.578,-1.67595,-1.23569,8.80995,669.56,325.856,-1.12984,-1.25926,8.78745,763.698,321.213,-1.69616,-1.25273,8.83087,666.753,323.418,-1.11165,-1.27908,8.80267,767.193,318.155,-1.64554,-1.23265,8.79061,674.203,325.914,-1.15936,-1.25103,8.77131,758.199,322.242,-1.55252,-1.41005,8.73389,688.607,293.512,-1.27992,-1.38877,8.67896,734.844,295.696,-1.03495,-0.0196732,8.64935,777.314,536.527,-1.0493,0.010819,9.0452,782.886,541.826,-1.09347,-0.0351737,8.60005,765.879,533.756,-0.982116,-0.0159857,9.01657,793.701,537.293,-1.13448,-0.206479,8.6337,759.383,503.487,-1.03117,-0.121789,8.87806,782.67,519.056,-1.06421,-0.0274234,8.6247,771.613,535.145,-1.01571,-0.00258332,9.03088,788.285,539.563
85,2.83617,2,793.039,431.24,-0.94394,-0.592986,8.74812,795.26,436.51,-0.884648,-0.586229,8.70258,804.8,437.154,-1.00323,-0.599743,8.79365,785.819,435.873,-0.944751,-0.948668,8.59668,792.214,371.518,-0.945098,-1.1011,8.53177,790.875,342.959,-0.892104,-0.170313,8.63938,802.347,509.902,-1.04382,-0.184952,8.85142,779.955,508.098,-0.840204,0.224837,8.68675,812.329,579.517,-0.975889,0.17986,9.00505,794.544,570.494,-0.889128,0.36586,8.58067,801.798,605.097,-1.09724,0.30371,8.96173,773.069,591.741,-1.00791,-1.26002,8.41952,777.23,311.515,-0.804302,-1.00258,8.49086,815.377,359.725,-1.07345,-1.14827,8.62284,769.937,336.688,-0.810145,-1.03563,8.45985,813.793,353.098,-1.05444,-1.17525,8.59628,772.724,331.269,-0.718192,-0.739521,8.46211,830.422,406.574,-1.33901,-1.24272,8.58058,721.749,318.882,-0.701905,-0.711828,8.4616,833.353,411.563,-1.37198,-1.24516,8.59931,716.413,318.929,-0.752016,-0.756344,8.4651,824.367,403.587,-1.3198,-1.24193,8.55329,724.417,318.317,-0.958586,-0.661606,8.42534,786.295,420.111,-1.45223,-1.35831,8.38552,695.592,292.692,-0.928008,0.369058,8.57736,794.816,605.692,-1.09465,0.313084,8.92394,772.722,593.564,-0.850248,0.362663,8.58399,808.774,604.503,-1.09984,0.294336,8.99952,773.414,589.934,-0.81759,0.254976,8.72776,816.978,584.603,-0.942344,0.208604,9.04243,800.892,575.221,-0.889128,0.36586,8.58067,801.798,605.097,-1.09724,0.30371,8.96173,773.069,591.741
86,2.86953,1,730.045,437.626,-1.299,-0.529458,8.88433,736.769,449.014,-1.37535,-0.501324,8.86137,723.037,453.625,-1.22266,-0.557593,8.90729,750.431,444.426,-1.40364,-0.879724,8.73914,714.78,386.31,-1.44848,-1.02984,8.67691,705.131,358.794,-1.3315,-0.130819,9.01839,734.585,517.853,-1.20767,-0.340725,9.24876,760.642,483.754,-1.09944,-0.141835,8.71744,767.446,515.159,-1.02221,-0.101712,9.01604,786.901,522.776,-1.01678,0.00107746,8.69085,781.378,540.189,-0.999655,0.0164514,9.12677,792.775,542.752,-1.49073,-1.22208,8.67427,697.617,324.902,-1.60524,-0.983798,8.68327,677.756,367.022,-1.2837,-1.02684,8.66521,733.82,359.077,-1.59264,-1.01556,8.65984,679.212,360.954,-1.30325,-1.05949,8.64726,729.9,352.937,-1.6904,-1.2111,8.81766,667.312,330.301,-1.11142,-1.19605,8.79597,767.086,332.396,-1.70946,-1.22939,8.83785,664.687,327.621,-1.0913,-1.2121,8.81112,770.904,329.973,-1.65908,-1.20538,8.79992,672.155,330.871,-1.14254,-1.19242,8.78155,761.358,332.687,-1.54026,-1.3676,8.75495,691.398,301.507,-1.26064,-1.34201,8.71123,739.056,304.797,-0.992921,0.00729829,8.72107,786.174,541.278,-1.03454,0.0300977,9.13714,787.135,545.029,-1.04065,-0.00514337,8.66063,776.548,539.093,-0.964768,0.00280511,9.11641,798.427,540.47,-1.08631,-0.177808,8.67447,768.803,508.705,-0.995513,-0.0889582,8.96325,790.429,524.847,-1.01678,0.00107746,8.69085,781.378,540.189,-0.999655,0.0164514,9.12677,792.775,542.752
86,2.86953,2,794.582,434.183,-0.946699,-0.581655,8.84257,796.543,439.572,-0.885583,-0.574196,8.79974,806.351,440.377,-1.00782,-0.589114,8.88539,786.83,438.774,-0.945968,-0.939161,8.69325,793.864,375.06,-0.945654,-1.09238,8.62925,792.688,346.728,-0.877072,-0.159584,8.71559,806.359,512.045,-1.06745,-0.172232,8.92675,777.433,510.543,-0.792267,0.229038,8.76683,822.026,579.887,-1.02352,0.205541,9.05473,787.42,574.657,-0.835932,0.38499,8.67929,812.953,607.723,-1.15413,0.325155,9.02614,764.781,594.999,-1.01826,-1.24805,8.51479,777.42,316.218,-0.802139,-1.0047,8.58571,817.36,361.339,-1.06754,-1.13116,8.72322,773.157,342.022,-0.810722,-1.04176,8.55809,815.368,354.151,-1.05108,-1.15938,8.69688,775.481,336.469,-0.68715,-0.776256,8.49394,836.487,400.471,-1.32831,-1.22333,8.69867,726.861,325.287,-0.667394,-0.752925,8.48587,839.924,404.536,-1.35928,-1.22732,8.71893,721.979,325.087,-0.722116,-0.785806,8.50264,830.335,398.899,-1.31117,-1.22084,8.67046,729.12,325.026,-0.91241,-0.671249,8.45377,795.218,418.772,-1.44594,-1.32799,8.50517,700.44,301.615,-0.874499,0.391204,8.67911,806.166,608.817,-1.15654,0.334405,8.9884,763.552,596.801,-0.797364,0.378776,8.67947,819.74,606.628,-1.15172,0.315904,9.06389,766,593.212,-0.763951,0.253479,8.8068,827.561,583.943,-0.988056,0.236565,9.08713,793.994,579.746,-0.835932,0.38499,8.67929,812.953,607.723,-1.15413,0.325155,9.02614,764.781,594.999
87,2.9029,1,727.534,442.424,-1.31251,-0.508479,8.87787,734.284,452.555,-1.38254,-0.476664,8.8469,721.408,457.74,-1.24248,-0.540294,8.90885,747.07,447.407,-1.42319,-0.855655,8.72708,711.021,390.308,-1.47062,-1.00444,8.66246,700.804,362.967,-1.34151,-0.0974588,8.98908,732.151,523.447,-1.20095,-0.29323,9.22968,761.342,491.495,-1.07568,-0.0685133,8.7129,771.51,527.994,-1.0002,-0.0845098,8.97447,789.845,525.623,-1.00174,0.0860787,8.69751,784.155,555.11,-0.965087,0.048794,9.06587,797.473,548.217,-1.51474,-1.19519,8.65716,692.864,329.219,-1.62543,-0.962328,8.65341,673.22,370.213,-1.30574,-0.997857,8.66811,730.014,364.243,-1.61077,-0.992078,8.63066,675.057,364.503,-1.32124,-1.03465,8.65147,726.837,357.412,-1.67312,-1.21293,8.76896,668.695,328.819,-1.1012,-1.11037,8.81569,769.288,347.699,-1.68813,-1.23667,8.78628,666.662,325.108,-1.08032,-1.12238,8.83098,773.227,345.955,-1.64271,-1.19904,8.75343,673.482,330.867,-1.13139,-1.11318,8.79937,763.696,346.856,-1.48167,-1.32643,8.69876,699.946,307.193,-1.22136,-1.28084,8.71091,745.933,315.508,-0.981488,0.0933254,8.73007,788.353,556.321,-0.998438,0.0666638,9.07484,792.022,551.216,-1.02199,0.078832,8.66496,779.926,553.89,-0.931737,0.0309241,9.05691,802.934,545.213,-1.05468,-0.099556,8.67056,774.287,522.47,-0.975241,-0.0808586,8.91966,793.071,526.16,-1.00174,0.0860787,8.69751,784.155,555.11,-0.965087,0.048794,9.06587,797.473,548.217
87,2.9029,2,795.369,439.279,-0.944208,-0.548495,8.90534,798.123,445.965,-0.879132,-0.543875,8.86699,808.627,446.353,-1.00928,-0.553115,8.94368,787.708,445.579,-0.948547,-0.915195,8.76623,794.798,380.607,-0.950407,-1.07235,8.70662,793.341,351.957,-0.860322,-0.136925,8.75711,810.008,516.128,-1.0889,-0.139759,8.97254,774.714,516.219,-0.746456,0.237948,8.83475,831.003,581.12,-1.06915,0.239134,9.09791,780.582,580.13,-0.776907,0.40381,8.76051,824.603,610.375,-1.20554,0.350733,9.06222,756.896,599.09,-1.02125,-1.22359,8.58929,778.473,322.506,-0.803304,-1.0006,8.67656,818.648,363.932,-1.07801,-1.10702,8.77829,772.509,347.463,-0.810575,-1.03896,8.65023,816.935,356.625,-1.05936,-1.13621,8.7592,775.35,341.955,-0.685328,-0.797498,8.54231,837.512,397.464,-1.29647,-1.19077,8.63008,730.64,329.339,-0.661573,-0.77781,8.53168,841.611,400.81,-1.33304,-1.19313,8.63936,724.424,329.15,-0.721118,-0.802594,8.54737,831.192,396.639,-1.27278,-1.18893,8.61039,734.317,329.184,-0.884613,-0.681105,8.43143,799.815,416.666,-1.37769,-1.28925,8.40926,709.872,305.928,-0.814944,0.4125,8.76023,817.97,611.891,-1.20722,0.358732,9.0242,755.757,600.692,-0.738869,0.39512,8.7608,831.236,608.858,-1.20387,0.342733,9.10024,758.027,597.501,-0.716799,0.256249,8.87639,836.709,584.075,-1.03699,0.272422,9.13069,786.604,585.552,-0.776907,0.40381,8.76051,824.603,610.375,-1.20554,0.350733,9.06222,756.896,599.09
88,2.93627,1,724.584,448.995,-1.31644,-0.470328,8.79754,731.541,458.378,-1.38233,-0.437717,8.76281,719.155,463.736,-1.25055,-0.502939,8.83226,743.829,453.061,-1.42493,-0.810601,8.64813,708.442,396.895,-1.47142,-0.956432,8.58411,698.296,369.891,-1.34311,-0.0571184,8.89704,729.519,530.198,-1.21485,-0.248539,9.14597,757.202,498.511,-1.05876,0.0414217,8.66038,773.35,547.302,-0.953966,-0.00316638,9.00731,798.301,539.463,-1.01165,0.206876,8.67237,781.9,576.42,-0.95834,0.110754,9.1301,799.744,558.52,-1.51352,-1.14828,8.57561,690.541,335.566,-1.62802,-0.917628,8.57891,670.267,376.693,-1.30794,-0.946531,8.59005,727.533,371.768,-1.61425,-0.947381,8.55549,671.932,370.937,-1.32108,-0.984736,8.57385,724.754,364.647,-1.65144,-1.16884,8.70371,670.315,334.968,-1.09908,-1.03708,8.74699,768.16,358.981,-1.66532,-1.19243,8.72306,668.527,331.295,-1.07827,-1.04746,8.76271,772.13,357.498,-1.62246,-1.15512,8.68615,674.823,336.965,-1.12763,-1.04256,8.72875,762.765,357.645,-1.46147,-1.28946,8.631,701.478,311.905,-1.19473,-1.21626,8.62509,748.518,324.706,-0.997242,0.213031,8.7081,785.158,577.35,-0.993843,0.126581,9.13095,793.823,561.165,-1.02607,0.20072,8.63665,778.616,575.483,-0.922838,0.0949268,9.12925,805.667,555.875,-1.02772,0.0197042,8.61803,777.93,543.491,-0.912944,0.0120537,8.96665,804.553,542.052,-1.01165,0.206876,8.67237,781.9,576.42,-0.95834,0.110754,9.1301,799.744,558.52
88,2.93627,2,796.242,445.812,-0.948392,-0.511427,8.98984,798.934,453.144,-0.882983,-0.508868,8.95304,809.426,453.223,-1.0138,-0.513986,9.02665,788.527,453.065,-0.95482,-0.886676,8.87204,795.689,387.415,-0.957576,-1.0475,8.82155,794.271,358.709,-0.846089,-0.10582,8.84147,813.897,521.727,-1.10936,-0.105722,9.04775,772.803,522.16,-0.707012,0.2597,8.92613,839.07,584.42,-1.10374,0.271678,9.18093,776.453,585.179,-0.727627,0.427899,8.85306,834.517,613.793,-1.24015,0.385242,9.14906,753.05,604.287,-1.02507,-1.19978,8.70576,780.231,329.591,-0.80894,-0.980983,8.78958,819.487,369.603,-1.08729,-1.0769,8.89195,773.311,355.096,-0.815382,-1.02137,8.76666,817.997,362.124,-1.06853,-1.10709,8.87606,776.205,349.572,-0.712292,-0.794631,8.61472,833.763,399.17,-1.29339,-1.19414,8.74491,734.19,331.518,-0.68729,-0.77581,8.60113,838.002,402.289,-1.33031,-1.19861,8.75467,728.003,330.971,-0.747956,-0.799768,8.61984,827.521,398.344,-1.26987,-1.19194,8.72499,737.791,331.427,-0.905276,-0.69374,8.4698,796.816,414.947,-1.37273,-1.3186,8.5296,714.289,303.978,-0.765188,0.43858,8.85268,828.034,615.638,-1.24188,0.394303,9.11125,751.901,606.073,-0.690067,0.417218,8.85343,841,611.948,-1.23841,0.376181,9.18687,754.19,602.517,-0.675867,0.275782,8.96768,844.933,586.952,-1.07212,0.303881,9.21519,782.374,590.346,-0.727627,0.427899,8.85306,834.517,613.793,-1.24015,0.385242,9.14906,753.05,604.287
89,2.96963,1,721.861,457.066,-1.32818,-0.434559,8.82953,730.339,464.859,-1.38557,-0.400182,8.78887,719.306,470.483,-1.27078,-0.468935,8.87019,741.271,459.286,-1.44243,-0.768726,8.68157,706.332,404.811,-1.49139,-0.91194,8.61816,695.792,378.445,-1.35981,-0.00519076,8.87185,725.99,539.107,-1.24263,-0.18953,9.16123,752.912,508.414,-1.06541,0.177067,8.7047,773.134,571.056,-0.958792,0.043695,9.04113,798.091,547.379,-1.04577,0.35236,8.71765,776.851,601.71,-0.976364,0.161108,9.15918,797.249,566.855,-1.52351,-1.10305,8.6136,689.958,344.484,-1.64567,-0.875205,8.60238,667.926,384.668,-1.33525,-0.901852,8.62938,723.761,380.44,-1.6311,-0.905809,8.58109,669.794,378.838,-1.34843,-0.939631,8.61261,720.964,373.432,-1.68169,-1.11526,8.73713,666.137,345.116,-1.11566,-1.00852,8.75264,765.391,364.08,-1.69811,-1.13799,8.75481,663.867,341.545,-1.0926,-1.01888,8.76654,769.717,362.555,-1.65053,-1.10157,8.72488,671.176,347.238,-1.14446,-1.01411,8.73495,759.964,362.747,-1.4766,-1.23024,8.71374,701.282,324.446,-1.19264,-1.18504,8.61539,748.65,329.997,-1.04095,0.361401,8.75526,778.478,603.022,-1.01136,0.17751,9.15521,791.343,569.602,-1.05058,0.343318,8.68004,775.211,600.387,-0.941372,0.144705,9.16314,803.15,564.111,-1.02327,0.163351,8.6717,779.842,568.76,-0.913067,0.0574239,9.00507,805.195,549.736,-1.04577,0.35236,8.71765,776.851,601.71,-0.976364,0.161108,9.15918,797.249,566.855
89,2.96963,2,797.011,454.041,-0.944899,-0.459465,8.99416,799.604,462.006,-0.874884,-0.457422,8.96246,810.964,462.078,-1.01491,-0.461509,9.02586,788.324,461.934,-0.950115,-0.836106,8.87256,796.508,396.126,-0.95235,-0.997523,8.82045,795.155,367.336,-0.818164,-0.0624695,8.8338,818.596,529.203,-1.12068,-0.0566744,8.99974,769.884,530.386,-0.656956,0.283362,8.95515,847.996,588.31,-1.11121,0.322417,9.12873,774.153,593.923,-0.657231,0.452851,8.8842,847.055,617.823,-1.23112,0.438207,9.06294,752.605,613.821,-1.01863,-1.14041,8.69912,781.224,339.85,-0.803801,-0.936609,8.80297,820.592,377.558,-1.08305,-1.02852,8.87613,773.707,363.088,-0.808262,-0.9771,8.78022,819.455,370.096,-1.06336,-1.05763,8.86201,776.803,357.791,-0.7346,-0.756733,8.60475,829.659,405.732,-1.26418,-1.15378,8.7003,738.159,337.531,-0.71145,-0.736779,8.58952,833.543,409.04,-1.30097,-1.16119,8.70653,731.866,336.377,-0.768872,-0.765055,8.61,823.661,404.338,-1.24011,-1.14916,8.68308,741.951,337.942,-0.928766,-0.68775,8.44419,792.074,415.651,-1.32296,-1.2734,8.47569,721.691,310.618,-0.693715,0.465628,8.87937,840.72,620.062,-1.22461,0.444421,9.02517,752.837,615.181,-0.620747,0.440074,8.88904,853.382,615.586,-1.23762,0.431993,9.10072,752.374,612.472,-0.629541,0.295922,9.00062,853.212,590.196,-1.08508,0.355022,9.16738,779.289,599.126,-0.657231,0.452851,8.8842,847.055,617.823,-1.23112,0.438207,9.06294,752.605,613.821
90,3.003,1,720.192,467.429,-1.3154,-0.366352,8.7416,730.26,476.015,-1.36363,-0.331798,8.69162,720.468,481.717,-1.26718,-0.400905,8.79158,739.941,470.378,-1.43835,-0.704238,8.60986,704.944,415.12,-1.49104,-0.849046,8.55339,693.855,388.448,-1.35588,0.0634734,8.75371,723.518,551.071,-1.254,-0.135752,9.09104,749.402,517.202,-1.08392,0.304948,8.64769,768.633,593.839,-0.972417,0.097106,8.98509,794.766,556.5,-1.11261,0.479334,8.6577,763.795,624.529,-0.98755,0.222239,9.09672,794.254,577.3,-1.51818,-1.03586,8.57105,689.568,355.484,-1.63274,-0.798798,8.50529,666.913,396.611,-1.34412,-0.856789,8.58317,720.911,387.597,-1.61967,-0.833806,8.49054,668.755,390.066,-1.3606,-0.893252,8.56815,717.555,380.832,-1.72053,-1.01321,8.65859,656.622,361.342,-1.14264,-0.997666,8.70867,759.679,365.095,-1.74174,-1.03197,8.6754,653.478,358.386,-1.11809,-1.00696,8.72635,764.38,363.822,-1.68617,-1.00427,8.65066,662.408,362.756,-1.17125,-1.00453,8.69054,754.234,363.524,-1.52086,-1.15101,8.68524,692.653,337.667,-1.20215,-1.20777,8.60152,746.62,325.624,-1.11796,0.488967,8.6951,763.699,625.857,-1.02238,0.238876,9.09223,788.324,580.112,-1.10726,0.4697,8.6203,763.891,623.189,-0.95272,0.205601,9.1012,800.178,574.49,-1.03424,0.30248,8.62464,776.916,593.546,-0.927252,0.108301,8.94875,801.801,558.477,-1.11261,0.479334,8.6577,763.795,624.529,-0.98755,0.222239,9.09672,794.254,577.3
90,3.003,2,797.538,464.981,-0.965459,-0.40197,9.13486,798.638,472.817,-0.893235,-0.402262,9.11076,810.314,472.59,-1.03768,-0.401679,9.15895,787.023,473.042,-0.96446,-0.785539,9.03674,797.055,407.284,-0.964032,-0.949925,8.99469,796.366,378.76,-0.812972,-0.0156931,8.95679,821.423,537.325,-1.13415,0.00848484,9.11372,770.005,541.421,-0.627156,0.313278,9.09421,854.712,592.594,-1.13568,0.387721,9.24861,772.523,604.005,-0.595246,0.474686,9.01326,859.171,620.407,-1.24105,0.497893,9.15637,753.064,623.02,-1.03409,-1.09285,8.87378,782.082,351.973,-0.813898,-0.88644,8.98327,821.674,389.345,-1.09728,-0.970651,9.04531,774.791,376.164,-0.814319,-0.928054,8.96113,821.26,381.883,-1.07971,-1.00277,9.03551,777.558,370.559,-0.782908,-0.708875,8.77268,823.746,416.631,-1.25446,-1.10632,8.85643,743.745,349.283,-0.761791,-0.68531,8.75785,827.197,420.53,-1.29205,-1.10932,8.85374,737.196,348.707,-0.814755,-0.722732,8.77647,818.265,414.274,-1.22574,-1.10703,8.84559,748.436,348.926,-0.963069,-0.674988,8.59286,788.885,420.07,-1.26204,-1.2581,8.64981,737.241,317.936,-0.628909,0.49079,9.00196,853.336,623.239,-1.22727,0.502852,9.12037,754.554,624.178,-0.561584,0.458581,9.02455,864.992,617.582,-1.25484,0.492933,9.19236,751.585,621.871,-0.60387,0.325561,9.14248,859.156,594.367,-1.11734,0.422287,9.29115,776.394,609.392,-0.595246,0.474686,9.01326,859.171,620.407,-1.24105,0.497893,9.15637,753.064,623.02
91,3.03637,1,718.3,479.775,-1.3115,-0.296017,8.71007,730.112,488.112,-1.35434,-0.261997,8.65215,721.014,493.768,-1.26866,-0.330038,8.76799,739.091,482.531,-1.43729,-0.631718,8.57185,704,427.483,-1.49121,-0.77559,8.51262,692.55,400.897,-1.35307,0.13603,8.68577,722.163,563.911,-1.29716,-0.0722561,9.07179,741.692,527.84,-1.11434,0.419643,8.61551,762.528,614.365,-1.01171,0.149936,8.96116,787.631,565.545,-1.16636,0.58897,8.62756,753.599,644.226,-1.00227,0.293997,9.0504,790.923,589.596,-1.52575,-0.961834,8.53837,687.179,368.013,-1.61724,-0.706399,8.44513,667.627,412.294,-1.35374,-0.793325,8.54824,718.216,398.309,-1.60959,-0.745171,8.43236,668.568,405.08,-1.37266,-0.826808,8.53149,714.355,392.039,-1.75995,-0.883383,8.59503,647.376,383.083,-1.16678,-0.981062,8.62421,753.444,366.322,-1.78457,-0.897005,8.61098,643.589,380.958,-1.13926,-0.988315,8.64517,758.804,365.462,-1.72388,-0.88154,8.58854,653.552,383.292,-1.19241,-0.989126,8.60447,748.422,364.492,-1.5873,-1.05097,8.62857,679.14,354.041,-1.14952,-1.19758,8.51849,753.973,325.361,-1.17662,0.596517,8.66449,752.67,645.111,-1.03524,0.314105,9.04538,785.264,593.017,-1.15609,0.581424,8.59062,754.535,643.333,-0.969301,0.273889,9.05543,796.575,586.178,-1.06257,0.424937,8.59798,771.319,615.457,-0.968522,0.150696,8.92156,794.256,565.789,-1.16636,0.58897,8.62756,753.599,644.226,-1.00227,0.293997,9.0504,790.923,589.596
91,3.03637,2,798.258,475.464,-0.97087,-0.342784,9.22633,799.343,483.277,-0.899823,-0.34284,9.20428,810.742,483.132,-1.04192,-0.342728,9.24839,787.997,483.421,-0.968714,-0.72376,9.12593,797.936,418.916,-0.967789,-0.887036,9.0829,797.323,390.897,-0.809866,0.0226272,9.00617,822.709,543.836,-1.1405,0.0693174,9.21092,770.957,551.49,-0.600588,0.338545,9.1492,859.778,596.494,-1.16973,0.444955,9.3606,769.212,612.574,-0.531399,0.489359,9.07011,870.551,622.373,-1.26235,0.568246,9.26896,752.07,633.6,-1.03936,-1.02531,8.95917,782.881,365.275,-0.817536,-0.822799,9.06763,822.348,401.462,-1.10731,-0.900164,9.12825,774.795,389.442,-0.817072,-0.864194,9.04491,822.081,394.127,-1.09237,-0.934732,9.12126,777.155,383.541,-0.836716,-0.640249,8.85121,815.674,429.563,-1.22156,-1.01748,8.89354,750.295,365.33,-0.820318,-0.611177,8.83895,818.306,434.431,-1.25413,-1.01026,8.87652,744.29,366.236,-0.863602,-0.660434,8.85204,811.05,426.092,-1.19334,-1.02813,8.89471,755.167,363.524,-1.00007,-0.623543,8.64665,783.415,429.9,-1.21067,-1.19667,8.70226,747.597,330.053,-0.559975,0.50912,9.05251,865.557,625.866,-1.24478,0.575687,9.23515,754.213,635.173,-0.502824,0.469598,9.08771,875.525,618.893,-1.27991,0.560806,9.30277,749.943,632.038,-0.582967,0.350086,9.19986,863.254,598.098,-1.15654,0.475344,9.40752,772.304,617.144,-0.531399,0.489359,9.07011,870.551,622.373,-1.26235,0.568246,9.26896,752.07,633.6
92,3.06973,1,717.667,493.991,-1.32077,-0.214371,8.74581,729.433,502.577,-1.37464,-0.181325,8.70107,718.796,508.183,-1.26691,-0.247416,8.79055,739.962,497.028,-1.45202,-0.55434,8.61878,702.785,441.803,-1.50827,-0.700041,8.56434,691.122,415.204,-1.36601,0.218064,8.77031,722.202,577.961,-1.30082,0.00809407,9.10351,741.839,541.357,-1.19139,0.550611,8.71216,751.217,636.491,-1.05302,0.201639,8.88789,779.113,574.637,-1.26408,0.710136,8.74535,739.318,663.975,-1.01811,0.353668,8.95179,786.358,600.319,-1.53668,-0.883569,8.59962,687.182,383.134,-1.63391,-0.62201,8.50632,666.738,428.359,-1.36968,-0.725205,8.58665,716.463,411.055,-1.63142,-0.663774,8.49533,666.807,420.709,-1.39172,-0.755748,8.57084,712.088,405.376,-1.8279,-0.727439,8.66731,638.015,411.861,-1.19918,-0.934612,8.65976,748.58,375.224,-1.85594,-0.730474,8.68286,633.66,411.557,-1.1677,-0.933481,8.67932,754.592,375.794,-1.79315,-0.737713,8.66369,644.003,409.997,-1.22365,-0.947827,8.64808,743.974,372.668,-1.71801,-0.936998,8.74037,659.9,376.327,-1.13695,-1.17338,8.64347,759.173,332.739,-1.26918,0.714541,8.78374,739.396,664.199,-1.05076,0.374703,8.95237,780.801,603.903,-1.25898,0.705732,8.70696,739.239,663.749,-0.985455,0.332632,8.95122,791.917,596.735,-1.14401,0.565758,8.68966,759,639.402,-1.02113,0.194555,8.83894,783.62,573.606,-1.26408,0.710136,8.74535,739.318,663.975,-1.01811,0.353668,8.95179,786.358,600.319
92,3.06973,2,798.619,488.09,-0.963794,-0.262199,9.22974,800.572,496.628,-0.891384,-0.264376,9.2117,812.261,496.182,-1.0362,-0.260022,9.24778,788.929,497.072,-0.970744,-0.645214,9.13811,797.812,432.201,-0.973723,-0.809363,9.09884,796.613,404.192,-0.793837,0.0802124,8.98646,825.131,553.628,-1.15008,0.147394,9.24213,770.013,564.349,-0.575607,0.37914,9.14892,863.944,603.27,-1.18017,0.505525,9.43018,768.929,621.845,-0.483458,0.517805,9.07192,878.637,627.144,-1.29775,0.592327,9.33354,747.718,636.891,-1.03691,-0.946973,8.97187,783.547,378.852,-0.820235,-0.750797,9.08797,822.203,413.868,-1.11781,-0.817058,9.135,773.178,403.443,-0.819826,-0.792063,9.06562,821.932,406.608,-1.10375,-0.852295,9.13111,775.448,397.493,-0.862533,-0.566576,8.87549,811.628,442.538,-1.19671,-0.946783,8.89284,754.545,377.453,-0.846343,-0.53695,8.86353,814.216,447.51,-1.22389,-0.939095,8.86858,749.303,378.332,-0.888866,-0.586147,8.87699,807.124,439.189,-1.17056,-0.95981,8.90133,759.226,375.374,-1.03145,-0.53356,8.67731,778.518,446.121,-1.16479,-1.15076,8.73109,756.319,338.773,-0.508023,0.538981,9.05035,874.299,630.924,-1.28342,0.598553,9.29801,749.26,638.284,-0.458893,0.496628,9.09348,882.954,623.382,-1.31208,0.5861,9.36908,746.187,635.509,-0.562287,0.390857,9.2009,866.697,604.857,-1.16821,0.542125,9.4752,771.764,627.353,-0.483458,0.517805,9.07192,878.637,627.144,-1.29775,0.592327,9.33354,747.718,636.891
93,3.1031,1,713.895,509.951,-1.34061,-0.124065,8.87416,729.354,518.655,-1.3751,-0.0908679,8.81333,721.788,524.259,-1.30613,-0.157261,8.93499,736.817,513.128,-1.47456,-0.464235,8.72573,701.994,458.772,-1.53196,-0.610023,8.66212,689.981,432.48,-1.3823,0.310731,8.84572,721.418,593.632,-1.43298,0.0762089,9.23794,723.172,552.595,-1.29556,0.673687,8.85072,736.515,656.211,-1.13737,0.276407,9.12551,769.711,586.245,-1.39825,0.823012,8.85138,718.819,681.959,-1.11501,0.428938,9.1977,774.915,611.201,-1.56449,-0.791158,8.70948,685.748,401.312,-1.65595,-0.518669,8.59756,665.937,447.895,-1.39813,-0.636041,8.6856,714.237,428.197,-1.65866,-0.562529,8.58801,665.128,439.995,-1.42107,-0.66771,8.67039,709.766,422.424,-1.86498,-0.561921,8.76205,635.034,442.087,-1.21427,-0.835312,8.73008,747.643,393.917,-1.89544,-0.554807,8.77528,630.225,443.473,-1.17941,-0.832791,8.745,754.091,394.606,-1.83317,-0.579899,8.76361,640.634,438.973,-1.24077,-0.849676,8.72197,742.808,391.267,-1.82141,-0.771109,8.88442,646.998,407.488,-1.15179,-1.07119,8.70052,757.886,352.03,-1.41944,0.824643,8.88434,716.073,681.713,-1.14546,0.451811,9.18889,769.679,615.069,-1.37707,0.82138,8.81841,721.585,682.208,-1.08456,0.406064,9.20651,780.142,607.339,-1.24754,0.696978,8.84887,744.754,660.254,-1.09356,0.267795,9.08817,776.288,584.988,-1.39825,0.823012,8.85138,718.819,681.959,-1.11501,0.428938,9.1977,774.915,611.201
93,3.1031,2,799.375,501.338,-0.977178,-0.184882,9.40081,801.3,509.974,-0.903773,-0.190047,9.38533,812.979,509.084,-1.05058,-0.179718,9.41628,789.659,510.86,-0.990718,-0.572217,9.3378,798.015,446.441,-0.996521,-0.738218,9.3108,796.594,418.95,-0.798352,0.142374,9.1353,826.574,563.795,-1.15725,0.233944,9.37582,771.554,578.095,-0.566695,0.427402,9.30688,867.036,610.114,-1.20301,0.598446,9.54938,767.662,635.68,-0.464491,0.561083,9.2335,883.197,632.775,-1.29758,0.716059,9.45539,750.481,655.621,-1.05692,-0.878358,9.18916,784.396,394.063,-0.841114,-0.683547,9.29054,821.776,427.67,-1.13997,-0.743349,9.34254,773.707,418.522,-0.841725,-0.725499,9.27053,821.377,420.518,-1.12809,-0.7791,9.34042,775.607,412.651,-0.902543,-0.507767,9.07423,808.146,454.567,-1.19635,-0.870791,9.09259,759.119,393.784,-0.882594,-0.481793,9.0585,811.244,458.797,-1.22486,-0.864656,9.0688,753.792,394.433,-0.930479,-0.521205,9.0806,803.555,452.368,-1.16895,-0.880739,9.10004,763.88,392.235,-1.08243,-0.43594,8.89691,774.25,465.19,-1.14424,-1.05509,8.91349,764.008,359.278,-0.487349,0.583895,9.21169,879.226,636.775,-1.2789,0.724572,9.42242,752.775,657.405,-0.441633,0.53827,9.25532,887.148,628.793,-1.31626,0.707546,9.48837,748.203,653.85,-0.552837,0.437275,9.35911,869.816,611.333,-1.19308,0.628586,9.59845,770.225,639.985,-0.464491,0.561083,9.2335,883.197,632.775,-1.29758,0.716059,9.45539,750.481,655.621
94,3.13647,1,712.172,526.657,-1.34482,-0.0218007,8.93552,730.219,536.275,-1.38544,0.0128627,8.87997,721.798,542.212,-1.30421,-0.0564641,8.99106,738.535,530.412,-1.49317,-0.357949,8.78869,700.61,477.818,-1.55674,-0.502013,8.72577,687.616,452.162,-1.41043,0.408983,8.94219,719.188,609.828,-1.47064,0.124361,9.30888,718.799,560.396,-1.35785,0.778166,8.9794,729.126,672.311,-1.22461,0.379666,9.18583,756.46,603.103,-1.47858,0.911232,8.99692,709.09,694.634,-1.21197,0.5332,9.26046,760.186,627.908,-1.57,-0.685713,8.7714,686.726,420.644,-1.6886,-0.398465,8.68084,663.015,469.92,-1.42027,-0.530959,8.73292,711.698,447.174,-1.69593,-0.443418,8.6719,661.418,461.933,-1.44516,-0.563901,8.72286,707.055,441.301,-1.87783,-0.385623,8.87706,637.034,473.677,-1.20422,-0.700279,8.76148,750.155,417.971,-1.90433,-0.370647,8.89313,633.068,476.368,-1.16751,-0.698856,8.76698,756.679,418.295,-1.85069,-0.41019,8.87664,641.687,469.449,-1.23421,-0.714811,8.76155,744.931,415.44,-1.86704,-0.589886,9.01662,643.86,440.117,-1.18719,-0.945562,8.7437,752.702,374.894,-1.49794,0.908301,9.03087,706.759,693.557,-1.24546,0.552719,9.25564,754.556,631.173,-1.45921,0.914162,8.96297,711.438,695.719,-1.17847,0.513681,9.26528,765.809,624.645,-1.31259,0.807796,8.979,736.812,677.354,-1.18446,0.378022,9.1442,762.238,603.116,-1.47858,0.911232,8.99692,709.09,694.634,-1.21197,0.5332,9.26046,760.186,627.908
94,3.13647,2,799.659,516.064,-0.982934,-0.0910304,9.52304,802.414,525.406,-0.909633,-0.0990414,9.50686,813.918,524.094,-1.05624,-0.0830194,9.53922,790.949,526.713,-1.00734,-0.48438,9.47139,797.621,461.92,-1.01779,-0.652959,9.44926,795.551,434.499,-0.803379,0.215783,9.23228,827.144,575.684,-1.16097,0.326935,9.45698,772.571,592.781,-0.563909,0.474589,9.43089,868.71,616.831,-1.21228,0.702825,9.59873,767.178,651.79,-0.458371,0.609139,9.36691,885.288,639.286,-1.29201,0.837424,9.51061,752.591,674.433,-1.07303,-0.79559,9.33001,784.411,409.811,-0.863521,-0.599316,9.42102,820.059,442.876,-1.15948,-0.656887,9.48221,773.31,434.233,-0.864825,-0.640656,9.4004,819.541,435.949,-1.14891,-0.693128,9.47978,774.963,428.369,-0.936091,-0.408052,9.22352,805.05,472.456,-1.18937,-0.758492,9.21795,763.007,414.372,-0.916837,-0.38202,9.2076,807.975,476.655,-1.2178,-0.75668,9.19377,757.767,414.343,-0.963706,-0.420891,9.23173,800.621,470.393,-1.16012,-0.762438,9.22577,768.013,413.826,-1.12746,-0.320718,9.07217,770.26,486.027,-1.08324,-0.899635,9.02941,776.838,387.884,-0.480676,0.633936,9.34683,881.484,643.55,-1.27168,0.846275,9.47877,755.169,676.31,-0.436065,0.584341,9.38699,889.076,635.041,-1.31235,0.828572,9.54245,750.03,672.568,-0.54947,0.479516,9.48383,871.544,617.195,-1.20279,0.729616,9.64834,769.67,655.454,-0.458371,0.609139,9.36691,885.288,639.286,-1.29201,0.837424,9.51061,752.591,674.433
95,3.16983,2,800.564,531.895,-0.982986,0.0119531,9.57657,803.287,541.906,-0.909542,0.00433946,9.55049,814.599,540.694,-1.05643,0.0195668,9.60265,792.035,543.111,-1.00566,-0.383423,9.51461,798.627,478.474,-1.01538,-0.55287,9.48805,796.612,451.036,-0.804305,0.296776,9.2508,827.257,588.98,-1.16681,0.423405,9.49711,772.424,608.067,-0.56679,0.529224,9.47407,868.661,625.285,-1.17781,0.789203,9.66383,773.923,664.683,-0.454679,0.658251,9.40915,886.223,646.81,-1.27664,0.866654,9.54262,755.747,678.659,-1.07142,-0.688768,9.35349,785.114,427.574,-0.874499,-0.491379,9.42097,818.28,460.368,-1.13568,-0.563099,9.56845,778.79,450.151,-0.88044,-0.5324,9.40076,817.01,453.534,-1.12642,-0.599697,9.56108,780.128,444.238,-0.963065,-0.301019,9.2292,800.684,490.204,-1.22625,-0.665197,9.32405,759.209,431.078,-0.943386,-0.277067,9.20819,803.583,494.061,-1.2532,-0.672887,9.30139,754.297,429.551,-0.990691,-0.310667,9.24352,796.367,488.687,-1.19296,-0.659077,9.3316,764.819,432.168,-1.17041,-0.196008,9.10969,763.844,507.15,-1.04128,-0.757281,9.16763,786.587,413.884,-0.475904,0.683504,9.38809,882.605,651.156,-1.25713,0.868997,9.50891,758.155,679.526,-0.433453,0.632998,9.43022,889.824,642.482,-1.29614,0.86431,9.57632,753.356,677.797,-0.553694,0.533041,9.52766,871.274,625.417,-1.16998,0.829633,9.70715,775.984,670.486,-0.454679,0.658251,9.40915,886.223,646.81,-1.27664,0.866654,9.54262,755.747,678.659
95,3.16983,1,710.902,544.702,-1.33879,0.0863996,8.93225,731.165,554.768,-1.38308,0.120523,8.87693,722.122,560.729,-1.29451,0.0522759,8.98756,740.096,548.88,-1.50572,-0.246488,8.80322,698.861,497.251,-1.57726,-0.389154,8.74793,684.725,472.082,-1.44329,0.504372,8.98707,714.808,625.684,-1.47993,0.210048,9.30978,717.299,574.447,-1.29788,0.856682,9.01234,740.131,685.128,-1.30938,0.537021,9.21958,743.168,628.93,-1.45374,0.925667,9.02018,713.94,696.678,-1.34282,0.674195,9.31932,740.01,650.451,-1.59323,-0.559439,8.82552,684.382,443.221,-1.70379,-0.266704,8.69813,660.94,493.186,-1.43354,-0.428682,8.75983,710.147,465.285,-1.71579,-0.312093,8.69263,658.642,485.185,-1.46038,-0.462309,8.75385,705.296,459.369,-1.85576,-0.209073,8.92201,642.438,504.223,-1.19536,-0.549158,8.83331,753.394,445.083,-1.87633,-0.19061,8.94193,639.633,507.455,-1.16172,-0.550613,8.84169,759.397,444.922,-1.83241,-0.237746,8.91771,646.283,499.297,-1.22798,-0.562325,8.83205,747.725,442.794,-1.84138,-0.414792,9.06151,649.749,470.113,-1.23813,-0.793103,8.83932,746.146,403.013,-1.47114,0.917349,9.05427,711.933,694.686,-1.38047,0.684024,9.3161,733.764,652.1,-1.43634,0.933985,8.98609,715.962,698.686,-1.30518,0.664366,9.32255,746.251,648.803,-1.2568,0.898426,9.01082,747.053,692.225,-1.27079,0.554532,9.18004,748.652,632.226,-1.45374,0.925667,9.02018,713.94,696.678,-1.34282,0.674195,9.31932,740.01,650.451
96,3.2032,2,800.683,544.958,-0.979604,0.0935238,9.66593,805.27,554.772,-0.90499,0.0883002,9.63706,816.627,553.989,-1.05422,0.0987474,9.6948,793.98,555.551,-1.00952,-0.300862,9.6008,799.462,492.156,-1.02234,-0.469885,9.57288,796.949,465.059,-0.831404,0.381833,9.33907,824.082,602.422,-1.1712,0.489734,9.57726,773.294,618.071,-0.594562,0.579025,9.58459,865.291,632.234,-1.15043,0.837033,9.76806,780.187,670.829,-0.476195,0.715269,9.55276,883.893,654.317,-1.26968,0.894288,9.66046,759.337,681.335,-1.07382,-0.641186,9.47153,786.907,436.645,-0.875677,-0.40717,9.49556,819.203,474.533,-1.15651,-0.47258,9.64392,776.91,465.185,-0.884375,-0.448057,9.47771,817.537,467.823,-1.14562,-0.508098,9.63767,778.516,459.51,-0.976077,-0.194314,9.33244,800.317,508.211,-1.22227,-0.549253,9.38741,761.211,450.67,-0.957525,-0.167743,9.31434,803.048,512.505,-1.23134,-0.55689,9.36014,759.154,449.164,-1.0025,-0.206215,9.34589,796.231,506.313,-1.19656,-0.539359,9.40869,765.834,452.478,-1.18017,-0.0816509,9.2344,764.878,526.5,-0.971699,-0.573238,9.38904,801.992,446.786,-0.495401,0.743993,9.53464,880.673,659.133,-1.25522,0.896304,9.62443,760.881,682.184,-0.45699,0.686545,9.57087,887.101,649.518,-1.28415,0.892272,9.69649,757.805,680.492,-0.585531,0.574184,9.63733,867.24,630.963,-1.13912,0.878922,9.8095,782.707,676.796,-0.476195,0.715269,9.55276,883.893,654.317,-1.26968,0.894288,9.66046,759.337,681.335
96,3.2032,1,709.44,560.248,-1.35574,0.175962,9.04059,731.046,569.716,-1.40238,0.209038,8.98372,721.671,575.525,-1.30911,0.142887,9.09747,740.303,563.98,-1.53644,-0.15082,8.92314,697.114,514.195,-1.61389,-0.290869,8.8728,682.297,489.95,-1.46981,0.576958,9.11551,713.822,636.634,-1.51953,0.310361,9.38894,712.906,590.468,-1.27904,0.895515,9.13143,746.148,689.728,-1.48948,0.675619,9.35844,717.004,650.222,-1.43684,0.950413,9.13743,719.921,698.802,-1.57725,0.77537,9.4722,705.774,664.976,-1.64187,-0.458693,8.96016,680.236,461.842,-1.73594,-0.147109,8.82832,659.789,514.559,-1.46598,-0.347367,8.88688,708.146,480.323,-1.75239,-0.191871,8.82493,656.829,506.805,-1.49437,-0.37939,8.88553,703.231,474.811,-1.83209,-0.0513563,9.07104,651.64,531.356,-1.21337,-0.40475,8.97963,753.698,471.183,-1.84422,-0.0294343,9.09414,650.386,535.058,-1.18339,-0.408177,8.98846,758.993,470.668,-1.81468,-0.0840762,9.06279,654.291,525.836,-1.24792,-0.413765,8.98208,747.882,469.669,-1.81514,-0.255426,9.2063,658.982,497.641,-1.32456,-0.611746,9.04846,736.506,436.78,-1.45366,0.941934,9.17187,718.023,696.795,-1.6158,0.773374,9.46584,699.386,664.738,-1.42003,0.958892,9.103,721.833,700.825,-1.53871,0.777366,9.47856,712.154,665.214,-1.23771,0.93693,9.12898,753.002,696.695,-1.45947,0.711661,9.32654,721.084,656.499,-1.43684,0.950413,9.13743,719.921,698.802,-1.57725,0.77537,9.4722,705.774,664.976
97,3.23657,2,801.197,553.282,-0.943246,0.137157,9.55196,809.235,561.923,-0.870989,0.136637,9.51608,820.259,561.922,-1.0155,0.137678,9.58783,798.293,561.924,-0.979158,-0.245266,9.44919,801.793,500.371,-0.994548,-0.409162,9.40515,798.553,473.58,-0.847919,0.461628,9.2444,819.962,616.24,-1.16244,0.50185,9.42737,771.743,621.274,-0.626435,0.625579,9.53202,859.663,640.2,-1.09863,0.842596,9.62853,785.795,673.607,-0.52579,0.776248,9.51504,875.633,664.554,-1.21419,0.906598,9.52087,765.294,685.381,-1.0411,-0.576336,9.2905,788.911,445.288,-0.850404,-0.338866,9.33142,820.862,484.557,-1.14026,-0.410545,9.46473,776.064,473.775,-0.858734,-0.375872,9.30641,819.121,478.337,-1.13377,-0.447822,9.45213,776.869,467.666,-0.956372,-0.0975381,9.22141,801.657,523.851,-1.14906,-0.371804,9.18301,768.959,478.184,-0.940075,-0.0644213,9.21649,804.272,529.328,-1.17497,-0.361562,9.15718,764.1,479.718,-0.982645,-0.116135,9.22442,797.36,520.778,-1.11857,-0.376011,9.19405,774.251,477.56,-1.16615,0.0202018,9.11193,764.605,543.385,-0.980987,-0.395635,8.98256,793.263,472.754,-0.549386,0.805554,9.50452,871.75,669.4,-1.19963,0.907862,9.48478,766.897,686.138,-0.502194,0.746942,9.52557,879.509,659.719,-1.22875,0.905333,9.55696,763.704,684.63,-0.61442,0.61242,9.58443,862.126,637.556,-1.08319,0.883468,9.6701,788.981,679.485,-0.52579,0.776248,9.51504,875.633,664.554,-1.21419,0.906598,9.52087,765.294,685.381
97,3.23657,1,707.103,572.753,-1.35499,0.236854,8.9984,730.099,580.187,-1.40179,0.268271,8.94207,720.661,585.804,-1.30819,0.205437,9.05473,739.42,574.64,-1.54264,-0.0718393,8.87612,694.655,527.643,-1.62306,-0.204136,8.82371,679.164,504.679,-1.49708,0.629413,9.07486,708.132,645.892,-1.53138,0.397759,9.31995,709.135,605.159,-1.23425,0.893961,9.01268,750.917,691.438,-1.53249,0.770766,9.30415,708.528,666.478,-1.38135,0.96627,9.02722,726.375,703.423,-1.65073,0.856552,9.40279,691.967,679.08,-1.68248,-0.373591,8.90159,671.43,475.924,-1.73007,-0.0336654,8.79594,659.703,534.157,-1.4745,-0.284734,8.84791,705.568,490.868,-1.75377,-0.0741218,8.79288,655.484,527.13,-1.50269,-0.313987,8.84886,700.731,485.826,-1.74009,0.0966908,9.04026,666.128,556.33,-1.24426,-0.248146,8.98796,748.642,497.848,-1.73928,0.125772,9.06077,666.928,561.193,-1.21827,-0.24328,9.00285,753.399,498.743,-1.73465,0.0594614,9.03513,666.88,550.048,-1.27825,-0.259335,8.98768,742.862,495.946,-1.74232,-0.0717199,9.21669,671.383,528.12,-1.37598,-0.408651,9.11624,729.556,471.561,-1.39444,0.963956,9.06424,725.125,702.366,-1.68721,0.851331,9.3894,685.654,678.43,-1.36827,0.968585,8.9902,727.635,704.489,-1.61425,0.861772,9.41618,698.263,679.729,-1.1869,0.927518,8.99892,758.631,697.362,-1.50209,0.812001,9.27885,712.843,673.608,-1.38135,0.96627,9.02722,726.375,703.423,-1.65073,0.856552,9.40279,691.967,679.08
98,3.26993,1,704.628,581.98,-1.37258,0.279787,9.0328,728.002,587.29,-1.41331,0.310521,8.97277,719.519,592.836,-1.33185,0.249052,9.09283,736.373,581.818,-1.55874,-0.0152536,8.8903,692.314,537.38,-1.63852,-0.141699,8.82922,676.666,515.497,-1.52989,0.676886,9.09271,703.117,653.656,-1.55788,0.479107,9.33403,705.18,618.367,-1.21761,0.883618,9.0074,753.615,689.773,-1.58845,0.85013,9.4032,702.09,678.032,-1.34555,0.983101,9.02009,732.251,706.401,-1.73363,0.924203,9.47865,680.759,688.864,-1.73477,-0.305148,8.87992,661.735,487.535,-1.71482,0.0450486,8.80131,662.532,547.815,-1.50627,-0.247844,8.88082,701.049,497.392,-1.74491,0.0115546,8.7971,657.168,542.005,-1.53462,-0.271576,8.88344,696.252,493.326,-1.68086,0.194543,9.03239,675.883,572.884,-1.3007,-0.132259,9.01607,739.743,517.604,-1.67199,0.224611,9.04951,677.916,577.894,-1.27705,-0.117929,9.02912,744.061,520.059,-1.68496,0.156914,9.03158,675.163,566.526,-1.33575,-0.139513,9.01483,733.778,516.372,-1.7153,0.0520627,9.23144,676.312,548.61,-1.48591,-0.139477,9.17919,712.853,516.801,-1.35806,0.984552,9.05734,731.078,705.961,-1.76495,0.922428,9.45515,675.008,688.948,-1.33303,0.98165,8.98284,733.433,706.845,-1.70231,0.925978,9.50215,686.481,688.781,-1.16358,0.905308,8.99134,762.421,693.724,-1.5557,0.89515,9.39564,707.205,685.458,-1.34555,0.983101,9.02009,732.251,706.401,-1.73363,0.924203,9.47865,680.759,688.864
98,3.26993,2,803.951,559.654,-0.899742,0.172897,9.43586,814.419,567.975,-0.827869,0.173167,9.39491,825.464,568.141,-0.971614,0.172627,9.47682,803.469,567.811,-0.944164,-0.21012,9.34199,805.696,505.66,-0.963203,-0.37427,9.30176,801.904,478.569,-0.84894,0.527031,9.16366,818.558,627.808,-1.13236,0.504537,9.26912,773.485,623.104,-0.648277,0.661939,9.4744,855.533,646.668,-1.0502,0.842717,9.45825,790.477,676.032,-0.570965,0.822896,9.4662,867.912,672.721,-1.16161,0.90546,9.34913,770.304,687.866,-1.00722,-0.542647,9.18593,792.594,449.809,-0.825026,-0.304765,9.2066,823.184,489.46,-1.10954,-0.359074,9.38732,779.544,481.6,-0.838012,-0.339258,9.18406,820.689,483.602,-1.11069,-0.396572,9.36825,778.99,475.37,-0.925908,-0.0453035,9.14941,805.494,532.44,-1.16398,-0.203723,9.16563,766.111,506.065,-0.905831,-0.0135183,9.14866,808.832,537.744,-1.18023,-0.182864,9.14468,762.954,509.47,-0.953023,-0.0611091,9.15193,801.014,529.806,-1.13456,-0.218049,9.17845,771.275,503.729,-1.11898,0.114506,9.08401,771.932,559.245,-0.938609,-0.225233,9.04477,801.563,501.981,-0.598864,0.849849,9.46144,863.364,677.137,-1.14673,0.905729,9.31314,772.01,688.481,-0.543067,0.795943,9.47096,872.456,668.309,-1.17649,0.905191,9.38513,768.611,687.255,-0.632066,0.644204,9.5253,858.69,643.256,-1.03338,0.883952,9.49933,793.913,682.071,-0.570965,0.822896,9.4662,867.912,672.721,-1.16161,0.90546,9.34913,770.304,687.866
99,3.3033,1,701.479,589.86,-1.3943,0.326185,9.0525,724.844,595.013,-1.42993,0.360456,8.9894,717.142,601.22,-1.35867,0.291913,9.1156,732.44,588.892,-1.57515,0.0378608,8.88866,689.445,546.503,-1.65266,-0.0857066,8.81844,673.872,525.161,-1.57752,0.714715,9.10497,695.475,659.846,-1.5727,0.524888,9.36167,703.516,625.602,-1.23276,0.869762,9.04822,751.99,686.759,-1.57364,0.893252,9.44772,705.7,684.35,-1.32475,1.00448,9.05916,736.737,709.287,-1.7255,0.940634,9.52577,683.444,690.761,-1.80346,-0.203144,8.87108,649.615,505.038,-1.70238,0.109661,8.78762,664.231,559.052,-1.53606,-0.206322,8.88575,696.074,504.55,-1.73524,0.0833421,8.78136,658.306,554.49,-1.56569,-0.226861,8.88696,691.019,501.026,-1.61641,0.26748,8.99465,685.63,585.402,-1.33919,-0.0748917,9.02028,733.331,527.324,-1.59885,0.296957,9.00616,688.957,590.341,-1.30711,-0.0628688,9.02778,738.946,529.368,-1.62824,0.231938,8.99969,683.778,579.347,-1.37533,-0.0725615,9.02003,727.209,527.718,-1.6489,0.162942,9.21818,686.902,566.987,-1.47852,0.0521748,9.18009,714.105,548.677,-1.33878,1.00801,9.09574,735.281,709.198,-1.7557,0.940016,9.50078,677.863,691.058,-1.31073,1.00096,9.02258,738.206,709.377,-1.69529,0.941253,9.55076,688.996,690.466,-1.17413,0.875906,9.03595,761.615,687.997,-1.54238,0.941314,9.4476,710.748,692.119,-1.32475,1.00448,9.05916,736.737,709.287,-1.7255,0.940634,9.52577,683.444,690.761
99,3.3033,2,808.017,563.812,-0.865663,0.197461,9.36232,818.833,572.201,-0.792363,0.197441,9.32122,830.216,572.34,-0.938962,0.197481,9.40341,807.548,572.063,-0.907435,-0.185341,9.29621,810.968,509.561,-0.925338,-0.3494,9.26788,807.563,482.441,-0.829026,0.555285,9.10029,820.915,633.16,-1.10202,0.498398,9.15629,776.245,623.105,-0.6808,0.696986,9.4402,849.895,652.723,-1.00056,0.83771,9.33998,796.444,676.936,-0.616846,0.8616,9.42453,860.072,679.577,-1.10757,0.909648,9.2318,776.83,690.437,-0.965148,-0.524639,9.15958,799.126,452.551,-0.788235,-0.284159,9.15481,828.545,492.611,-1.07603,-0.3093,9.36783,784.63,489.591,-0.804108,-0.319058,9.13755,825.645,486.69,-1.08529,-0.344867,9.34799,782.747,483.675,-0.881351,-0.0198224,9.0935,812.026,536.672,-1.13447,-0.074737,9.2278,772.3,527.635,-0.857218,0.00921321,9.08725,815.978,541.548,-1.15106,-0.0440297,9.2219,769.433,532.711,-0.908918,-0.0314084,9.10137,807.529,534.731,-1.10668,-0.0965099,9.22502,776.842,524.027,-1.05493,0.170325,9.04529,781.938,568.749,-0.95751,-0.0590045,9.03929,798.275,530.034,-0.64626,0.886285,9.41702,855.224,683.691,-1.09276,0.909665,9.19572,778.57,691.03,-0.587432,0.836915,9.43204,864.913,675.471,-1.12238,0.90963,9.26787,775.103,689.849,-0.66798,0.682757,9.49433,852.584,649.792,-0.98051,0.877535,9.38163,800.433,682.809,-0.616846,0.8616,9.42453,860.072,679.577,-1.10757,0.909648,9.2318,776.83,690.437
100,3.33667,1,697.514,594.324,-1.40364,0.351415,9.07112,723.754,599.146,-1.4323,0.387206,9.00493,717.158,605.65,-1.37499,0.315623,9.13731,730.253,592.737,-1.59812,0.0790333,8.91354,686.266,553.537,-1.68147,-0.0377016,8.84601,669.791,533.493,-1.63024,0.727986,9.11034,686.796,661.999,-1.61232,0.531099,9.38963,697.836,626.357,-1.26692,0.854366,9.05202,746.316,684.101,-1.54642,0.90311,9.47667,710.862,685.497,-1.30392,1.01836,9.04786,739.974,711.84,-1.69632,0.946342,9.55473,688.944,691.216,-1.85143,-0.112278,8.9083,642.692,520.757,-1.70235,0.153286,8.79918,664.625,566.597,-1.58864,-0.160237,8.93082,688.416,512.607,-1.73957,0.134364,8.79263,657.941,563.331,-1.62128,-0.179435,8.93282,682.899,509.332,-1.59856,0.309463,9.00032,688.831,592.495,-1.38848,-0.0572346,9.08468,726.655,530.381,-1.57569,0.339679,9.00201,692.761,597.61,-1.35222,-0.0565974,9.09312,732.96,530.497,-1.61284,0.279975,9.01405,686.825,587.421,-1.42102,-0.0431814,9.08227,721.123,532.741,-1.60081,0.298953,9.25329,695.873,589.326,-1.45422,0.130146,9.23884,719.684,561.507,-1.31545,1.02977,9.08368,738.904,713.081,-1.72587,0.948493,9.52906,683.48,691.968,-1.2924,1.00694,9.01204,741.052,710.589,-1.66677,0.94419,9.58039,694.379,690.468,-1.20945,0.843204,9.03966,755.73,682.413,-1.51081,0.950079,9.48037,716.694,693.004,-1.30392,1.01836,9.04786,739.974,711.84,-1.69632,0.946342,9.55473,688.944,691.216
100,3.33667,2,813.331,566.134,-0.864623,0.212129,9.61749,822.743,573.675,-0.790378,0.211481,9.57658,833.993,573.715,-0.938868,0.212777,9.6584,811.588,573.635,-0.901942,-0.17848,9.58764,816.373,511.579,-0.917936,-0.345883,9.57484,813.631,484.847,-0.820527,0.601951,9.40321,826.775,637.736,-1.10975,0.510217,9.40197,779.791,622.852,-0.720159,0.753301,9.76499,847.403,657.778,-0.996788,0.869007,9.55506,800.728,678.854,-0.662836,0.917989,9.7358,856.055,683.958,-1.10389,0.945942,9.44721,781.602,692.873,-0.947474,-0.532368,9.47032,807.253,454.175,-0.777149,-0.295008,9.45957,834.57,492.386,-1.0577,-0.276068,9.68534,793.269,496.482,-0.793439,-0.330907,9.44506,831.744,486.51,-1.07459,-0.311623,9.67108,790.357,490.805,-0.835246,-0.0370322,9.36488,823.83,533.963,-1.12383,-0.0125057,9.63453,781.911,538.018,-0.807394,-0.0128623,9.35285,828.201,537.9,-1.13938,0.0189284,9.64886,779.714,542.995,-0.864152,-0.043306,9.37625,819.288,532.948,-1.10264,-0.03012,9.61302,784.877,535.216,-0.987054,0.166445,9.30065,797.97,567.323,-1.05788,0.101509,9.41126,788.384,556.467,-0.692832,0.940779,9.7249,851.229,687.697,-1.09035,0.944741,9.41056,783.104,693.273,-0.632841,0.8952,9.74669,860.87,680.227,-1.11742,0.947143,9.48385,780.112,692.475,-0.71116,0.743652,9.82206,849.456,655.594,-0.972785,0.909728,9.59425,805.199,684.767,-0.662836,0.917989,9.7358,856.055,683.958,-1.10389,0.945942,9.44721,781.602,692.873
101,3.37003,1,693.359,598.131,-1.41469,0.3768,9.07635,722.032,603.382,-1.43983,0.41203,9.00722,715.944,609.84,-1.38954,0.341569,9.14548,728.029,597.022,-1.62371,0.111516,8.92363,682.197,559.079,-1.7133,-0.00217736,8.85818,664.704,539.625,-1.69619,0.721572,9.11312,675.832,660.887,-1.62983,0.565263,9.40037,695.292,631.807,-1.33108,0.856446,9.0902,736.438,683.845,-1.51152,0.925662,9.49362,716.92,688.864,-1.32235,1.02936,9.08461,737.767,712.993,-1.65578,0.965585,9.57792,696.063,693.918,-1.90365,-0.00476515,8.90141,633.489,539.183,-1.70356,0.175508,8.78493,663.934,570.502,-1.63596,-0.12478,8.95635,681.125,518.729,-1.74193,0.160198,8.77722,657.001,567.866,-1.67119,-0.140559,8.95716,675.144,516.042,-1.57762,0.361775,8.93261,690.355,601.834,-1.435,-0.0252284,9.1116,719.55,535.773,-1.55618,0.385213,8.94182,694.294,605.772,-1.39929,-0.0251794,9.1202,725.753,535.785,-1.59865,0.331505,8.94227,687.056,596.599,-1.46689,-0.0109338,9.10932,714.144,538.167,-1.66872,0.285589,9.1554,681.725,587.625,-1.49773,0.158826,9.26801,713.274,566.164,-1.33274,1.04398,9.11955,736.878,714.778,-1.68565,0.970569,9.55312,690.604,695.114,-1.31196,1.01474,9.04968,738.662,711.195,-1.62591,0.960601,9.60272,701.493,692.728,-1.27723,0.836163,9.08188,745.284,680.567,-1.47198,0.969974,9.50013,723.44,695.883,-1.32235,1.02936,9.08461,737.767,712.993,-1.65578,0.965585,9.57792,696.063,693.918
101,3.37003,2,819.504,567.717,-0.848095,0.213444,9.71473,826.714,573.545,-0.773953,0.213398,9.67532,837.871,573.674,-0.922237,0.21349,9.75413,815.648,573.416,-0.875112,-0.17084,9.69128,822.136,513.086,-0.88669,-0.335533,9.68123,820.167,487.086,-0.790741,0.633472,9.57091,833.861,641.052,-1.08925,0.518128,9.49538,784.86,623.309,-0.735386,0.811626,9.93929,847.039,664.672,-0.971655,0.893534,9.62207,805.825,681.779,-0.646844,0.948563,9.87825,860.026,686.607,-1.08503,0.96761,9.51777,785.949,695.215,-0.903805,-0.531957,9.58023,815.965,455.225,-0.741698,-0.280124,9.56187,841.572,495.272,-1.00759,-0.259759,9.81141,803.21,499.579,-0.758511,-0.315823,9.54902,838.725,489.504,-1.02646,-0.295417,9.79956,800.079,493.975,-0.770247,-0.00905716,9.48405,836.005,538.542,-1.05598,0.0122942,9.86622,796.592,541.902,-0.744386,0.0172828,9.47296,840.028,542.785,-1.05254,0.0382615,9.8951,797.599,545.904,-0.800917,-0.0178925,9.49667,831.239,537.123,-1.05844,0.00260699,9.8329,795.656,540.405,-0.95464,0.183455,9.4522,805.803,569.632,-1.1522,0.201345,9.70479,778.737,571.676,-0.670936,0.972206,9.85829,856.092,690.566,-1.07407,0.964623,9.48037,787.028,695.346,-0.622752,0.924919,9.89822,863.943,682.664,-1.09599,0.970596,9.55517,784.879,695.085,-0.735517,0.814151,9.99946,847.699,664.307,-0.943993,0.936158,9.65744,810.763,687.998,-0.646844,0.948563,9.87825,860.026,686.607,-1.08503,0.96761,9.51777,785.949,695.215
102,3.4034,2,825.591,569.63,-0.8202,0.228778,9.74236,831.464,575.852,-0.744724,0.228366,9.70652,842.861,575.92,-0.895676,0.22919,9.77821,820.151,575.785,-0.839242,-0.160266,9.72125,828.194,514.83,-0.847402,-0.326999,9.71221,826.789,488.596,-0.751518,0.647048,9.59435,840.41,642.965,-1.05761,0.52146,9.50202,790.066,623.786,-0.71069,0.851997,9.95607,851.016,670.653,-0.943077,0.904803,9.61888,810.31,683.615,-0.616061,0.962211,9.86558,864.661,688.908,-1.05902,0.982369,9.51782,790.123,697.582,-0.85959,-0.525718,9.61336,823.483,456.508,-0.69389,-0.269598,9.61072,849.769,497.172,-0.964804,-0.243927,9.8392,810.291,502.15,-0.707828,-0.305017,9.59418,847.361,491.462,-0.985838,-0.279693,9.82981,806.881,496.558,-0.695601,0.0111794,9.53984,848.676,541.789,-1.00311,0.0406709,9.8843,805.057,546.282,-0.670941,0.0396829,9.53525,852.571,546.354,-0.984692,0.0691221,9.90482,808.217,550.655,-0.728919,-0.000730515,9.54544,843.412,539.883,-1.02379,0.0289586,9.85994,801.472,544.484,-0.899986,0.184223,9.47798,815.026,569.675,-1.1846,0.233867,9.81568,775.745,576.376,-0.639011,0.982606,9.84115,860.864,692.441,-1.04945,0.978792,9.48007,790.987,697.633,-0.593111,0.941816,9.89,868.439,685.391,-1.06858,0.985946,9.55556,789.266,697.531,-0.711008,0.865418,10.0159,851.619,671.919,-0.913563,0.947239,9.65294,815.507,689.82,-0.616061,0.962211,9.86558,864.661,688.908,-1.05902,0.982369,9.51782,790.123,697.582
102,3.4034,1,689.851,599.502,-1.40269,0.379555,8.97896,721.492,604.538,-1.42233,0.41255,8.9053,716.151,610.729,-1.38304,0.346561,9.05262,726.745,598.449,-1.63255,0.131706,8.83736,677.959,562.754,-1.73106,0.0254848,8.77668,658.872,544.433,-1.71707,0.688476,8.97737,667.984,657.087,-1.61876,0.576701,9.2969,694.164,634.707,-1.36023,0.844563,8.97026,728.486,683.746,-1.45858,0.922635,9.37477,722.459,690.258,-1.4134,1.00454,8.96237,719.225,711.125,-1.60346,0.971399,9.44937,700.927,696.951,-1.9171,0.0574462,8.80741,627.673,549.958,-1.697,0.179884,8.67831,661.451,571.646,-1.67323,-0.0908741,8.88903,672.611,524.392,-1.73656,0.168254,8.66995,654.197,569.629,-1.71088,-0.103432,8.88809,666.114,522.233,-1.55505,0.376008,8.78399,689.715,605.354,-1.48745,-0.00766182,9.05901,709.314,538.709,-1.53092,0.399496,8.78474,693.931,609.431,-1.45506,-0.00805914,9.07249,715.137,538.644,-1.57657,0.351672,8.80214,686.54,600.998,-1.51807,0.00740135,9.05162,703.945,541.248,-1.6205,0.376859,9.02226,685.777,603.772,-1.57874,0.177984,9.18972,697.712,569.57,-1.4302,1.01439,8.99642,717.286,712.149,-1.63173,0.97649,9.42285,695.617,698.217,-1.3966,0.994684,8.92832,721.179,710.092,-1.57518,0.966308,9.47589,706.207,695.691,-1.3011,0.84021,8.96518,738.425,683.086,-1.41596,0.964216,9.38138,729.562,696.919,-1.4134,1.00454,8.96237,719.225,711.125,-1.60346,0.971399,9.44937,700.927,696.951
103,3.43677,2,831.59,570.038,-0.802799,0.237404,9.91743,836.412,576.547,-0.722685,0.237524,9.88789,848.413,576.675,-0.882914,0.237283,9.94696,824.482,576.42,-0.816454,-0.157219,9.89056,833.968,515.731,-0.822305,-0.326343,9.87905,832.917,489.565,-0.721255,0.651263,9.74471,846.997,642.037,-1.02875,0.534797,9.66079,797.42,624.517,-0.670195,0.885161,10.0903,858.594,673.932,-0.927704,0.928741,9.76187,814.907,685.255,-0.582125,0.985164,9.98274,870.97,690.67,-1.03827,1.00999,9.65533,795.822,699.706,-0.832225,-0.525161,9.77816,830.057,458.002,-0.651833,-0.266586,9.79347,858.382,498.441,-0.957153,-0.247961,9.99841,813.843,502.136,-0.666113,-0.302175,9.77735,855.985,492.815,-0.974263,-0.282432,9.98486,811.029,496.814,-0.631408,0.012354,9.72467,860.87,541.94,-0.974999,0.0278298,10.0751,812.251,544.217,-0.606753,0.0412573,9.72218,864.717,546.479,-0.961628,0.0563294,10.0969,814.593,548.518,-0.666132,-0.000416756,9.72768,855.451,539.935,-0.991862,0.0143968,10.0458,809.258,542.188,-0.839334,0.172968,9.64965,827.202,567.367,-1.15383,0.187258,9.9474,782.908,568.741,-0.606685,1.00207,9.95711,866.975,693.65,-1.02715,1.0065,9.61791,796.949,699.773,-0.557566,0.968259,10.0084,874.945,687.706,-1.04939,1.01348,9.69274,794.705,699.639,-0.667211,0.90509,10.1486,859.625,676.161,-0.899364,0.971482,9.79662,819.839,691.401,-0.582125,0.985164,9.98274,870.97,690.67,-1.03827,1.00999,9.65533,795.822,699.706
103,3.43677,1,686.446,599.719,-1.40996,0.378316,8.93608,719.105,604.636,-1.42655,0.409894,8.86003,714.178,610.633,-1.39337,0.346738,9.01213,723.949,598.741,-1.65091,0.142041,8.78855,673.202,564.675,-1.75418,0.0407795,8.72532,653.054,547.136,-1.73814,0.654496,8.92592,662.696,651.95,-1.60981,0.587512,9.2497,694.285,636.975,-1.41502,0.84026,8.95017,718.62,683.335,-1.4424,0.921133,9.25565,722.071,691.944,-1.49478,0.98871,8.94457,704.854,708.763,-1.57351,0.973206,9.34676,702.975,698.969,-1.94242,0.0885605,8.72876,620.25,555.49,-1.69636,0.180755,8.61793,659.472,572.023,-1.71507,-0.0695858,8.84923,664.099,527.994,-1.736,0.171755,8.60648,652.041,570.469,-1.75384,-0.0794148,8.84501,657.267,526.292,-1.55389,0.370614,8.73368,688.361,604.788,-1.54603,0.000442743,9.03823,698.842,540.075,-1.52759,0.392244,8.73508,693.002,608.558,-1.51755,0.00125527,9.05598,704.155,540.212,-1.57915,0.350058,8.75081,684.485,601.075,-1.57575,0.014622,9.02633,693.47,542.473,-1.63921,0.403205,8.95992,680.681,608.705,-1.67392,0.176792,9.14404,680.51,569.518,-1.51482,0.994306,8.97782,702.392,709.09,-1.60569,0.976094,9.32477,697.099,699.817,-1.47475,0.983115,8.91133,707.335,708.434,-1.54132,0.970317,9.36876,708.823,698.125,-1.35701,0.845012,8.94884,728.482,684.167,-1.39953,0.961539,9.25026,729.008,698.702,-1.49478,0.98871,8.94457,704.854,708.763,-1.57351,0.973206,9.34676,702.975,698.969
104,3.47013,1,683.56,598.842,-1.42457,0.362261,8.94962,716.977,601.8,-1.43534,0.390824,8.87396,713.051,607.241,-1.4138,0.333698,9.02528,720.837,596.45,-1.68383,0.147778,8.80644,668.078,565.62,-1.79494,0.0558565,8.74508,646.631,549.752,-1.75765,0.618439,8.91258,658.909,645.941,-1.58994,0.603067,9.25678,697.765,639.466,-1.4948,0.868992,8.98715,706.061,687.626,-1.44299,0.932008,9.34211,724.176,692.315,-1.5823,1.01706,8.9782,690.927,712.952,-1.5728,0.985979,9.43997,705.627,699.465,-1.98912,0.105014,8.73112,612.176,558.363,-1.72103,0.182001,8.62985,655.524,572.199,-1.77186,-0.0479203,8.87754,655.276,531.759,-1.76139,0.176237,8.61784,647.949,571.222,-1.81108,-0.0546362,8.87179,648.33,530.598,-1.56183,0.359398,8.72934,686.837,602.858,-1.60378,0.0287278,9.06047,689.752,544.841,-1.53494,0.3781,8.73205,691.624,606.109,-1.57426,0.0241364,9.07884,695.263,544.059,-1.59094,0.343285,8.74531,682.254,599.931,-1.62926,0.0475898,9.04694,685.047,548.031,-1.67804,0.415359,8.93448,673.251,610.978,-1.67126,0.238158,9.15549,681.303,579.715,-1.60638,1.02079,9.00898,687.767,712.993,-1.60454,0.992931,9.41817,699.893,700.961,-1.55823,1.01333,8.94742,694.109,712.91,-1.54105,0.979027,9.46176,711.335,697.976,-1.43884,0.879731,8.99427,715.76,689.332,-1.39921,0.970221,9.3437,731.37,698.533,-1.5823,1.01706,8.9782,690.927,712.952,-1.5728,0.985979,9.43997,705.627,699.465
104,3.47013,2,838.421,570.02,-0.768042,0.241856,9.93588,841.982,577.164,-0.685594,0.241594,9.9125,854.403,577.211,-0.85049,0.242117,9.95926,829.62,577.117,-0.776998,-0.155554,9.89042,840.057,515.988,-0.780836,-0.325873,9.87093,839.227,489.597,-0.668844,0.650394,9.76132,855.387,641.727,-0.976832,0.539643,9.66639,805.715,625.234,-0.632226,0.907429,10.0915,864.35,677.286,-0.891073,0.938726,9.75492,820.537,686.921,-0.551743,0.992945,9.96912,875.501,692.068,-0.997696,1.02158,9.64382,802.051,701.731,-0.779651,-0.520389,9.765,838.102,458.637,-0.601408,-0.262941,9.80714,866.374,499.066,-0.922038,-0.263161,9.98591,819.029,499.765,-0.615106,-0.29986,9.78986,864.073,493.236,-0.936075,-0.296775,9.96995,816.654,494.553,-0.557576,0.00287449,9.72964,872.506,540.451,-0.920824,-0.0307369,10.1437,821.404,535.374,-0.531786,0.03032,9.7285,876.543,544.758,-0.897771,-0.00852489,10.1652,825.159,538.72,-0.592998,-0.0084672,9.72957,866.947,538.671,-0.949107,-0.0371488,10.1231,816.856,534.397,-0.748099,0.158585,9.62824,841.374,565.147,-1.12397,0.134844,10.1812,791.451,560.221,-0.577403,1.00504,9.94187,871.329,694.341,-0.985267,1.01811,9.6068,803.417,701.803,-0.526083,0.980855,9.99638,879.651,689.807,-1.01012,1.02506,9.68084,800.695,701.661,-0.629407,0.934411,10.1472,865.299,680.592,-0.864401,0.981693,9.79005,825.197,693.095,-0.551743,0.992945,9.96912,875.501,692.068,-0.997696,1.02158,9.64382,802.051,701.731
105,3.5035,1,679.998,598.19,-1.43171,0.341612,8.88089,713.868,598.728,-1.43372,0.367629,8.80448,711.383,603.749,-1.4297,0.315595,8.95729,716.31,593.793,-1.70087,0.144984,8.72915,662.513,565.358,-1.81622,0.0607154,8.66413,639.953,550.699,-1.75679,0.596545,8.79808,655.141,643.52,-1.5633,0.618951,9.17395,699.831,643.007,-1.59009,0.909873,8.9212,687.876,695.714,-1.40534,0.938435,9.29056,729.055,694.217,-1.71111,1.02884,8.88431,665.948,716.804,-1.54279,0.999304,9.37478,708.745,702.744,-2.01118,0.106831,8.62859,604.14,558.903,-1.72461,0.171174,8.54352,651.806,570.589,-1.81454,-0.0318311,8.80923,645.517,534.483,-1.76446,0.167087,8.52989,644.182,569.907,-1.85319,-0.0357822,8.79779,638.4,533.79,-1.5474,0.340973,8.63539,686.416,600.285,-1.66404,0.0474749,9.01283,678.116,548.042,-1.52105,0.358005,8.6405,691.234,603.258,-1.63778,0.0410907,9.03609,683.278,546.943,-1.5796,0.32783,8.64887,681.159,597.871,-1.68487,0.0677974,8.99433,674,551.508,-1.69532,0.410678,8.81733,666.45,611.11,-1.71478,0.271973,9.0857,671.849,585.702,-1.74201,1.02558,8.90829,661.445,715.769,-1.57145,1.00798,9.34961,703.389,704.598,-1.68022,1.0321,8.86034,670.476,717.844,-1.51413,0.990632,9.39995,714.072,700.9,-1.54334,0.936354,8.94139,696.473,699.884,-1.36005,0.973899,9.29832,736.684,699.911,-1.71111,1.02884,8.88431,665.948,716.804,-1.54279,0.999304,9.37478,708.745,702.744
105,3.5035,2,844.718,568.927,-0.734381,0.237216,9.94531,847.262,576.416,-0.65063,0.235729,9.93076,859.972,576.241,-0.818131,0.238704,9.95985,834.588,576.591,-0.739963,-0.159097,9.87457,845.591,515.401,-0.742355,-0.328946,9.84425,844.867,488.984,-0.609126,0.643491,9.79679,865.072,640.283,-0.929917,0.540957,9.67334,813.23,625.38,-0.601624,0.932099,10.0975,869.033,680.935,-0.864486,0.942985,9.74786,824.6,687.695,-0.511951,1.00523,9.97258,881.623,693.896,-0.962825,1.03047,9.62979,807.349,703.375,-0.731761,-0.521134,9.73714,845.262,458.288,-0.5606,-0.269493,9.80962,872.749,498.057,-0.894014,-0.27992,9.94109,822.697,497.01,-0.572032,-0.306371,9.78864,870.779,492.215,-0.90597,-0.312294,9.91996,820.565,491.936,-0.497975,-0.0122433,9.71895,881.773,538.077,-0.932948,-0.0909191,10.1497,819.662,526.324,-0.471999,0.0145293,9.71846,885.85,542.283,-0.911081,-0.0855756,10.1833,823.404,527.17,-0.533473,-0.0229993,9.71537,876.166,536.386,-0.953621,-0.0817364,10.1257,816.213,527.676,-0.676121,0.136071,9.57984,852.246,561.686,-1.08027,0.109908,10.2536,799.148,556.365,-0.535326,1.01406,9.94224,877.794,695.721,-0.948518,1.02623,9.59357,809.05,703.318,-0.488577,0.996397,10.0029,885.428,692.081,-0.977131,1.0347,9.66601,805.661,703.431,-0.603524,0.964848,10.1493,869.212,685.141,-0.839809,0.985287,9.7834,828.943,693.76,-0.511951,1.00523,9.97258,881.623,693.896,-0.962825,1.03047,9.62979,807.349,703.375
106,3.53687,1,676.311,598.199,-1.43992,0.328194,8.7634,709.138,597.178,-1.43705,0.352974,8.68693,707.435,602.036,-1.4428,0.303415,8.83987,710.811,592.404,-1.70924,0.142023,8.60544,656.751,565.197,-1.82466,0.0622348,8.53775,633.706,551.129,-1.74965,0.591651,8.68384,652.384,644.021,-1.5242,0.62263,9.05476,703,644.984,-1.67342,0.932121,8.81399,670.132,701.461,-1.36649,0.930757,9.19008,732.985,694.627,-1.81208,1.02624,8.76584,644.388,718.742,-1.50183,1.00323,9.26944,712.636,705.239,-2.01472,0.105922,8.48564,597.508,559.058,-1.72498,0.161661,8.41439,647.011,569.333,-1.83683,-0.0203978,8.68842,637.228,536.416,-1.76399,0.158819,8.39986,639.379,568.867,-1.87461,-0.0229759,8.67494,630.076,535.956,-1.54055,0.320004,8.50915,683.587,597.417,-1.6865,0.057526,8.89195,670.427,549.877,-1.51428,0.33517,8.51618,688.525,600.088,-1.66102,0.0502384,8.91573,675.563,548.603,-1.57437,0.309083,8.52036,677.89,595.384,-1.7057,0.0784196,8.87263,666.492,553.494,-1.70013,0.396712,8.67706,660.857,609.803,-1.72272,0.285988,8.95802,666.39,588.742,-1.84369,1.0178,8.78745,639.672,716.835,-1.52887,1.01386,9.24331,707.471,707.463,-1.78048,1.03469,8.74423,649.126,720.657,-1.4748,0.99259,9.29558,717.772,703.028,-1.63559,0.967345,8.83755,677.439,707.116,-1.31966,0.962664,9.19973,740.994,699.76,-1.81208,1.02624,8.76584,644.388,718.742,-1.50183,1.00323,9.26944,712.636,705.239
106,3.53687,2,850.198,567.779,-0.696613,0.230766,9.86357,852.173,575.72,-0.60976,0.229315,9.85321,865.518,575.532,-0.783467,0.232217,9.87394,838.857,575.906,-0.702037,-0.162655,9.78865,850.502,514.63,-0.704361,-0.331264,9.75654,849.778,488.162,-0.554647,0.631375,9.72722,872.944,639.099,-0.887237,0.533038,9.59233,818.784,624.84,-0.567284,0.935148,10.0056,873.438,682.694,-0.837775,0.933177,9.66324,827.635,687.438,-0.479988,1.00663,9.87721,885.807,695.598,-0.914885,1.01381,9.52482,813.351,702.505,-0.685599,-0.523075,9.65178,851.549,457.258,-0.52463,-0.278538,9.7316,877.693,496.301,-0.855304,-0.290263,9.84726,827.391,494.997,-0.536093,-0.316058,9.71046,875.711,490.307,-0.866912,-0.32166,9.82427,825.276,490.012,-0.420404,-0.0451159,9.63206,893.363,532.849,-0.908843,-0.129647,10.0712,822.223,520.346,-0.392292,-0.0219411,9.63033,897.808,536.522,-0.88874,-0.13442,10.1062,825.737,519.693,-0.45717,-0.0518503,9.62786,887.504,531.778,-0.925412,-0.113739,10.05,819.416,522.721,-0.585824,0.10634,9.47615,865.615,557.133,-1.02847,0.0616673,10.2253,806.438,549.208,-0.503274,1.01234,9.84609,881.961,696.976,-0.895132,1.00699,9.4917,816.017,701.977,-0.456701,1.00091,9.90834,889.628,694.228,-0.934638,1.02062,9.55793,810.704,703.03,-0.572153,0.970415,10.0549,873.123,687.35,-0.81893,0.977064,9.69912,831.091,693.801,-0.479988,1.00663,9.87721,885.807,695.598,-0.914885,1.01381,9.52482,813.351,702.505
107,3.57023,1,671.69,599.698,-1.47827,0.330435,8.76257,702.432,597.574,-1.46638,0.352155,8.68675,702.274,601.894,-1.49017,0.308715,8.8384,702.587,593.328,-1.74132,0.147027,8.59072,650.53,566.13,-1.85406,0.068424,8.51707,627.645,552.266,-1.75593,0.609808,8.62889,649.314,647.896,-1.52269,0.632294,9.05706,703.318,646.586,-1.75508,0.962902,8.7418,653.476,708.171,-1.36978,0.925153,9.22253,733.239,693.156,-1.89661,1.03294,8.66783,625.931,721.943,-1.49563,1.01781,9.29903,714.442,707.108,-2.04425,0.101108,8.44138,590.266,558.287,-1.74208,0.158357,8.39438,643.154,568.802,-1.87796,-0.00181878,8.67512,629.493,539.68,-1.78016,0.156179,8.37805,635.597,568.461,-1.91478,-0.00367725,8.65989,622.421,539.352,-1.55793,0.312911,8.50233,680.244,596.189,-1.71862,0.0694062,8.87784,664.443,551.936,-1.53224,0.327343,8.51189,685.166,598.715,-1.69346,0.061412,8.90165,669.549,550.533,-1.59303,0.302734,8.51047,674.215,594.31,-1.73673,0.0909576,8.85789,660.656,555.678,-1.73224,0.390822,8.65628,654.475,608.931,-1.74018,0.303304,8.93512,662.654,591.826,-1.92973,1.02086,8.68499,620.769,719.459,-1.51998,1.03239,9.27217,709.72,709.993,-1.86349,1.04503,8.65066,631.113,724.437,-1.47127,1.00322,9.32589,719.136,704.239,-1.72735,1.00444,8.76849,659.236,714.892,-1.32038,0.950339,9.23481,741.707,697.116,-1.89661,1.03294,8.66783,625.931,721.943,-1.49563,1.01781,9.29903,714.442,707.108
107,3.57023,2,855.431,566.362,-0.666464,0.221647,9.91019,857.325,574.147,-0.578397,0.219325,9.90399,870.837,573.81,-0.754531,0.223968,9.91639,843.83,574.483,-0.675414,-0.168996,9.82068,854.998,513.727,-0.679249,-0.336415,9.78232,853.988,487.495,-0.512107,0.617619,9.76346,879.92,636.58,-0.849707,0.537378,9.64162,825.449,625.094,-0.533382,0.948917,10.0039,878.598,684.819,-0.80865,0.932151,9.73232,833.143,686.231,-0.445571,1.01449,9.87203,891.09,696.895,-0.884765,1.0182,9.59681,819.243,701.986,-0.654051,-0.52448,9.67337,856.771,457.221,-0.497979,-0.289941,9.77596,882.228,494.719,-0.837563,-0.300417,9.86111,830.324,493.488,-0.51014,-0.326968,9.75339,880.145,488.818,-0.846509,-0.328998,9.83494,828.59,488.927,-0.365819,-0.0707579,9.68385,902.325,528.844,-0.899111,-0.167786,10.0978,824.058,514.631,-0.337215,-0.0489924,9.68483,906.84,532.277,-0.888859,-0.180992,10.1346,826.095,512.734,-0.401766,-0.0766053,9.67452,896.597,527.911,-0.906901,-0.145878,10.0763,822.587,517.897,-0.500452,0.0682104,9.49745,879.55,550.965,-1.00557,0.0302844,10.244,810.132,544.514,-0.468233,1.01711,9.84006,887.35,697.812,-0.864207,1.01338,9.56385,822.04,701.775,-0.42291,1.01186,9.904,894.806,695.983,-0.905323,1.02302,9.62977,816.465,702.195,-0.540583,0.987952,10.0496,877.874,690.092,-0.791758,0.974188,9.77081,836.282,692.223,-0.445571,1.01449,9.87203,891.09,696.895,-0.884765,1.0182,9.59681,819.243,701.986
108,3.6036,1,666.049,602.659,-1.52076,0.345868,8.74308,694.438,600.397,-1.50245,0.366084,8.66836,695.375,604.478,-1.53908,0.325651,8.8178,693.516,596.385,-1.77062,0.155597,8.55355,643.956,567.773,-1.8777,0.0740523,8.47232,621.629,553.345,-1.77119,0.639252,8.57968,644.817,653.755,-1.53112,0.644852,9.04748,701.625,648.818,-1.79286,1.00535,8.65156,643.611,717.415,-1.36749,0.918476,9.24014,734.049,691.76,-1.92401,1.07456,8.55743,616.731,731.716,-1.47714,1.03176,9.31699,717.944,709.071,-2.06757,0.0966982,8.38956,583.738,557.597,-1.75227,0.16113,8.35245,639.7,569.453,-1.91656,0.017355,8.63829,621.262,543.067,-1.78878,0.158031,8.33406,632.306,568.95,-1.95104,0.0149847,8.61986,614.431,542.654,-1.57351,0.311979,8.4786,676.656,596.178,-1.76033,0.0881892,8.84746,656.23,555.218,-1.5479,0.325248,8.49114,681.68,598.481,-1.73584,0.0769328,8.87248,661.301,553.238,-1.60999,0.30325,8.48267,670.225,594.581,-1.7759,0.111341,8.82724,652.842,559.257,-1.75772,0.397535,8.61187,648.384,610.477,-1.75509,0.317864,8.91508,659.432,594.436,-1.95923,1.06448,8.57156,611.025,729.603,-1.49806,1.0508,9.28995,713.802,712.693,-1.8888,1.08465,8.5433,622.456,733.835,-1.45622,1.01271,9.34402,722.063,705.471,-1.7676,1.04886,8.67751,649.001,724.54,-1.31546,0.935319,9.25469,742.987,694.3,-1.92401,1.07456,8.55743,616.731,731.716,-1.47714,1.03176,9.31699,717.944,709.071
108,3.6036,2,860.101,564.507,-0.639181,0.212073,9.9348,861.772,572.591,-0.551538,0.208879,9.9325,875.221,572.107,-0.726824,0.215266,9.9371,848.329,573.074,-0.648579,-0.178963,9.84149,859.383,512.237,-0.652606,-0.346549,9.80151,858.345,486.019,-0.480399,0.59463,9.76769,884.91,632.945,-0.815853,0.543396,9.68131,831.339,625.694,-0.502956,0.954054,9.95189,882.84,686.365,-0.786159,0.920028,9.81912,837.762,683.053,-0.412861,1.01653,9.81804,895.798,698.075,-0.854181,1.02238,9.69116,825.432,701.067,-0.621166,-0.523782,9.68557,862.084,457.435,-0.473099,-0.303892,9.80864,886.36,492.698,-0.811664,-0.319846,9.86988,834.445,490.524,-0.485288,-0.341558,9.78594,884.288,486.712,-0.818524,-0.346921,9.84227,833.029,486.185,-0.31841,-0.10515,9.71475,909.959,523.475,-0.88698,-0.19234,10.1016,825.941,510.93,-0.289058,-0.0855266,9.71633,914.58,526.561,-0.881488,-0.207114,10.1383,827.254,508.81,-0.35318,-0.109809,9.70221,904.423,522.72,-0.890975,-0.16954,10.0803,825.054,514.322,-0.423898,0.0153192,9.50247,891.893,542.461,-0.992111,0.00773072,10.2405,812.087,541.153,-0.434303,1.01636,9.7852,892.237,698.58,-0.831733,1.02125,9.65919,828.534,701.421,-0.391419,1.0167,9.85087,899.335,697.575,-0.876628,1.02351,9.72314,822.349,700.715,-0.512347,0.996297,9.99302,881.723,692.216,-0.772543,0.956522,9.86322,840.416,688.062,-0.412861,1.01653,9.81804,895.798,698.075,-0.854181,1.02238,9.69116,825.432,701.067
109,3.63697,1,658.548,605.608,-1.58361,0.367302,8.77952,684.611,603.874,-1.5601,0.386235,8.70641,686.421,607.73,-1.60712,0.348369,8.85263,682.831,600.081,-1.81841,0.166584,8.58109,636.468,569.639,-1.91903,0.0805614,8.49605,615.147,554.477,-1.82552,0.661298,8.60542,636.12,657.326,-1.56048,0.66474,9.0851,697.761,651.71,-1.79717,1.02529,8.70245,644.705,719.876,-1.3692,0.911121,9.2949,735.099,689.658,-1.9237,1.09417,8.60575,618.715,734.117,-1.46322,1.04498,9.35822,721.282,710.484,-2.10194,0.0897667,8.39889,577.908,556.318,-1.78528,0.1686,8.38034,634.754,570.716,-1.96749,0.0345502,8.66677,613.403,546.086,-1.82021,0.163534,8.36005,627.585,569.865,-2.00024,0.0306553,8.64718,606.837,545.413,-1.6068,0.321064,8.50954,671.713,597.604,-1.80641,0.108168,8.8757,649.27,558.606,-1.5817,0.334243,8.52333,676.675,599.872,-1.78134,0.0937117,8.90022,654.426,556.075,-1.64394,0.313457,8.51132,665.112,596.228,-1.82096,0.132668,8.85692,646.104,562.869,-1.79817,0.417032,8.62312,641.628,613.837,-1.77825,0.329024,8.96251,657.077,596.049,-1.95929,1.08553,8.61997,612.975,732.266,-1.47747,1.06655,9.32881,718.197,714.552,-1.88811,1.10281,8.59152,624.474,735.974,-1.44897,1.0234,9.38762,724.348,706.441,-1.7688,1.0682,8.72867,650.614,726.841,-1.3164,0.918852,9.31495,744.238,690.603,-1.9237,1.09417,8.60575,618.715,734.117,-1.46322,1.04498,9.35822,721.282,710.484
109,3.63697,2,864.515,563.835,-0.616293,0.20747,10.0107,866.008,571.642,-0.529048,0.204257,10.0137,879.338,571.142,-0.703537,0.210683,10.0078,852.671,572.141,-0.62764,-0.186357,9.92645,863.465,511.337,-0.632503,-0.35514,9.89032,862.361,485.178,-0.455954,0.592955,9.85564,889.367,631.856,-0.783655,0.55358,9.76825,837.517,626.523,-0.476126,0.967932,10.0015,887.318,687.757,-0.767132,0.907738,9.95573,842.357,679.206,-0.38145,1.03348,9.86973,900.993,699.869,-0.818942,1.0308,9.83895,832.921,699.954,-0.599995,-0.530902,9.77558,866.293,457.083,-0.449374,-0.318064,9.90751,890.751,490.986,-0.798388,-0.323364,9.94595,837.443,490.362,-0.462574,-0.355896,9.8854,888.558,485.033,-0.802325,-0.35062,9.91843,836.497,486.029,-0.281216,-0.129178,9.81363,916.25,519.903,-0.893516,-0.199144,10.1726,825.897,510.112,-0.251309,-0.109913,9.81649,920.914,522.905,-0.894203,-0.21423,10.2098,826.283,507.965,-0.314999,-0.134383,9.79826,910.917,519.061,-0.892741,-0.175653,10.1505,825.721,513.58,-0.362395,-0.0271249,9.58454,902.273,535.679,-0.99877,0.0114028,10.2892,811.799,541.692,-0.401386,1.03254,9.83592,897.696,700.273,-0.793285,1.03344,9.80953,836.533,700.845,-0.361515,1.03441,9.90355,904.268,699.467,-0.844599,1.02816,9.86838,829.331,699.068,-0.487665,1.01119,10.0404,885.845,693.764,-0.75767,0.936559,10.0061,844.393,682.902,-0.38145,1.03348,9.86973,900.993,699.869,-0.818942,1.0308,9.83895,832.921,699.954
110,3.67033,1,651.219,608.162,-1.62714,0.386734,8.74806,676.024,607.495,-1.6012,0.404641,8.67562,678.217,611.21,-1.65308,0.368828,8.82051,673.866,603.841,-1.84644,0.171885,8.54694,630.167,570.704,-1.94043,0.0798066,8.46075,609.846,554.401,-1.85849,0.684225,8.57396,629.061,661.839,-1.6052,0.676651,9.06062,689.517,654.019,-1.78884,1.03467,8.6949,645.895,721.679,-1.37497,0.882769,9.27285,733.614,685.346,-1.89955,1.10395,8.58417,622.152,736.345,-1.45461,1.02035,9.34405,722.327,706.717,-2.12031,0.0772657,8.35777,572.673,554.115,-1.80554,0.171375,8.34924,629.836,571.338,-1.99637,0.0380269,8.62992,606.813,546.727,-1.83908,0.164713,8.32704,622.807,570.2,-2.02822,0.032424,8.60939,600.323,545.75,-1.63815,0.332192,8.47839,665.008,599.82,-1.85082,0.120628,8.84331,640.465,560.826,-1.61228,0.345953,8.49179,670.125,602.2,-1.82745,0.106267,8.86983,645.444,558.292,-1.67528,0.324906,8.48014,658.384,598.496,-1.86371,0.144693,8.82309,637.503,565.038,-1.82444,0.438989,8.58812,635.659,618.041,-1.8233,0.341371,8.92786,648.198,598.378,-1.93677,1.09769,8.59515,615.973,734.983,-1.46744,1.04441,9.31593,719.506,711.164,-1.86234,1.11021,8.5732,628.347,737.711,-1.44177,0.996282,9.37217,725.131,702.297,-1.75909,1.07594,8.7235,652.13,728.307,-1.32063,0.883704,9.29153,742.999,685.207,-1.89955,1.10395,8.58417,622.152,736.345,-1.45461,1.02035,9.34405,722.327,706.717
110,3.67033,2,868.671,564.098,-0.596722,0.208024,10.0282,869.151,571.671,-0.512023,0.204939,10.0393,882.133,571.167,-0.681421,0.211108,10.0171,856.141,572.176,-0.603438,-0.187577,9.95409,867.445,511.23,-0.606316,-0.35712,9.92233,866.706,485.05,-0.431267,0.587406,9.87436,893.318,630.824,-0.740521,0.570634,9.79968,844.63,628.903,-0.449574,0.971016,9.99035,891.295,688.394,-0.748051,0.888772,10.0423,846.272,675.123,-0.357068,1.03826,9.85648,904.691,700.825,-0.782012,1.02463,9.93572,839.834,697.447,-0.571966,-0.533085,9.80813,870.967,457.019,-0.424397,-0.32253,9.95427,894.907,490.531,-0.776843,-0.319691,9.95811,840.896,490.986,-0.437363,-0.361516,9.93294,892.775,484.433,-0.778277,-0.34752,9.93089,840.349,486.573,-0.246769,-0.151143,9.84423,921.728,516.559,-0.898039,-0.191049,10.1686,825.164,511.315,-0.215298,-0.133744,9.84688,926.618,519.263,-0.906343,-0.20494,10.2051,824.405,509.339,-0.280141,-0.154992,9.82848,916.483,515.924,-0.891566,-0.168002,10.1464,825.844,514.72,-0.308846,-0.0560446,9.60753,910.921,531.094,-1.0025,0.0318596,10.2567,810.774,544.742,-0.37689,1.03593,9.82271,901.42,701.016,-0.752447,1.03008,9.91073,844.085,698.684,-0.337245,1.04059,9.89026,907.94,700.636,-0.811576,1.01917,9.96072,835.604,696.216,-0.461995,1.01506,10.0272,889.656,694.553,-0.745567,0.910401,10.0973,847.267,677.657,-0.357068,1.03826,9.85648,904.691,700.825,-0.782012,1.02463,9.93572,839.834,697.447
111,3.7037,1,645.06,609.494,-1.65041,0.388863,8.68222,669.779,608.381,-1.6211,0.405863,8.61162,672.596,611.955,-1.67971,0.371863,8.75283,667.008,604.864,-1.86099,0.166968,8.474,624.707,570.083,-1.95124,0.0718703,8.38476,604.705,553.087,-1.86244,0.697157,8.50302,625.59,665.177,-1.65615,0.690565,8.98254,678.506,657.375,-1.76052,1.03292,8.63923,648.875,722.541,-1.38632,0.849958,9.18704,729.614,681.251,-1.86533,1.10165,8.5249,625.932,737.299,-1.46156,0.98316,9.26464,719.144,702.019,-2.12803,0.0573611,8.27163,567.214,550.588,-1.81539,0.173436,8.27827,625.188,571.987,-2.00904,0.0314285,8.5552,601.469,545.609,-1.84785,0.164894,8.25489,618.237,570.497,-2.04041,0.0240971,8.53381,594.957,544.311,-1.66819,0.343354,8.42135,657.564,602.249,-1.87469,0.132544,8.76845,633.581,563.078,-1.64162,0.357726,8.43543,662.879,604.746,-1.85109,0.119547,8.79594,638.697,560.75,-1.70519,0.335899,8.42211,650.884,600.892,-1.88812,0.155528,8.74773,630.464,567.145,-1.85207,0.459011,8.53078,628.535,622.149,-1.85695,0.356278,8.85523,639.838,601.427,-1.90289,1.09632,8.53507,619.612,736.11,-1.47347,1.00907,9.23782,716.477,706.771,-1.82777,1.10699,8.51474,632.268,738.49,-1.44965,0.957252,9.29145,721.796,697.294,-1.72914,1.07289,8.66821,655.443,728.972,-1.33101,0.846176,9.2049,739.234,680.349,-1.86533,1.10165,8.5249,625.932,737.299,-1.46156,0.98316,9.26464,719.144,702.019
111,3.7037,2,872.623,564.651,-0.582261,0.210383,10.1101,872.071,571.77,-0.500097,0.207424,10.1306,884.632,571.26,-0.664425,0.213342,10.0897,859.46,572.283,-0.586115,-0.187856,10.0504,870.963,511.463,-0.587767,-0.35853,10.0247,870.484,485.396,-0.410611,0.588091,9.96696,897.102,630.085,-0.69946,0.593231,9.90489,852.184,631.441,-0.426348,0.98255,10.0521,895.245,689.233,-0.740127,0.872715,10.1925,849.135,670.725,-0.333242,1.05179,9.91732,908.698,701.921,-0.746449,1.03312,10.118,847.365,695.891,-0.550064,-0.528211,9.90517,875.215,458.583,-0.406894,-0.32692,10.0732,898.329,490.45,-0.762492,-0.313065,10.0385,844.033,492.386,-0.418815,-0.366565,10.0521,896.389,484.325,-0.761686,-0.342624,10.0128,843.857,487.756,-0.2115,-0.170206,9.96913,927.609,513.933,-0.91125,-0.160789,10.215,823.803,515.968,-0.179312,-0.153816,9.97225,932.547,516.451,-0.927186,-0.172037,10.2506,821.903,514.376,-0.245074,-0.173528,9.95202,922.403,513.379,-0.899125,-0.13954,10.193,825.325,519.099,-0.265939,-0.0861135,9.72648,918.256,526.483,-1.01534,0.0723186,10.2713,809.077,550.75,-0.352603,1.04879,9.88325,905.53,702.016,-0.712546,1.04133,10.1002,852.291,697.408,-0.313881,1.05479,9.95139,911.844,701.827,-0.780352,1.02491,10.1358,842.456,694.381,-0.439738,1.02755,10.0872,893.443,695.525,-0.746345,0.881819,10.2508,848.839,671.338,-0.333242,1.05179,9.91732,908.698,701.921,-0.746449,1.03312,10.118,847.365,695.891
112,3.73707,1,639.054,609.067,-1.68885,0.382533,8.7063,663.84,607.082,-1.65372,0.397142,8.63717,667.68,610.201,-1.72398,0.367924,8.77544,660.061,604.011,-1.89571,0.154964,8.49277,619.207,567.858,-1.98436,0.0574342,8.40125,599.383,550.437,-1.86778,0.704626,8.51433,625.077,666.351,-1.72898,0.704538,8.98069,666.067,659.774,-1.7488,1.02821,8.66993,652.04,721.066,-1.43245,0.822133,9.17961,721.754,676.737,-1.84077,1.10345,8.5498,631.29,737.046,-1.48312,0.964549,9.25898,715.442,699.049,-2.15728,0.0321181,8.28133,562.283,545.921,-1.84302,0.160167,8.29872,620.932,569.467,-2.05194,0.0258025,8.57145,594.507,544.596,-1.87424,0.150699,8.27392,614.154,567.808,-2.08218,0.0179492,8.54913,588.153,543.205,-1.71192,0.336024,8.45123,650.733,600.704,-1.92038,0.132252,8.78466,626.243,562.985,-1.68552,0.350671,8.46676,656.061,603.234,-1.89776,0.117167,8.81275,631.225,560.298,-1.74891,0.329719,8.44903,643.97,599.581,-1.9319,0.155751,8.76424,623.458,567.132,-1.89542,0.467562,8.53734,621.037,623.615,-1.88694,0.348515,8.88198,635.647,599.907,-1.87919,1.1,8.55722,624.721,736.259,-1.49104,0.992248,9.23248,713.429,704.086,-1.80236,1.10691,8.54237,637.869,737.834,-1.47519,0.93685,9.28548,717.443,694.04,-1.71691,1.06591,8.70185,658.766,727.015,-1.37788,0.808869,9.1962,731.244,674.288,-1.84077,1.10345,8.5498,631.29,737.046,-1.48312,0.964549,9.25898,715.442,699.049
112,3.73707,2,876.418,565.389,-0.570398,0.212107,10.2475,875.018,571.601,-0.491764,0.210972,10.278,886.951,571.339,-0.649032,0.213243,10.217,863.014,571.865,-0.574151,-0.185727,10.2027,874.083,512.207,-0.575759,-0.356227,10.1835,873.679,486.593,-0.394067,0.589086,10.1169,900.531,628.899,-0.662658,0.631025,10.1559,860.381,634.863,-0.400466,0.990603,10.14,899.703,689.152,-0.743062,0.881011,10.4611,851.553,668.58,-0.30623,1.06387,10.0052,913.27,702.343,-0.714489,1.04221,10.3956,855.066,693.065,-0.533199,-0.520764,10.0593,879.073,460.961,-0.40155,-0.328236,10.2541,900.213,491.128,-0.750117,-0.304911,10.1727,847.42,494.238,-0.411083,-0.368385,10.2327,898.665,485.036,-0.747054,-0.336791,10.1487,847.614,489.334,-0.183851,-0.18663,10.1835,932.436,512.02,-0.925014,-0.130743,10.2939,822.806,520.609,-0.151807,-0.171664,10.1889,937.253,514.277,-0.947948,-0.135692,10.3274,819.86,519.94,-0.216834,-0.188661,10.1636,927.428,511.66,-0.907473,-0.113436,10.2708,825.105,523.138,-0.227529,-0.108531,9.94229,925.06,523.334,-1.02147,0.105751,10.2838,808.352,555.7,-0.324316,1.05964,9.97047,910.338,702.26,-0.676489,1.04737,10.3872,860.567,693.946,-0.288144,1.06811,10.0399,916.182,702.425,-0.752488,1.03706,10.404,849.574,692.186,-0.416577,1.03648,10.1716,897.472,695.575,-0.761699,0.88864,10.5174,849.428,668.999,-0.30623,1.06387,10.0052,913.27,702.343,-0.714489,1.04221,10.3956,855.066,693.065
113,3.77043,1,634.148,607.275,-1.70862,0.368172,8.6888,659.77,604.693,-1.67301,0.38226,8.61925,663.655,607.711,-1.74422,0.354084,8.75835,655.947,601.724,-1.91975,0.137298,8.48024,614.375,564.719,-2.01023,0.0383521,8.39085,594.23,546.978,-1.85613,0.709862,8.51268,627.102,667.314,-1.79528,0.694756,8.94151,653.457,658.629,-1.72187,1.02661,8.66399,656.574,720.908,-1.48892,0.801029,9.12704,710.936,673.995,-1.80661,1.10921,8.54262,637.12,738.24,-1.52512,0.947435,9.20644,707.081,697.118,-2.18094,0.0054462,8.26921,557.331,541.006,-1.87322,0.13826,8.28654,614.869,565.474,-2.07641,0.015707,8.56469,589.856,542.8,-1.90423,0.128968,8.2614,608.088,563.834,-2.10777,0.00659263,8.54297,583.31,541.178,-1.74861,0.320402,8.43301,643.423,598.007,-1.95732,0.167049,8.75413,618.636,569.134,-1.72284,0.336254,8.44783,648.636,600.77,-1.93529,0.1582,8.78508,623.667,567.493,-1.78529,0.313921,8.43048,636.686,596.851,-1.96877,0.185853,8.72975,615.681,572.504,-1.93574,0.457894,8.50427,612.48,622.205,-1.93423,0.399115,8.81392,624.952,609.135,-1.84525,1.10848,8.54953,630.48,737.95,-1.53271,0.975138,9.17986,705.087,702.181,-1.76796,1.10993,8.53571,643.771,738.53,-1.51753,0.919731,9.23301,709.064,692.085,-1.68795,1.06221,8.69568,663.636,726.499,-1.43475,0.784364,9.14097,720.364,671.007,-1.80661,1.10921,8.54262,637.12,738.24,-1.52512,0.947435,9.20644,707.081,697.118
113,3.77043,2,880,566.903,-0.54965,0.220109,10.2433,878.075,572.807,-0.475178,0.218777,10.279,889.421,572.495,-0.624122,0.221442,10.2076,866.65,573.121,-0.551131,-0.174002,10.2035,877.534,513.964,-0.551766,-0.342907,10.1864,877.3,488.605,-0.371505,0.589939,10.1066,903.879,629.119,-0.628009,0.643583,10.2054,866.049,636.281,-0.372326,0.992028,10.1139,903.795,689.753,-0.729844,0.891627,10.5067,853.944,669.565,-0.278488,1.06487,9.97766,917.387,702.943,-0.687308,1.0424,10.4283,859.375,692.611,-0.5051,-0.500625,10.056,883.313,463.993,-0.383774,-0.315564,10.2714,902.955,493.094,-0.724989,-0.284097,10.159,851.044,497.304,-0.392081,-0.356447,10.2502,901.6,486.908,-0.720585,-0.317867,10.1362,851.463,492.122,-0.152342,-0.186579,10.2075,937.214,512.093,-0.911079,-0.0910316,10.2369,824.12,526.423,-0.119968,-0.172413,10.2139,942.067,514.228,-0.938759,-0.0935698,10.2676,820.409,526.086,-0.18439,-0.188594,10.1856,932.361,511.731,-0.890577,-0.075629,10.2156,826.9,528.697,-0.179372,-0.121027,9.95693,932.496,521.442,-1.00987,0.145854,10.2018,808.867,561.828,-0.29695,1.0608,9.94309,914.404,702.885,-0.648417,1.04539,10.4238,865.028,693.116,-0.260026,1.06894,10.0122,920.349,703.002,-0.7262,1.0394,10.4329,853.727,692.106,-0.387602,1.03814,10.145,901.668,696.233,-0.753742,0.904669,10.5605,851.03,670.789,-0.278488,1.06487,9.97766,917.387,702.943,-0.687308,1.0424,10.4283,859.375,692.611
114,3.8038,1,629.674,603.849,-1.73093,0.342851,8.66875,655.147,600.383,-1.68909,0.354659,8.60141,660.186,602.952,-1.77276,0.331043,8.73609,650.186,597.854,-1.94326,0.111337,8.46343,609.446,560.085,-2.03427,0.0121164,8.37543,589.174,542.209,-1.82813,0.70169,8.49739,631.534,666.075,-1.85036,0.681215,8.88421,642.015,657.067,-1.69194,1.01245,8.65137,661.414,718.673,-1.54848,0.796497,9.06511,699.204,674.147,-1.77723,1.10129,8.53496,642.085,737.002,-1.57842,0.948896,9.13381,696.161,698.612,-2.2057,-0.0300039,8.25739,552.176,534.452,-1.89881,0.104762,8.26379,609.191,559.355,-2.10068,-0.001176,8.55105,584.933,539.79,-1.93101,0.0944937,8.24016,602.218,557.508,-2.13192,-0.0109626,8.52925,578.382,538.038,-1.78088,0.298064,8.39744,636.214,594.192,-1.98156,0.15552,8.73097,613.492,567.195,-1.75454,0.315459,8.40994,641.477,597.269,-1.96059,0.151494,8.76254,618.394,566.396,-1.81691,0.289425,8.39816,629.692,592.616,-1.99279,0.171009,8.70335,610.421,569.999,-1.96368,0.425839,8.48628,606.717,616.612,-1.96687,0.392404,8.74355,616.556,608.519,-1.81577,1.10045,8.54229,635.469,736.683,-1.5832,0.975542,9.10558,694.541,703.571,-1.73869,1.10213,8.52763,648.712,737.321,-1.57363,0.92225,9.16203,697.772,693.683,-1.65726,1.04634,8.68356,668.619,723.968,-1.49575,0.778104,9.08128,708.533,670.816,-1.77723,1.10129,8.53496,642.085,737.002,-1.57842,0.948896,9.13381,696.161,698.612
114,3.8038,2,883.533,568.28,-0.526191,0.230214,10.2118,881.33,574.419,-0.454025,0.230402,10.2495,892.369,574.32,-0.598357,0.230027,10.1742,870.21,574.518,-0.52453,-0.159381,10.1766,881.307,516.089,-0.523818,-0.32635,10.1615,881.297,490.966,-0.34708,0.587778,10.0628,907.34,629.179,-0.602553,0.644888,10.2174,869.963,636.363,-0.339797,0.986878,10.0519,908.389,689.894,-0.701292,0.926152,10.486,857.893,674.847,-0.247892,1.06216,9.91451,921.827,703.564,-0.668348,1.04915,10.3678,861.579,694.497,-0.487426,-0.479486,10.0233,885.755,466.964,-0.361644,-0.301993,10.2543,906.155,495.037,-0.695243,-0.263538,10.125,855.164,500.261,-0.368583,-0.34298,10.2332,905.009,488.829,-0.690317,-0.299627,10.1042,855.692,494.726,-0.121886,-0.176706,10.1938,941.745,513.534,-0.883933,-0.0519947,10.1474,827.006,532.177,-0.0894056,-0.162316,10.2016,946.62,515.708,-0.915311,-0.0494075,10.1748,822.655,532.586,-0.152679,-0.179546,10.1699,937.079,513.046,-0.860865,-0.0402647,10.1267,830.211,533.929,-0.12919,-0.12092,9.9335,940.144,521.415,-0.977886,0.182583,10.0665,811.687,567.692,-0.266763,1.05818,9.88014,918.778,703.519,-0.629802,1.05211,10.3609,867.194,695.037,-0.229022,1.06614,9.94887,924.854,703.61,-0.706893,1.04618,10.3747,855.973,693.957,-0.354252,1.03258,10.0828,906.358,696.356,-0.723445,0.951506,10.5364,855.17,677.876,-0.247892,1.06216,9.91451,921.827,703.564,-0.668348,1.04915,10.3678,861.579,694.497
115,3.83717,1,624.09,599.595,-1.77672,0.314425,8.73957,649.617,594.928,-1.73143,0.324776,8.67311,655.211,597.171,-1.82201,0.304075,8.80602,644.107,592.719,-1.99047,0.0814229,8.53023,603.742,554.573,-2.08208,-0.0184354,8.44052,583.385,536.665,-1.82993,0.698403,8.60886,635.468,663.86,-1.93254,0.670144,8.8909,628.142,655.078,-1.69349,1.01257,8.76181,664.908,716.442,-1.6448,0.832629,9.06404,682.948,680.249,-1.78946,1.1049,8.65566,644.362,734.891,-1.6916,0.991051,9.10399,676.316,706.201,-2.25087,-0.0660638,8.3217,547.041,527.88,-1.94794,0.074959,8.32509,602.764,553.747,-2.15118,-0.0282366,8.61687,578.85,534.997,-1.9804,0.0644432,8.30288,595.838,551.85,-2.18176,-0.0376647,8.59467,572.433,533.309,-1.82185,0.266509,8.46131,631.267,588.089,-2.0264,0.132552,8.79541,608.248,563.009,-1.79672,0.284423,8.47435,636.3,591.242,-2.00507,0.130751,8.82681,613.188,562.616,-1.85798,0.256532,8.46172,624.764,586.286,-2.03829,0.146518,8.76666,605.022,565.517,-2.01536,0.380589,8.55068,600.151,607.956,-2.01629,0.371353,8.78857,609.729,604.512,-1.82737,1.10262,8.66559,638.044,734.267,-1.69539,1.01281,9.07169,674.669,710.454,-1.75154,1.10717,8.64573,650.694,735.516,-1.68781,0.969295,9.13628,677.952,701.978,-1.65784,1.04633,8.79308,672.147,721.676,-1.59212,0.82151,9.08652,692.485,678.034,-1.78946,1.1049,8.65566,644.362,734.891,-1.6916,0.991051,9.10399,676.316,706.201
115,3.83717,2,886.972,569.551,-0.50466,0.240482,10.2855,885.09,575.697,-0.43317,0.241465,10.3209,895.922,575.72,-0.57615,0.239498,10.2501,874.183,575.673,-0.504287,-0.147886,10.2457,884.854,517.963,-0.504127,-0.314329,10.2287,884.753,493.082,-0.325455,0.592685,10.1222,910.911,629.396,-0.585648,0.650334,10.3245,873.397,636.169,-0.310939,0.995046,10.1042,913.017,690.353,-0.663283,0.966006,10.5664,864.161,679.58,-0.223462,1.0665,9.961,925.749,703.465,-0.64265,1.056,10.4195,865.833,694.735,-0.470008,-0.472515,10.0915,888.892,468.512,-0.34698,-0.28856,10.3282,908.708,497.344,-0.675859,-0.246869,10.1875,858.712,503.003,-0.351568,-0.329522,10.3062,907.919,491.185,-0.671074,-0.283594,10.167,859.226,497.413,-0.10081,-0.155315,10.2992,945.056,516.976,-0.853209,-0.0172869,10.1898,832.162,537.41,-0.0701009,-0.139432,10.3095,949.619,519.351,-0.884603,-0.0122584,10.2173,827.816,538.168,-0.128781,-0.160542,10.2717,940.859,516.138,-0.830347,-0.00747168,10.1689,835.332,538.878,-0.0843796,-0.114749,10.0313,947.158,522.535,-0.950055,0.220985,10.1043,816.448,573.391,-0.243753,1.06198,9.92752,922.513,703.322,-0.604988,1.05665,10.4083,871.257,694.996,-0.20317,1.07101,9.99448,928.964,703.607,-0.680313,1.05535,10.4306,860.421,694.475,-0.323591,1.04172,10.1346,911.251,696.933,-0.680271,1.00244,10.612,862.129,684.221,-0.223462,1.0665,9.961,925.749,703.465,-0.64265,1.056,10.4195,865.833,694.735
116,3.87053,2,890.522,570.547,-0.474771,0.248652,10.2898,889.556,576.894,-0.4028,0.250481,10.3205,900.412,577.055,-0.546741,0.246824,10.2592,878.635,576.732,-0.479956,-0.141521,10.252,888.524,518.924,-0.482178,-0.308738,10.2358,888.079,493.949,-0.304009,0.598437,10.124,914.154,630.247,-0.564173,0.646827,10.3547,876.815,635.372,-0.274035,0.993653,10.085,918.514,690.428,-0.62002,0.983974,10.5626,870.381,682.226,-0.189786,1.04801,9.93402,930.832,701.068,-0.608916,1.056,10.4048,870.651,694.952,-0.452162,-0.462929,10.0919,891.594,469.966,-0.334699,-0.278822,10.3449,910.603,498.85,-0.651095,-0.23359,10.1966,862.511,505.024,-0.334574,-0.320185,10.3226,910.515,492.643,-0.648678,-0.271698,10.1766,862.681,499.238,-0.106259,-0.134129,10.3958,944.395,520.301,-0.800648,0.00790691,10.178,839.899,541.186,-0.0809965,-0.117293,10.4129,948.124,522.802,-0.827868,0.0186838,10.2078,836.178,542.794,-0.125709,-0.140411,10.3621,941.478,519.312,-0.780212,0.0129488,10.1544,842.692,541.947,-0.0340891,-0.0957224,10.1431,954.869,525.592,-0.892058,0.236153,10.0792,824.875,575.771,-0.211788,1.0421,9.90189,927.345,700.68,-0.572143,1.05483,10.3911,875.936,694.984,-0.167784,1.05392,9.96615,934.296,701.453,-0.645689,1.05717,10.4185,865.379,694.92,-0.282974,1.04287,10.1126,917.278,697.447,-0.633393,1.02556,10.6041,868.805,687.659,-0.189786,1.04801,9.93402,930.832,701.068,-0.608916,1.056,10.4048,870.651,694.952
116,3.87053,1,618.359,596.146,-1.79051,0.290418,8.65589,644.184,591.225,-1.73961,0.297801,8.59321,650.923,592.91,-1.84141,0.283035,8.71858,637.542,589.564,-2.00381,0.0520076,8.44825,597.875,549.399,-2.09522,-0.0501682,8.35926,577.325,530.837,-1.79921,0.681462,8.51735,637.488,662.154,-1.97775,0.654029,8.73518,614.324,654.313,-1.66632,0.993537,8.67767,666.826,714.803,-1.74501,0.887413,8.91157,661.041,692.034,-1.74201,1.10181,8.568,649.586,736.334,-1.83517,1.03092,8.9158,645.742,716.536,-2.26387,-0.105547,8.24593,540.839,520.458,-1.95941,0.0367185,8.24025,596.96,546.803,-2.1642,-0.0495784,8.53613,572.916,531.133,-1.99241,0.0247543,8.21921,589.902,544.598,-2.19415,-0.0605478,8.51318,566.501,529.141,-1.83134,0.231728,8.36845,625.887,582.277,-2.03952,0.107072,8.71843,602.843,558.75,-1.80735,0.250076,8.381,630.759,585.556,-2.01727,0.104044,8.74865,607.96,558.157,-1.86677,0.220228,8.36992,619.483,580.172,-2.05257,0.122177,8.69138,599.44,561.462,-2.02794,0.330356,8.46619,594.291,599.575,-2.03353,0.344808,8.72796,604.282,600.316,-1.78081,1.10214,8.57329,642.869,736.271,-1.83726,1.04716,8.88039,644.131,720.031,-1.70322,1.10148,8.56271,656.311,736.397,-1.83309,1.01468,8.95122,647.341,713.068,-1.63271,1.02313,8.71395,673.937,719.26,-1.69657,0.893039,8.94349,670.377,692.452,-1.74201,1.10181,8.568,649.586,736.334,-1.83517,1.03092,8.9158,645.742,716.536
117,3.9039,1,613.007,593.594,-1.82655,0.281627,8.65643,637.848,589.671,-1.77341,0.287684,8.59576,645.013,591.098,-1.87969,0.275569,8.71711,630.782,588.264,-2.03597,0.0291504,8.45718,592.451,545.262,-2.12573,-0.0790538,8.37179,572.334,525.583,-1.79867,0.677424,8.5335,638.195,661.2,-2.01966,0.643412,8.67824,604.683,653.195,-1.65344,0.975273,8.70019,669.846,711.146,-1.85444,0.939526,8.82737,639.262,702.498,-1.71403,1.10258,8.59973,655.699,735.747,-1.97768,1.04788,8.78716,616.382,722.067,-2.29439,-0.143693,8.26182,536.005,513.446,-1.99234,0.00175333,8.24778,591.196,540.325,-2.19399,-0.0700905,8.54882,568.171,527.482,-2.02533,-0.0114394,8.22791,584.185,537.877,-2.22364,-0.0828654,8.5259,561.806,525.161,-1.86072,0.200851,8.3637,620.335,576.664,-2.07668,0.0908824,8.73064,596.845,555.893,-1.83768,0.220009,8.37525,625.003,580.106,-2.05593,0.0902065,8.76149,601.74,555.719,-1.89557,0.188068,8.36622,614.076,574.321,-2.08882,0.103997,8.70198,593.519,558.246,-2.05862,0.28791,8.46034,588.501,591.956,-2.07729,0.324383,8.71895,596.252,596.802,-1.75283,1.10595,8.60374,648.957,736.254,-1.97706,1.05641,8.7491,614.995,724.347,-1.67523,1.09921,8.59572,662.448,735.24,-1.9783,1.03935,8.82523,617.757,719.806,-1.61916,0.998556,8.73914,677.128,714.451,-1.81556,0.964131,8.86302,647.25,706.082,-1.71403,1.10258,8.59973,655.699,735.747,-1.97768,1.04788,8.78716,616.382,722.067
117,3.9039,2,894.459,570.192,-0.450573,0.24904,10.4081,893.906,576.531,-0.374188,0.252159,10.4319,905.236,576.905,-0.526957,0.24592,10.3844,882.524,576.156,-0.459297,-0.146831,10.3791,892.438,518.401,-0.463036,-0.316489,10.3667,891.806,493.389,-0.282653,0.606235,10.2487,917.893,630.311,-0.550014,0.646514,10.4636,879.747,634.333,-0.243029,0.99371,10.2003,923.624,688.736,-0.594673,0.992527,10.6456,874.714,682.345,-0.15515,1.02755,10.0475,936.424,696.14,-0.584757,1.06672,10.4877,874.874,695.289,-0.439942,-0.469615,10.2231,894.298,469.866,-0.307889,-0.282311,10.4612,915.065,498.798,-0.634907,-0.239522,10.3438,866.287,504.646,-0.307119,-0.323067,10.4399,915.086,492.754,-0.635535,-0.278341,10.325,866.024,498.842,-0.104934,-0.114649,10.5223,944.774,523.365,-0.74581,0.0122498,10.3066,849.52,541.815,-0.0849806,-0.0945796,10.544,947.695,526.305,-0.76544,0.0322638,10.3369,846.945,544.765,-0.117017,-0.123679,10.4867,942.964,521.994,-0.729085,0.00938523,10.2796,851.714,541.394,0.0165074,-0.0691998,10.2978,962.447,529.74,-0.813817,0.225173,10.1765,837.905,573.782,-0.177121,1.01942,10.0158,933.001,695.394,-0.548255,1.06507,10.4733,880.078,695.261,-0.133178,1.03568,10.0791,939.827,696.881,-0.621259,1.06837,10.5021,869.684,695.316,-0.250008,1.04551,10.224,922.666,696.126,-0.606639,1.03432,10.6863,873.329,687.774,-0.15515,1.02755,10.0475,936.424,696.14,-0.584757,1.06672,10.4877,874.874,695.289
118,3.93727,1,607.987,591.187,-1.86865,0.277482,8.67134,630.989,588.856,-1.81346,0.282182,8.61171,638.495,590.028,-1.92383,0.272782,8.73097,623.587,587.7,-2.07147,0.00781707,8.48254,587.162,541.407,-2.15839,-0.107754,8.40163,567.775,520.419,-1.80594,0.675268,8.57974,638.635,660.163,-2.05913,0.637126,8.66358,597.126,652.279,-1.65304,0.968587,8.74438,671.382,709.114,-1.97808,0.986738,8.75003,614.854,712.172,-1.70549,1.10621,8.64998,658.975,735.25,-2.12486,1.05172,8.6914,586.741,724.747,-2.32917,-0.18227,8.29955,531.534,506.47,-2.02706,-0.0353951,8.271,585.823,533.466,-2.22395,-0.092801,8.57984,564.255,523.486,-2.0607,-0.0507408,8.25321,578.793,530.613,-2.25299,-0.107554,8.5579,558.06,520.812,-1.89933,0.177011,8.36147,613.194,572.321,-2.10436,0.0726768,8.75395,592.984,552.675,-1.87577,0.197835,8.36962,617.829,576.088,-2.08139,0.0727912,8.78337,598.205,552.653,-1.93283,0.162318,8.36896,607.394,569.612,-2.11907,0.0854514,8.72616,589.241,554.951,-2.088,0.257873,8.48562,584.321,586.397,-2.11626,0.30905,8.7441,590.493,593.961,-1.74409,1.11155,8.6539,652.301,736.104,-2.125,1.05364,8.65241,585.034,725.919,-1.66688,1.10087,8.64607,665.656,734.396,-2.12472,1.0498,8.73039,588.432,723.586,-1.61817,0.988405,8.78374,678.736,711.801,-1.94916,1.02686,8.77973,621.049,718.566,-1.70549,1.10621,8.64998,658.975,735.25,-2.12486,1.05172,8.6914,586.741,724.747
118,3.93727,2,899.284,567.905,-0.417672,0.227891,10.4065,898.723,573.434,-0.342323,0.231015,10.4289,909.885,573.82,-0.493021,0.224766,10.3841,887.512,573.047,-0.428929,-0.165721,10.3711,896.856,515.604,-0.433753,-0.334411,10.3559,896.052,490.698,-0.252487,0.596012,10.2621,922.436,628.672,-0.512173,0.632031,10.438,885.085,632.447,-0.211596,0.982728,10.2103,928.36,686.948,-0.554299,0.986423,10.6027,880.182,682.042,-0.10619,1.01394,10.0686,943.898,693.749,-0.541862,1.06153,10.445,880.796,695.164,-0.411883,-0.479042,10.2041,898.374,468.325,-0.274669,-0.299225,10.4467,919.858,496.269,-0.603124,-0.249331,10.3378,870.927,503.177,-0.272102,-0.338593,10.4251,920.151,490.413,-0.606279,-0.287708,10.3182,870.29,497.429,-0.0975283,-0.0973638,10.5108,945.833,525.857,-0.673355,0.0163752,10.2822,860.017,542.431,-0.0841625,-0.0738503,10.5355,947.804,529.298,-0.685805,0.0467373,10.3055,858.399,546.924,-0.10261,-0.108319,10.4748,945.044,524.212,-0.659402,0.00229418,10.2548,861.827,540.342,0.0580129,-0.0248996,10.3157,968.586,536.315,-0.700829,0.179511,10.0834,853.885,567.18,-0.124252,1.00551,10.0347,941.095,692.985,-0.50527,1.0594,10.431,886.045,695.06,-0.0881281,1.02238,10.1026,946.682,694.507,-0.578453,1.06366,10.459,875.561,695.267,-0.221368,1.03496,10.2321,926.969,694.428,-0.566076,1.02845,10.643,878.795,687.533,-0.10619,1.01394,10.0686,943.898,693.749,-0.541862,1.06153,10.445,880.796,695.164
119,3.97063,1,603.593,590.807,-1.90464,0.281995,8.67321,624.724,589.64,-1.85027,0.286721,8.61272,632.007,590.826,-1.95902,0.277269,8.73371,617.541,588.47,-2.0994,-0.00453835,8.49953,582.889,539.185,-2.18287,-0.127338,8.4251,564.432,516.924,-1.81793,0.681034,8.61586,637.857,660.681,-2.09591,0.642781,8.6689,590.872,653.206,-1.64833,0.959113,8.80067,674.046,706.389,-2.10723,1.01623,8.68489,589.562,718.647,-1.69627,1.1082,8.72182,663.068,733.989,-2.26808,1.03813,8.62569,558.547,723.75,-2.35389,-0.208328,8.3293,528.534,501.814,-2.05231,-0.0568373,8.28981,582.021,529.532,-2.24765,-0.100752,8.60607,561.257,522.126,-2.08475,-0.0729548,8.27298,575.266,526.536,-2.2763,-0.117539,8.58516,555.19,519.097,-1.92074,0.151655,8.38929,610.447,567.6,-2.12338,0.0734684,8.7713,590.398,552.788,-1.89734,0.171417,8.39989,615.141,571.157,-2.0997,0.075367,8.80018,595.72,553.076,-1.95534,0.137773,8.39363,604.334,565.06,-2.13908,0.0845964,8.74314,586.468,554.772,-2.11536,0.23315,8.49679,579.9,581.894,-2.14052,0.305538,8.7496,586.491,593.315,-1.73462,1.11447,8.72697,656.535,734.972,-2.26994,1.03358,8.58694,556.405,723.77,-1.65793,1.10192,8.71667,669.608,733.005,-2.26623,1.04269,8.66444,560.67,723.731,-1.61208,0.973862,8.84139,681.622,708.169,-2.0885,1.06704,8.70461,593.685,727.154,-1.69627,1.1082,8.72182,663.068,733.989,-2.26808,1.03813,8.62569,558.547,723.75
119,3.97063,2,905.219,565.145,-0.379911,0.204413,10.4245,904.359,569.938,-0.304135,0.207793,10.4461,915.549,570.37,-0.455687,0.201033,10.403,893.123,569.504,-0.390904,-0.184581,10.3907,902.563,512.879,-0.395615,-0.351292,10.3761,901.789,488.311,-0.213607,0.575443,10.2736,928.256,625.516,-0.466254,0.616941,10.4068,891.597,630.509,-0.179328,0.967473,10.2305,933.238,684.381,-0.50802,0.981328,10.558,886.537,681.907,-0.0739621,1.01653,10.0935,948.812,693.761,-0.500766,1.05714,10.4005,886.489,695.185,-0.38089,-0.493626,10.2225,903.113,466.276,-0.232331,-0.314628,10.4626,926.097,494.088,-0.564876,-0.265214,10.3519,876.689,500.885,-0.229996,-0.35323,10.441,926.368,488.348,-0.566668,-0.304693,10.3337,876.278,494.983,-0.0786243,-0.0916156,10.5155,948.584,526.698,-0.599358,-0.00762498,10.253,870.751,538.865,-0.0715052,-0.067095,10.5426,949.645,530.283,-0.610386,0.0265965,10.2691,869.251,543.954,-0.0787063,-0.101402,10.4806,948.535,525.228,-0.584535,-0.0271006,10.23,872.763,535.955,0.0879691,0.0254554,10.354,972.971,543.754,-0.58635,0.119216,10.0278,870.727,558.151,-0.0907192,1.00942,10.0587,946.23,693.214,-0.464648,1.05543,10.3855,891.693,695.158,-0.057205,1.02364,10.1283,951.377,694.304,-0.536884,1.05885,10.4154,881.301,695.212,-0.192504,1.01781,10.2547,931.339,691.536,-0.519447,1.02387,10.598,885.168,687.499,-0.0739621,1.01653,10.0935,948.812,693.761,-0.500766,1.05714,10.4005,886.489,695.185
