frame,time,id,pose_cx,pose_cy,pelvis_x,pelvis_y,pelvis_z,pelvis_u,pelvis_v,left_hip_x,left_hip_y,left_hip_z,left_hip_u,left_hip_v,right_hip_x,right_hip_y,right_hip_z,right_hip_u,right_hip_v,spine3_x,spine3_y,spine3_z,spine3_u,spine3_v,neck_x,neck_y,neck_z,neck_u,neck_v,left_knee_x,left_knee_y,left_knee_z,left_knee_u,left_knee_v,right_knee_x,right_knee_y,right_knee_z,right_knee_u,right_knee_v,left_ankle_x,left_ankle_y,left_ankle_z,left_ankle_u,left_ankle_v,right_ankle_x,right_ankle_y,right_ankle_z,right_ankle_u,right_ankle_v,left_foot_x,left_foot_y,left_foot_z,left_foot_u,left_foot_v,right_foot_x,right_foot_y,right_foot_z,right_foot_u,right_foot_v,head_x,head_y,head_z,head_u,head_v,left_shoulder_x,left_shoulder_y,left_shoulder_z,left_shoulder_u,left_shoulder_v,right_shoulder_x,right_shoulder_y,right_shoulder_z,right_shoulder_u,right_shoulder_v,left_acromion_x,left_acromion_y,left_acromion_z,left_acromion_u,left_acromion_v,right_acromion_x,right_acromion_y,right_acromion_z,right_acromion_u,right_acromion_v,left_elbow_x,left_elbow_y,left_elbow_z,left_elbow_u,left_elbow_v,right_elbow_x,right_elbow_y,right_elbow_z,right_elbow_u,right_elbow_v,left_olecranon_x,left_olecranon_y,left_olecranon_z,left_olecranon_u,left_olecranon_v,right_olecranon_x,right_olecranon_y,right_olecranon_z,right_olecranon_u,right_olecranon_v,left_cubital_fossa_x,left_cubital_fossa_y,left_cubital_fossa_z,left_cubital_fossa_u,left_cubital_fossa_v,right_cubital_fossa_x,right_cubital_fossa_y,right_cubital_fossa_z,right_cubital_fossa_u,right_cubital_fossa_v,left_wrist_x,left_wrist_y,left_wrist_z,left_wrist_u,left_wrist_v,right_wrist_x,right_wrist_y,right_wrist_z,right_wrist_u,right_wrist_v,left_big_toe_tip_x,left_big_toe_tip_y,left_big_toe_tip_z,left_big_toe_tip_u,left_big_toe_tip_v,right_big_toe_tip_x,right_big_toe_tip_y,right_big_toe_tip_z,right_big_toe_tip_u,right_big_toe_tip_v,left_small_toe_tip_x,left_small_toe_tip_y,left_small_toe_tip_z,left_small_toe_tip_u,left_small_toe_tip_v,right_small_toe_tip_x,right_small_toe_tip_y,right_small_toe_tip_z,right_small_toe_tip_u,right_small_toe_tip_v,left_heel_x,left_heel_y,left_heel_z,left_heel_u,left_heel_v,right_heel_x,right_heel_y,right_heel_z,right_heel_u,right_heel_v,left_toe_x,left_toe_y,left_toe_z,left_toe_u,left_toe_v,right_toe_x,right_toe_y,right_toe_z,right_toe_u,right_toe_v
0,0,1,125.249,699.757,-0.858012,0.24129,4.91823,98.0448,713.667,-0.910142,0.233427,4.9738,85.234,710.47,-0.805882,0.249152,4.86266,111.148,716.937,-0.740627,-0.119108,4.98516,136.919,604.124,-0.690319,-0.273564,5.01385,153.261,558.072,-0.940567,0.569593,5.23944,90.4451,803.238,-0.595745,0.618789,4.92356,178.313,828.715,-1.11401,0.944056,5.23833,40.6703,910.612,-0.606978,1.02064,4.83359,171.442,957.061,-1.06433,1.0247,5.3899,63.49,925.47,-0.441057,1.07863,4.86223,223.792,973.105,-0.557698,-0.35317,5.14866,197.352,537.001,-0.847055,-0.248921,5.09738,110.479,566.674,-0.596339,-0.218597,4.86324,175.876,572.507,-0.824661,-0.278007,5.11959,118.129,558.461,-0.571178,-0.246339,4.88202,184.323,564.234,-0.964391,-0.00255811,5.12313,77.3424,639.25,-0.610123,0.0315808,4.7553,167.344,649.972,-0.995055,0.00504744,5.1027,67.1873,641.485,-0.629234,0.0436819,4.72403,159.994,653.885,-0.940694,0.00608218,5.13875,85.1259,641.777,-0.595911,0.0355247,4.78321,172.93,651.152,-1.02098,0.24847,5.20843,65.6583,711.632,-0.531196,0.288663,4.769,192.748,730.888,-1.02545,1.02905,5.39102,74.3804,926.621,-0.43209,1.07438,4.89995,227.589,969.237,-1.10321,1.02036,5.38878,52.595,924.319,-0.450024,1.08288,4.8245,219.936,977.033,-1.14646,0.984744,5.211,29.6444,923.756,-0.635019,1.06832,4.81246,161.864,973.333,-1.06433,1.0247,5.3899,63.49,925.47,-0.441057,1.07863,4.86223,223.792,973.105
0,0,2,494.981,734.649,0.743256,0.460631,6.8506,522.912,740.964,0.739713,0.470954,6.77147,524.03,744.433,0.7468,0.450307,6.92972,521.82,737.574,0.560811,0.12712,6.85536,482.837,667.844,0.482621,-0.0158132,6.8574,465.679,636.537,0.660823,0.880662,6.81943,505.506,833.911,0.547541,0.749037,7.14753,475.028,797.358,1.05154,0.987965,6.77782,592.959,858.874,0.700915,1.10915,7.26114,504.945,869.365,1.0543,1.16334,6.77291,593.74,897.914,0.559779,1.14867,7.35435,474.292,874.526,0.306563,-0.0947968,6.82601,427.437,619.147,0.51643,0.0146327,6.67919,476.1,643.29,0.503204,0.0530711,7.03498,467.405,651.328,0.482112,-0.0103371,6.68082,468.358,637.677,0.472501,0.0220481,7.0362,460.834,644.705,0.558826,0.28695,6.58788,487.372,705.404,0.435854,0.33457,7.06564,452.626,711.101,0.591424,0.298874,6.57155,495.137,708.291,0.46275,0.360461,7.07978,458.145,716.451,0.53205,0.292402,6.60319,480.988,706.492,0.411634,0.326784,7.05045,447.667,709.596,0.491937,0.548893,6.53809,472.98,766.061,0.297762,0.572142,7.07364,423.208,761.452,1.04252,1.17679,6.80777,589.943,899.559,0.529051,1.15494,7.33108,468.361,876.556,1.06609,1.14989,6.73804,597.577,896.251,0.590508,1.14239,7.37763,480.185,872.51,1.10644,0.970051,6.7676,605.492,855.23,0.741629,1.15289,7.26837,513.212,878.174,1.0543,1.16334,6.77291,593.74,897.914,0.559779,1.14867,7.35435,474.292,874.526
1,0.0333333,1,140.671,702.244,-0.805083,0.255977,4.92122,114.354,718.104,-0.857811,0.248711,4.97704,101.201,715.036,-0.752356,0.263243,4.8654,127.808,721.242,-0.697569,-0.10906,4.98515,149.887,607.15,-0.651492,-0.265505,5.01254,164.839,560.465,-0.897853,0.572148,5.25765,103.577,803.403,-0.521489,0.619956,4.93183,201.226,828.754,-1.09663,0.93721,5.25347,46.557,907.876,-0.530394,1.0229,4.83388,195.242,957.747,-1.04849,1.01626,5.40556,68.7503,922.299,-0.364185,1.08125,4.86028,247.487,974.046,-0.521807,-0.350332,5.14783,207.795,537.812,-0.808135,-0.2373,5.09633,121.895,570.083,-0.555832,-0.210616,4.86149,188.321,574.948,-0.786319,-0.267143,5.11793,129.3,561.622,-0.53148,-0.23876,4.8801,196.469,566.536,-0.919373,0.0111488,5.12337,90.5496,643.268,-0.573982,0.0402303,4.75731,178.833,652.698,-0.948655,0.020213,5.10166,80.7845,645.949,-0.592268,0.0524141,4.72566,171.809,656.654,-0.896285,0.0186418,5.14039,98.1862,645.445,-0.560932,0.0439978,4.78584,184.007,653.804,-0.973151,0.261039,5.21292,79.6876,715.191,-0.503445,0.298732,4.78057,201.87,733.831,-1.00977,1.02187,5.40615,79.5369,923.824,-0.354932,1.07737,4.89797,251.189,970.286,-1.08721,1.01066,5.40496,57.9614,920.773,-0.373438,1.08513,4.82259,243.726,977.865,-1.13196,0.976852,5.22717,34.8338,920.611,-0.558397,1.07058,4.81212,185.759,974.062,-1.04849,1.01626,5.40556,68.7503,922.299,-0.364185,1.08125,4.86028,247.487,974.046
1,0.0333333,2,503.224,731.973,0.796545,0.443157,6.85808,534.401,737.028,0.79384,0.444584,6.77993,535.813,738.463,0.79925,0.441729,6.93623,533.022,735.626,0.601769,0.119107,6.89398,491.07,665.942,0.518294,-0.0197711,6.90937,472.637,635.703,0.613539,0.818171,6.77992,495.881,821.202,0.648496,0.78315,7.11728,496.816,805.224,0.983254,0.973878,6.73322,579.273,857.182,0.820641,1.12232,7.2527,529.901,872.359,0.936507,1.1399,6.72264,569.177,894.607,0.66856,1.16237,7.32306,497.085,878.339,0.33993,-0.0976712,6.89029,434.079,618.715,0.560636,-0.0163883,6.73116,485.064,636.344,0.531515,0.0706162,7.07877,472.746,654.979,0.5256,-0.039243,6.73455,477.19,631.25,0.501411,0.0385211,7.08082,466.329,648.169,0.627559,0.23191,6.60687,502.627,692.707,0.455854,0.345687,7.10318,456.364,713.076,0.66199,0.237606,6.59099,510.815,694.131,0.481348,0.370872,7.12076,461.502,718.206,0.601343,0.242288,6.61954,496.407,694.96,0.433823,0.338615,7.08542,451.937,711.76,0.595973,0.487495,6.51537,497.35,752.35,0.323451,0.58487,7.10196,428.387,763.658,0.922076,1.15102,6.75732,564.897,895.771,0.642201,1.17008,7.29531,492.181,880.832,0.950937,1.12878,6.68796,573.502,893.431,0.694919,1.15466,7.35081,501.952,875.864,1.04131,0.969375,6.72237,592.596,856.527,0.861708,1.1635,7.2686,538.013,880.359,0.936507,1.1399,6.72264,569.177,894.607,0.66856,1.16237,7.32306,497.085,878.339
2,0.0666667,1,155.086,704.747,-0.754451,0.270543,4.91615,129.565,722.633,-0.807328,0.264324,4.97237,116.203,719.821,-0.701574,0.276763,4.85993,143.237,725.511,-0.65446,-0.100329,4.97706,162.552,609.731,-0.611607,-0.259274,5.00316,176.443,562.186,-0.851831,0.581802,5.25496,116.597,806.245,-0.456005,0.618335,4.93512,221.256,828.135,-1.06905,0.93454,5.25285,54.4052,907.144,-0.45545,1.02167,4.84399,218.818,956.701,-1.027,1.02329,5.40247,74.5548,924.412,-0.289934,1.08326,4.87001,270.605,974.001,-0.484817,-0.344565,5.13895,218.341,539.321,-0.767359,-0.231362,5.0877,133.525,571.717,-0.517811,-0.20333,4.85038,199.698,577.054,-0.745902,-0.260943,5.10886,140.77,563.305,-0.49336,-0.231467,4.86804,207.822,568.604,-0.877176,0.0171874,5.10977,102.233,645.051,-0.547483,0.043828,4.7421,186.643,653.878,-0.906454,0.0262526,5.08804,92.4913,647.748,-0.569067,0.0548478,4.71213,178.662,657.478,-0.853736,0.0246654,5.12673,109.951,647.224,-0.531597,0.0485337,4.76896,192.621,655.281,-0.925727,0.267407,5.19657,92.5094,717.268,-0.477249,0.301856,4.74863,209.09,735.45,-0.988685,1.03123,5.40294,85.2295,926.595,-0.280362,1.07931,4.90762,274.219,970.232,-1.06532,1.01534,5.40199,63.8783,922.227,-0.299506,1.08722,4.8324,266.935,977.828,-1.10689,0.970718,5.226,41.9643,918.911,-0.483926,1.0691,4.82291,209.335,972.853,-1.027,1.02329,5.40247,74.5548,924.412,-0.289934,1.08326,4.87001,270.605,974.001
2,0.0666667,2,510.446,727.425,0.842404,0.423991,6.80606,545.852,733.541,0.83237,0.425006,6.72678,545.803,734.87,0.852438,0.422976,6.88534,545.9,732.243,0.631451,0.111586,6.84911,498.436,664.463,0.541042,-0.0223025,6.86757,478.296,635.124,0.584283,0.754965,6.75384,489.902,807.849,0.706015,0.75398,7.08571,509.614,799.779,0.883998,1.00482,6.69813,558.171,865.256,0.917184,1.08177,7.1388,552.918,867.538,0.789408,1.14915,6.68536,537.304,898.104,0.792982,1.15562,7.23291,524.624,879.908,0.36289,-0.100095,6.8459,439.595,618.045,0.594428,-0.0263129,6.69505,493.318,634.099,0.553432,0.0736113,7.03428,478.137,655.713,0.558595,-0.0482069,6.69645,485.255,629.19,0.521933,0.0424917,7.03642,471.38,649.068,0.696652,0.203835,6.55886,519.489,686.665,0.499787,0.35339,7.06598,466.208,715.097,0.732731,0.205854,6.54687,528.056,687.214,0.526781,0.378889,7.07955,471.729,720.362,0.670067,0.216998,6.56722,513.207,689.615,0.474912,0.345654,7.05101,461.136,713.609,0.693746,0.450857,6.44295,521.681,745.074,0.358398,0.586169,7.07148,436.102,764.467,0.773915,1.15796,6.72018,532.924,898.735,0.761801,1.16323,7.21079,518.636,882.228,0.804901,1.14034,6.65055,541.73,897.466,0.824162,1.14801,7.25502,530.575,877.602,0.939774,1.01701,6.68547,571.074,868.42,0.964951,1.11664,7.13831,562.98,874.888,0.789408,1.14915,6.68536,537.304,898.104,0.792982,1.15562,7.23291,524.624,879.908
3,0.1,1,167.044,705.863,-0.709232,0.273398,4.87514,141.554,724.208,-0.762304,0.267491,4.93304,127.964,721.421,-0.656161,0.279305,4.81724,155.471,727.061,-0.612974,-0.0973206,4.93714,173.573,610.401,-0.57172,-0.2562,4.96371,187.05,562.498,-0.804721,0.58177,5.21794,128.426,807.415,-0.402551,0.614937,4.88631,236.296,828.97,-1.0324,0.921591,5.20498,62.1684,905.865,-0.384527,1.01326,4.79948,239.697,957.008,-0.979194,1.01944,5.34328,84.8286,926.48,-0.217512,1.07167,4.82386,292.293,973.587,-0.451115,-0.345335,5.10227,227.24,538.371,-0.723982,-0.222608,5.05133,144.789,573.827,-0.482341,-0.203323,4.80651,209.316,576.482,-0.702552,-0.252737,5.07212,152.015,565.179,-0.457551,-0.23147,4.82356,217.566,567.944,-0.838305,0.0225812,5.07619,112.026,646.68,-0.519723,0.0409272,4.6957,193.806,653.087,-0.867953,0.0320946,5.05542,102.201,649.533,-0.542933,0.0509847,4.66674,185.307,656.405,-0.814227,0.0297656,5.09311,119.948,648.776,-0.5026,0.0463688,4.72147,200.159,654.747,-0.881504,0.268604,5.17247,104.101,717.975,-0.453085,0.298549,4.69229,215.01,735.538,-0.941115,1.02776,5.33986,95.3603,929.003,-0.207553,1.06741,4.86133,295.891,969.7,-1.01727,1.01112,5.3467,74.3103,923.961,-0.227471,1.07593,4.7864,288.639,977.535,-1.07322,0.954828,5.17869,48.8215,916.852,-0.411752,1.06097,4.779,230.628,973.356,-0.979194,1.01944,5.34328,84.8286,926.48,-0.217512,1.07167,4.82386,292.293,973.587
3,0.1,2,518.548,723.933,0.872283,0.402661,6.77181,553.417,729.285,0.862928,0.401105,6.69424,553.56,729.97,0.881637,0.404216,6.84938,553.277,728.614,0.6555,0.0942843,6.79681,504.814,660.829,0.562594,-0.037877,6.80753,484.093,631.645,0.576472,0.704487,6.70182,489.16,797.842,0.793852,0.773065,7.02374,529.712,805.269,0.767021,1.05078,6.63435,533.601,877.824,1.03444,1.09205,7.05872,580.051,872.305,0.622632,1.14722,6.61528,501.327,900.401,0.908227,1.15878,7.15291,550.658,883.255,0.381575,-0.116347,6.78261,444.475,614.243,0.631265,-0.0350496,6.63596,502.84,632.069,0.570787,0.0457163,6.98296,482.737,649.83,0.595102,-0.0566896,6.63529,494.671,627.171,0.53812,0.0170864,6.98131,475.74,643.675,0.761212,0.18863,6.51874,535.342,683.45,0.574164,0.324245,7.02754,482.68,709.281,0.798919,0.189729,6.51322,544.183,683.74,0.601188,0.350132,7.0369,488.284,714.712,0.733634,0.202425,6.52226,528.898,686.602,0.544976,0.31484,7.01532,476.647,707.388,0.781392,0.431127,6.40302,543.243,741.103,0.401605,0.528463,7.03806,445.682,752.747,0.604326,1.15146,6.64963,496.464,900.012,0.876869,1.16536,7.13064,544.65,885.4,0.640938,1.14299,6.58093,506.242,900.794,0.939585,1.1522,7.17519,556.628,881.123,0.813479,1.08437,6.62094,544.489,885.924,1.0828,1.12796,7.05817,590.355,879.964,0.622632,1.14722,6.61528,501.327,900.401,0.908227,1.15878,7.15291,550.658,883.255
4,0.133333,1,172.989,705.564,-0.686385,0.268908,4.8357,146.867,723.5,-0.740408,0.263197,4.89209,132.742,720.785,-0.632362,0.274619,4.77932,161.325,726.279,-0.591259,-0.0998599,4.89921,178.785,609.394,-0.550491,-0.257903,4.92642,192.212,561.392,-0.768333,0.575816,5.18251,137.386,806.835,-0.378149,0.612696,4.84207,242.733,830.001,-0.988081,0.921953,5.15716,72.3105,908.436,-0.328015,1.00843,4.75123,256.336,958.7,-0.925481,1.01773,5.29181,97.3932,928.782,-0.158464,1.06328,4.7748,310.167,974.378,-0.423233,-0.351213,5.05856,234.37,535.748,-0.705166,-0.220041,5.01449,148.842,574.11,-0.460835,-0.205264,4.76913,214.906,575.373,-0.683701,-0.250572,5.03563,156.129,565.283,-0.436065,-0.232805,4.78592,223.187,566.958,-0.819615,0.0257561,5.03622,115.63,647.679,-0.512609,0.0343555,4.65313,194.582,651.086,-0.849604,0.0355446,5.01598,105.667,650.64,-0.537947,0.0431141,4.62553,185.369,653.996,-0.794804,0.032794,5.05285,123.807,649.745,-0.493814,0.0408916,4.67767,201.483,653.126,-0.854996,0.2721,5.13328,109.901,719.593,-0.451721,0.292547,4.63938,213.798,734.684,-0.887242,1.02448,5.28688,108.009,930.969,-0.148583,1.0593,4.81233,313.639,970.528,-0.963721,1.01098,5.29674,86.7974,926.6,-0.168346,1.06727,4.73727,306.64,978.289,-1.02866,0.956471,5.13114,58.9777,919.898,-0.352957,1.05657,4.72975,247.946,975.43,-0.925481,1.01773,5.29181,97.3932,928.782,-0.158464,1.06328,4.7748,310.167,974.378
4,0.133333,2,525.592,721.905,0.876098,0.387163,6.64482,557.976,727.489,0.86381,0.384976,6.56676,557.519,728.029,0.888386,0.389349,6.72288,558.421,726.961,0.665879,0.0794693,6.66993,509.905,657.89,0.575785,-0.0523992,6.68069,489.414,628.223,0.57073,0.680073,6.55389,490.76,795.811,0.8564,0.7691,6.88994,546.639,807.614,0.643512,1.0676,6.48793,508.934,887.084,1.11438,1.07482,6.9053,602.323,873.721,0.476066,1.12157,6.48284,470.267,899.778,1.00385,1.13644,7.01969,574.73,883.092,0.391537,-0.132771,6.65561,448.334,610.046,0.64247,-0.0472003,6.50815,508.231,629.11,0.602845,0.0178353,6.85859,491.981,643.905,0.606784,-0.0686034,6.50762,500.009,624.171,0.569041,-0.00932276,6.85849,484.583,637.959,0.805108,0.153658,6.39793,548.955,676.063,0.645262,0.281661,6.92933,499.826,701.035,0.843106,0.151048,6.39463,557.975,675.468,0.670009,0.307284,6.93935,504.979,706.491,0.778126,0.170492,6.39975,542.57,680.002,0.614469,0.271378,6.91663,493.398,698.914,0.848749,0.392457,6.28291,562.844,733.794,0.44167,0.452592,6.94564,455.483,737.845,0.459785,1.12053,6.51847,465.914,898.119,0.969873,1.14485,7.00234,567.977,885.499,0.492346,1.1226,6.4472,474.668,901.456,1.03782,1.12802,7.03703,581.449,880.697,0.676747,1.11333,6.47289,516.989,898.266,1.16343,1.10965,6.89994,613.186,881.482,0.476066,1.12157,6.48284,470.267,899.778,1.00385,1.13644,7.01969,574.73,883.092
5,0.166667,1,180.759,704.056,-0.655986,0.259188,4.78355,154.086,721.359,-0.707527,0.254338,4.8422,140.597,718.87,-0.604446,0.264037,4.7249,167.909,723.91,-0.558221,-0.108617,4.84744,187.084,606.355,-0.516322,-0.266247,4.87483,200.961,557.99,-0.71673,0.570692,5.12578,150.039,807.18,-0.358681,0.610094,4.74549,246.507,833.045,-0.919574,0.922672,5.08084,88.2346,912.681,-0.265438,0.99622,4.66036,274.476,960.981,-0.850599,1.0085,5.21698,115.179,930.267,-0.0904721,1.04161,4.67452,330.938,974.587,-0.388072,-0.356625,5.00884,243.663,533.09,-0.666385,-0.231593,4.96888,158.624,570.014,-0.436597,-0.215541,4.7123,220.88,571.319,-0.643872,-0.261285,4.98942,166.227,561.367,-0.410566,-0.243257,4.728,229.609,562.744,-0.788481,0.00976276,4.9921,122.835,642.937,-0.487863,0.0201336,4.58868,200.356,646.588,-0.82048,0.0172576,4.97367,112.296,645.21,-0.515649,0.0271424,4.56251,190.296,648.933,-0.762852,0.0186455,5.00643,131.201,645.592,-0.467274,0.0281012,4.6108,207.827,649.151,-0.829651,0.259191,5.08007,114.773,716.611,-0.430695,0.276698,4.5455,217.724,731.404,-0.811983,1.01297,5.21214,126.077,931.824,-0.0784669,1.03662,4.71134,334.992,970.382,-0.889215,1.00403,5.22182,104.302,928.713,-0.102477,1.0466,4.6377,326.821,978.859,-0.957698,0.959924,5.05402,75.4658,925.196,-0.287416,1.0458,4.64124,267.013,978.342,-0.850599,1.0085,5.21698,115.179,930.267,-0.0904721,1.04161,4.67452,330.938,974.587
5,0.166667,2,533.954,720.985,0.878969,0.379734,6.5308,562.092,727.308,0.867856,0.378536,6.45222,561.967,728.093,0.890082,0.380931,6.60938,562.214,726.542,0.687352,0.0584176,6.54706,517.643,653.398,0.605231,-0.0792893,6.55403,498.661,621.834,0.586113,0.687633,6.40706,497.362,801.154,0.912322,0.767446,6.77392,562.233,810.118,0.593338,1.09023,6.37393,499.777,896.835,1.20403,1.04588,6.80177,625.803,870.889,0.42291,1.13074,6.34829,460.031,907.453,1.1126,1.14726,6.90783,601.846,889.381,0.418748,-0.156496,6.52474,456.368,603.985,0.668605,-0.0627428,6.37997,517.36,625.233,0.639672,-0.0234636,6.73607,502.591,634.77,0.633537,-0.0844487,6.37922,509.124,620.122,0.605553,-0.0484719,6.73581,494.991,629.195,0.848683,0.128749,6.27695,563.02,670.799,0.723366,0.225693,6.81065,519.482,689.759,0.886654,0.123044,6.27757,572.083,669.431,0.742878,0.251571,6.81992,523.561,695.389,0.823386,0.14708,6.27582,557.004,675.19,0.693992,0.212323,6.79474,513.364,686.921,0.926556,0.351809,6.16234,585.771,725.724,0.495689,0.345114,6.76969,469.947,716.548,0.401881,1.12558,6.38102,454.569,904.867,1.08138,1.1616,6.88912,595.698,893.184,0.443939,1.1359,6.31556,465.549,910.066,1.14381,1.13292,6.92654,607.96,885.599,0.622624,1.14081,6.36756,506.823,909.02,1.25924,1.06936,6.79432,638.294,876.331,0.42291,1.13074,6.34829,460.031,907.453,1.1126,1.14726,6.90783,601.846,889.381
6,0.2,1,182.908,702.353,-0.648127,0.250323,4.72522,154.041,719.546,-0.697283,0.244852,4.78478,141.178,716.84,-0.59897,0.255793,4.66566,167.232,722.322,-0.542896,-0.117274,4.78429,189.611,603.193,-0.497797,-0.274815,4.80961,204.588,554.203,-0.678885,0.561597,5.06625,158.789,806.449,-0.358207,0.604741,4.65302,244.404,835.154,-0.859994,0.928762,5.01566,102.54,918.047,-0.221676,0.982716,4.57323,287.216,962.662,-0.781952,0.999576,5.15369,132.173,931.233,-0.0424012,0.996203,4.59387,346.141,965.621,-0.366593,-0.364249,4.93979,248.566,529.278,-0.648158,-0.244152,4.9045,161.56,565.25,-0.420096,-0.222553,4.64797,224.285,568.103,-0.625005,-0.273454,4.92476,169.436,556.624,-0.393414,-0.249392,4.66315,233.319,559.694,-0.772956,-0.00280213,4.92604,124.387,639.146,-0.48642,0.00893664,4.52208,198.484,642.967,-0.805263,0.0043292,4.90819,113.646,641.324,-0.515188,0.0159436,4.49742,187.993,645.323,-0.747134,0.0063988,4.93981,132.893,641.945,-0.464515,0.0170751,4.54346,206.483,645.643,-0.813473,0.247781,5.01189,116.284,714.235,-0.427923,0.265647,4.48107,216.607,729.016,-0.743202,1.00131,5.14826,143.235,932.046,-0.0327093,0.988241,4.63084,349.394,960.439,-0.820701,0.997842,5.15912,121.135,930.421,-0.0520931,1.00417,4.5569,342.835,970.886,-0.89529,0.97042,4.99006,90.5985,932.009,-0.234601,1.03619,4.55501,282.664,981.58,-0.781952,0.999576,5.15369,132.173,931.233,-0.0424012,0.996203,4.59387,346.141,965.621
6,0.2,2,537.209,718.007,0.86702,0.368953,6.39688,563.518,726.606,0.85471,0.370382,6.31787,563.138,728.028,0.87933,0.367525,6.47588,563.89,725.218,0.691382,0.0351289,6.39874,522.243,648.244,0.616108,-0.107939,6.39955,504.561,614.674,0.585257,0.681382,6.25887,500.408,803.47,0.902592,0.74528,6.64783,563.87,808.338,0.658486,1.07544,6.2174,519.03,899.728,1.22157,0.989002,6.6605,635.395,862.963,0.494757,1.12116,6.1762,480.286,912.577,1.18128,1.12858,6.75951,622.411,890.703,0.434612,-0.188848,6.36174,462.581,595.426,0.667537,-0.078228,6.22603,520.993,621.133,0.661247,-0.0794806,6.57746,510.955,621.855,0.634015,-0.100943,6.22516,512.93,615.652,0.627219,-0.104252,6.57659,503.206,616.197,0.850478,0.102074,6.12126,568.624,665.039,0.780105,0.115136,6.7147,534.449,665.747,0.887653,0.0921516,6.12151,577.734,662.604,0.798738,0.13566,6.7293,538.228,670.271,0.827777,0.122331,6.12091,563.067,670.01,0.752272,0.108172,6.69343,528.76,664.267,0.953886,0.308999,6.01136,598.268,717.184,0.566781,0.24194,6.65818,487.821,694.563,0.471158,1.11787,6.20742,473.972,910.41,1.15261,1.14916,6.74259,616.683,895.916,0.518355,1.12445,6.14498,486.663,914.766,1.20996,1.108,6.77643,628.111,885.516,0.693044,1.12336,6.21147,527.536,911.561,1.27848,0.996049,6.64475,648.906,865.084,0.494757,1.12116,6.1762,480.286,912.577,1.18128,1.12858,6.75951,622.411,890.703
7,0.233333,1,181.331,698.934,-0.655123,0.233076,4.68166,149.881,714.755,-0.70121,0.227539,4.74252,137.986,712.043,-0.609036,0.238613,4.6208,162.09,717.539,-0.541202,-0.132262,4.74302,188.665,598.128,-0.492379,-0.288836,4.76932,204.981,549.064,-0.652651,0.559421,5.0062,164.244,807.793,-0.372392,0.59293,4.59877,238.409,833.599,-0.825995,0.933879,4.96945,110.419,922.179,-0.209775,0.964977,4.53216,290.499,959.708,-0.734537,0.994438,5.10345,143.881,932.588,-0.0319977,0.950941,4.55865,349.46,953.228,-0.355461,-0.378266,4.89391,250.937,523.94,-0.64336,-0.261354,4.86564,161.456,559.345,-0.417771,-0.235309,4.60588,223.803,563.287,-0.618883,-0.289897,4.88551,169.787,550.9,-0.390603,-0.261521,4.62164,233.094,555.033,-0.780086,-0.0252173,4.88309,120.122,632.246,-0.489701,-0.0102501,4.47102,195.537,636.558,-0.813054,-0.0197848,4.86593,109.102,633.895,-0.517622,-0.00290668,4.44598,185.181,639.018,-0.754159,-0.0146167,4.89604,128.708,635.517,-0.467667,-0.00214565,4.49319,203.713,639.283,-0.826629,0.225775,4.9637,109.938,708.299,-0.421269,0.244543,4.43751,217.451,722.748,-0.696315,0.995191,5.09503,154.788,933.294,-0.024796,0.940625,4.59558,351.898,947.34,-0.772759,0.993684,5.11188,133.011,931.884,-0.0391993,0.961256,4.52171,346.983,959.212,-0.861446,0.977919,4.94805,98.5813,936.764,-0.214911,1.02069,4.51564,288.537,979.404,-0.734537,0.994438,5.10345,143.881,932.588,-0.0319977,0.950941,4.55865,349.46,953.228
7,0.233333,2,536.911,713.488,0.845552,0.337629,6.24409,563.336,721.192,0.833426,0.341156,6.16524,562.983,723.09,0.857679,0.334102,6.32295,563.68,719.342,0.674698,0.00215373,6.2327,522.546,640.519,0.601474,-0.141621,6.22782,505.019,605.854,0.599584,0.684945,6.1426,506.568,807.435,0.8359,0.708671,6.50353,552.996,803.621,0.715851,1.0702,6.09882,536.246,903.489,1.17483,0.923308,6.51097,630.94,852.933,0.551491,1.11313,6.073,496.357,915.222,1.20548,1.08818,6.57395,635.343,888.552,0.423606,-0.22637,6.19095,462.742,585.096,0.654078,-0.103388,6.05846,522.11,614.376,0.652752,-0.114821,6.40067,513.132,613.064,0.620935,-0.128055,6.05482,513.988,608.243,0.619523,-0.142256,6.40192,505.308,606.634,0.833798,0.0802203,5.95155,570.365,660.239,0.786319,0.0595003,6.56732,539.785,653.604,0.87092,0.0719144,5.95605,579.565,658.13,0.823028,0.0696747,6.57268,548.025,655.918,0.811315,0.0990692,5.94739,564.836,665.012,0.753142,0.0637909,6.56872,532.163,654.582,0.947692,0.280868,5.83,604.085,712.34,0.724588,0.223917,6.75668,521.028,689.762,0.530937,1.1099,6.10628,490.56,912.929,1.18239,1.11388,6.55561,630.826,895.134,0.572045,1.11635,6.03973,502.218,917.541,1.22856,1.06248,6.5923,639.836,882.007,0.752002,1.11767,6.08984,545.42,915.581,1.22671,0.908829,6.49076,643.786,850.247,0.551491,1.11313,6.073,496.357,915.222,1.20548,1.08818,6.57395,635.343,888.552
8,0.266667,1,185.453,694.933,-0.64502,0.216337,4.65359,151.873,709.805,-0.687478,0.211508,4.71621,141.119,707.341,-0.602562,0.221165,4.59098,162.922,712.336,-0.524202,-0.145799,4.71985,193.232,593.616,-0.472423,-0.300999,4.74824,210.603,544.814,-0.619937,0.553565,4.96248,172.418,807.499,-0.36389,0.574466,4.57024,240.443,828.742,-0.783021,0.935151,4.95239,122.589,923.537,-0.202624,0.949147,4.51042,292.545,955.98,-0.682308,0.98895,5.08303,158.442,932.142,-0.0235804,0.939359,4.53269,352.188,951.184,-0.332409,-0.390626,4.87188,257.548,519.605,-0.623525,-0.273831,4.84444,166.735,555.125,-0.399561,-0.248574,4.58278,229.083,558.554,-0.598473,-0.301308,4.86515,175.29,547.005,-0.37168,-0.273831,4.59897,238.647,550.594,-0.774431,-0.0450661,4.8525,120.359,626.055,-0.474501,-0.024529,4.44644,199.761,631.717,-0.807195,-0.0402992,4.83486,109.31,627.484,-0.501776,-0.0162368,4.42127,189.586,634.486,-0.748298,-0.0337098,4.86624,129.1,629.598,-0.452324,-0.017138,4.46939,208.035,634.242,-0.820923,0.203231,4.93444,110.191,701.843,-0.397739,0.226896,4.42396,225.001,717.012,-0.644633,0.989631,5.07237,169.171,932.958,-0.0151678,0.928763,4.56931,355.016,945.209,-0.719983,0.988269,5.09369,147.758,931.33,-0.031993,0.949955,4.49608,349.315,957.257,-0.818471,0.980956,4.93489,110.96,938.48,-0.209192,1.00506,4.49541,290.126,975.711,-0.682308,0.98895,5.08303,158.442,932.142,-0.0235804,0.939359,4.53269,352.188,951.184
8,0.266667,2,538.181,706.597,0.842627,0.304254,6.22558,563.235,713.384,0.837886,0.308919,6.14606,564.706,715.473,0.847368,0.29959,6.3051,561.801,711.347,0.679873,-0.0367811,6.20453,524.536,631.099,0.610122,-0.182939,6.19551,507.871,595.662,0.64863,0.681918,6.10844,519.444,807.627,0.788313,0.678238,6.47686,542.758,797.239,0.798483,1.06226,6.07276,557.434,902.655,1.14902,0.864376,6.50089,625.397,839.652,0.635292,1.10776,6.0574,517.481,914.6,1.1801,1.02483,6.57128,629.656,874.177,0.432225,-0.266246,6.16273,465.312,575.129,0.658482,-0.137083,6.02459,524.119,605.834,0.662561,-0.160866,6.36678,516.26,602.061,0.626033,-0.163119,6.02132,516.116,599.322,0.630038,-0.189136,6.3675,508.573,595.399,0.82184,0.0615093,5.91941,568.474,655.603,0.796089,0.00504768,6.54012,542.776,641.159,0.85897,0.0540577,5.92414,577.718,653.702,0.83197,0.0167271,6.54571,550.851,643.837,0.799779,0.0791854,5.91571,563.005,660.099,0.762533,0.00736666,6.54235,535.012,641.691,0.938203,0.262885,5.80476,602.692,708.002,0.724572,0.148201,6.74033,521.415,673.015,0.616524,1.10341,6.09158,511.972,911.989,1.15991,1.05196,6.55165,625.837,881.096,0.65406,1.1121,6.02323,523.054,917.241,1.20029,0.997702,6.59092,633.453,867.299,0.836399,1.10928,6.06366,567.12,914.693,1.20247,0.847269,6.48426,638.455,836.202,0.635292,1.10776,6.0574,517.481,914.6,1.1801,1.02483,6.57128,629.656,874.177
9,0.3,1,186.646,687.53,-0.648232,0.19038,4.65266,150.795,701.442,-0.690947,0.184867,4.71626,140.017,698.858,-0.605516,0.195893,4.58906,161.872,704.097,-0.518608,-0.168869,4.71994,195.015,586.277,-0.463055,-0.322834,4.74877,213.582,537.92,-0.60279,0.535256,4.94406,176.927,802.563,-0.36955,0.551806,4.59808,239.319,820.199,-0.745086,0.919912,4.94265,133.646,919.466,-0.24959,0.937407,4.54308,277.506,949.828,-0.636771,0.972489,5.06827,171.346,928.116,-0.0726758,0.946141,4.57476,336.146,950.549,-0.319713,-0.40689,4.87074,261.438,514.563,-0.616084,-0.297713,4.84506,169.066,547.734,-0.388672,-0.269458,4.58364,232.674,551.728,-0.59029,-0.325333,4.86537,177.823,539.595,-0.361139,-0.2948,4.60042,242.126,543.779,-0.773695,-0.0736245,4.86149,121.03,617.26,-0.455691,-0.0435604,4.44534,206.075,625.286,-0.807121,-0.0693587,4.8445,109.832,618.502,-0.482941,-0.0351009,4.41975,195.926,628.075,-0.747437,-0.0618403,4.87508,129.784,620.953,-0.433508,-0.0363282,4.46837,214.323,627.792,-0.825027,0.17144,4.95143,109.804,691.991,-0.375479,0.206903,4.41817,232.39,710.318,-0.599587,0.97248,5.0559,181.928,928.818,-0.0652874,0.936859,4.61197,338.744,945.021,-0.673955,0.972498,5.08064,160.815,927.418,-0.0800642,0.955424,4.53755,333.505,956.168,-0.779682,0.966344,4.92669,122.368,934.523,-0.26164,0.991872,4.52643,273.206,969.035,-0.636771,0.972489,5.06827,171.346,928.116,-0.0726758,0.946141,4.57476,336.146,950.549
9,0.3,2,536.047,697.247,0.819047,0.273621,6.26531,556.295,705.577,0.80747,0.280067,6.18714,555.965,707.97,0.830624,0.267175,6.34347,556.616,703.243,0.67454,-0.0803287,6.23502,522.447,620.655,0.612609,-0.232021,6.22204,507.84,584.006,0.691776,0.676106,6.1605,528.613,804.794,0.747294,0.625498,6.53216,531.782,783.784,0.84906,1.04244,6.11458,568.504,895.993,1.09628,0.818273,6.53332,611.959,828.064,0.693356,1.11714,6.10356,530.575,914.833,1.11779,0.980446,6.5995,614.326,863.077,0.43249,-0.312414,6.19534,464.822,564.28,0.64503,-0.170909,6.05378,519.991,597.608,0.693847,-0.229082,6.37955,523.311,586.081,0.613494,-0.198202,6.0513,512.232,590.819,0.662019,-0.257287,6.38342,515.725,579.479,0.799191,0.0369126,5.94979,561.694,649.316,0.878865,-0.0946729,6.52505,562.246,618.214,0.837067,0.0316592,5.95142,571.194,647.988,0.910882,-0.082903,6.53288,569.363,620.945,0.775262,0.0538329,5.9484,555.7,653.589,0.843273,-0.0927452,6.52612,554.024,618.661,0.889955,0.254691,5.83675,588.95,705.522,0.747115,0.0265499,6.71168,527.147,645.94,0.674937,1.11555,6.13812,525.109,912.895,1.09477,1.00569,6.58056,609.805,869.481,0.711774,1.11874,6.06899,536.104,916.792,1.14081,0.955198,6.61845,618.822,856.71,0.891385,1.08301,6.10407,579.275,906.414,1.14944,0.803754,6.5143,624.947,825.267,0.693356,1.11714,6.10356,530.575,914.833,1.11779,0.980446,6.5995,614.326,863.077
10,0.333333,1,185.641,677.784,-0.65808,0.153866,4.61597,145.929,690.052,-0.700095,0.147778,4.6789,135.324,687.425,-0.616065,0.159953,4.55305,156.827,692.751,-0.511658,-0.198361,4.68846,196.133,576.472,-0.448905,-0.349315,4.71953,217.177,528.862,-0.602907,0.512361,4.88948,174.847,797.346,-0.377033,0.51677,4.60057,236.942,808.666,-0.717685,0.907396,4.91427,140.711,917.256,-0.322495,0.919117,4.543,253.408,943.788,-0.602513,0.955734,5.03749,180.405,924.882,-0.150066,0.957513,4.57287,310.724,954.412,-0.308432,-0.428041,4.84294,264.37,507.285,-0.600105,-0.329439,4.81631,172.908,537.292,-0.373262,-0.293673,4.55653,236.995,543.223,-0.573374,-0.355978,4.8365,181.988,529.482,-0.345021,-0.318064,4.57424,246.742,535.591,-0.764559,-0.109507,4.83504,122.56,605.992,-0.436208,-0.0669878,4.41714,211.716,617.228,-0.798077,-0.106838,4.81817,111.283,606.704,-0.461029,-0.0578816,4.38983,202.303,620.201,-0.739243,-0.0966156,4.84827,131.049,610.077,-0.416079,-0.0602437,4.44224,219.357,619.636,-0.830366,0.134697,4.92238,106.699,681.089,-0.354353,0.185619,4.4086,239.308,703.222,-0.56587,0.955365,5.02371,190.865,925.553,-0.141204,0.950472,4.61021,314.01,949.572,-0.639156,0.956103,5.05128,170.002,924.215,-0.158929,0.964555,4.53552,307.384,959.332,-0.750822,0.955467,4.90169,129.997,932.693,-0.344022,0.970573,4.52504,245.842,962.068,-0.602513,0.955734,5.03749,180.405,924.882,-0.150066,0.957513,4.57287,310.724,954.412
10,0.333333,2,533.111,686.513,0.802691,0.230715,6.24168,553.103,695.503,0.78411,0.239863,6.16482,550.985,698.423,0.821273,0.221568,6.31855,555.17,692.654,0.663038,-0.124517,6.2105,520.308,609.895,0.603187,-0.276759,6.19714,506.152,572.942,0.70748,0.647381,6.17419,532.059,797.443,0.702784,0.560328,6.52647,521.691,768.916,0.869457,1.00784,6.1388,572.671,886.518,1.01837,0.79554,6.49298,595.507,823.976,0.729629,1.11365,6.1237,538.908,913.072,1.02431,0.962133,6.55098,594.784,860.532,0.421947,-0.347718,6.17323,462.633,555.422,0.617696,-0.207595,6.03053,513.802,588.31,0.697145,-0.281747,6.34574,524.962,573.332,0.586882,-0.235299,6.02946,506.155,581.402,0.666417,-0.310618,6.35122,517.555,566.564,0.751321,0.0138164,5.93055,550.227,643.498,0.877774,-0.135475,6.48078,563.375,608.611,0.789334,0.0114431,5.92673,559.981,642.899,0.908055,-0.121588,6.48871,570.134,611.863,0.7257,0.0291995,5.93406,543.632,647.389,0.842096,-0.135457,6.48064,555.113,608.615,0.804792,0.248633,5.83131,567.234,704.023,0.726136,-0.0145551,6.65066,523.944,636.714,0.710153,1.11561,6.15766,533.172,912.043,0.996957,0.983543,6.5331,589.139,866.056,0.749105,1.11169,6.08974,544.708,914.111,1.05167,0.940723,6.56885,600.399,855.038,0.916507,1.04127,6.13002,584.5,895.06,1.0708,0.786983,6.47004,608.51,822.642,0.729629,1.11365,6.1237,538.908,913.072,1.02431,0.962133,6.55098,594.784,860.532
11,0.366667,1,187.583,668.843,-0.652619,0.125654,4.61623,147.717,680.873,-0.698925,0.118732,4.67722,135.619,678.117,-0.606314,0.132576,4.55524,160.139,683.702,-0.500771,-0.224499,4.69537,199.856,568.206,-0.435692,-0.374565,4.72929,221.667,521.075,-0.605129,0.488503,4.87134,173.473,790.578,-0.383522,0.485336,4.65082,236.177,796.695,-0.675968,0.890193,4.89988,152.851,912.798,-0.398313,0.887684,4.58736,229.622,930.562,-0.560252,0.945482,5.02262,192.507,922.661,-0.243496,0.960658,4.63709,281.152,951.076,-0.296518,-0.447582,4.85681,268.327,501.623,-0.591731,-0.360846,4.82133,175.711,527.618,-0.351912,-0.315481,4.57024,244.379,536.348,-0.565434,-0.386214,4.84212,184.657,520.234,-0.32469,-0.339849,4.58924,253.765,528.804,-0.753791,-0.140207,4.82742,125.535,596.389,-0.408675,-0.0863006,4.43481,221.629,610.78,-0.786236,-0.138164,4.80791,114.451,596.85,-0.432799,-0.077481,4.40626,212.511,613.596,-0.729557,-0.126999,4.84208,133.76,600.617,-0.389847,-0.0794926,4.46082,228.773,613.242,-0.828579,0.104176,4.90368,106.28,671.9,-0.333778,0.16766,4.42941,246.85,696.836,-0.523313,0.943819,5.00962,203.145,922.896,-0.238807,0.956798,4.67568,283.309,947.268,-0.597192,0.947146,5.03562,181.925,922.427,-0.248184,0.964518,4.59849,278.96,954.947,-0.705936,0.938769,4.88492,143.004,928.565,-0.427488,0.933052,4.56387,219.352,946.984,-0.560252,0.945482,5.02262,192.507,922.661,-0.243496,0.960658,4.63709,281.152,951.076
11,0.366667,2,530.945,676.845,0.805229,0.19136,6.29781,551.987,685.625,0.786128,0.20124,6.22256,549.7,688.561,0.824329,0.181481,6.37306,554.221,682.759,0.670513,-0.165672,6.26181,520.787,600.272,0.612777,-0.318686,6.24639,507.305,563.392,0.707875,0.616368,6.2177,530.95,788.851,0.657102,0.51402,6.57289,510.113,757.427,0.898989,0.962138,6.16138,579.088,874.478,0.941881,0.790217,6.53458,576.432,821.581,0.79215,1.10454,6.13616,553.845,910.289,0.925438,0.948809,6.60975,570.235,855.544,0.429056,-0.383624,6.22631,463.473,547.484,0.616274,-0.24016,6.08154,512.161,580.703,0.717044,-0.328608,6.38893,528.523,562.769,0.585706,-0.268888,6.08144,504.616,573.609,0.686984,-0.35808,6.3954,521.295,555.927,0.724284,0.00246179,5.98419,541.738,640.618,0.896468,-0.171108,6.51938,566.477,600.59,0.762013,0.00575626,5.97774,551.412,641.446,0.921994,-0.154143,6.5297,572.02,604.553,0.696443,0.0140812,5.99016,534.578,643.53,0.860999,-0.175461,6.51613,558.406,599.567,0.733347,0.247477,5.89364,546.84,703.051,0.700147,-0.0826534,6.66364,517.768,621.375,0.77241,1.11251,6.16912,548.004,910.784,0.895758,0.968535,6.59364,563.989,860.563,0.811891,1.09657,6.1032,559.748,909.788,0.955119,0.929083,6.62586,576.45,850.55,0.951226,0.983819,6.15274,592.144,880.098,0.994974,0.791331,6.51006,589.493,822.522,0.79215,1.10454,6.13616,553.845,910.289,0.925438,0.948809,6.60975,570.235,855.544
12,0.4,1,192.223,660.235,-0.633627,0.0975957,4.63474,154.718,671.619,-0.688851,0.0870939,4.69196,139.548,667.873,-0.578402,0.108097,4.57752,170.267,675.459,-0.480609,-0.250084,4.71265,206.867,560.317,-0.41503,-0.39909,4.74604,228.692,513.735,-0.618821,0.466932,4.88128,169.641,783.636,-0.382343,0.460758,4.72658,238.536,786.376,-0.646168,0.868329,4.91656,162.655,905.195,-0.467,0.847322,4.64949,209.182,913.644,-0.553559,0.921414,5.05973,195.722,913.445,-0.339301,0.95062,4.71504,251.946,942.736,-0.270521,-0.470906,4.86824,276.561,494.754,-0.571834,-0.392798,4.83323,182.346,517.968,-0.327489,-0.33637,4.59573,253,530.098,-0.546153,-0.417582,4.85511,191.089,510.853,-0.300096,-0.360787,4.6146,262.351,522.603,-0.735228,-0.173695,4.83637,131.732,586.072,-0.374392,-0.101602,4.46711,234.153,605.848,-0.768773,-0.173741,4.81883,120.448,585.862,-0.395672,-0.0923994,4.43643,226.08,608.726,-0.710784,-0.159132,4.84834,139.866,590.716,-0.358863,-0.0953469,4.49497,240.121,608.149,-0.81339,0.0739869,4.89778,110.631,662.683,-0.309883,0.15523,4.47671,256.06,692.067,-0.514873,0.91785,5.05456,207.047,912.666,-0.339774,0.949242,4.75408,252.684,939.815,-0.592245,0.924979,5.06491,184.421,914.222,-0.338829,0.951997,4.676,251.195,945.706,-0.668233,0.918084,4.89598,155.058,921.57,-0.501718,0.884462,4.61971,196.925,927.48,-0.553559,0.921414,5.05973,195.722,913.445,-0.339301,0.95062,4.71504,251.946,942.736
12,0.4,2,530.169,668.917,0.81061,0.160056,6.29729,553.286,678.165,0.793717,0.171288,6.21976,551.617,681.352,0.827502,0.148824,6.37482,554.914,675.055,0.677678,-0.194917,6.26014,522.548,593.247,0.620707,-0.347048,6.24422,509.263,556.545,0.684168,0.579625,6.21813,525.213,779.968,0.639483,0.468118,6.5784,505.966,746.851,0.92316,0.90043,6.1712,584.621,859.09,0.885386,0.786786,6.58177,561.991,819.497,0.83805,1.05709,6.14928,564.639,898.124,0.822924,0.931484,6.66115,545.504,849.976,0.437209,-0.409233,6.22444,465.471,541.278,0.620017,-0.265885,6.08044,513.113,574.34,0.723743,-0.357472,6.38542,530.191,555.939,0.589509,-0.295481,6.08019,505.585,567.028,0.694359,-0.38683,6.39325,523.082,549.147,0.692824,-0.00679994,5.99317,533.584,638.296,0.89708,-0.190172,6.51128,566.875,596.145,0.729222,0.00247908,5.98506,542.951,640.622,0.920984,-0.171964,6.52183,572.044,600.408,0.663486,0.00026226,6.00129,526.008,640.066,0.862011,-0.195806,6.50634,558.938,594.811,0.656631,0.240535,5.91875,526.584,701.023,0.687224,-0.102478,6.63505,515.524,616.808,0.819077,1.06678,6.18226,558.939,899.101,0.792246,0.945733,6.64147,539.118,853.819,0.857022,1.0474,6.1163,570.4,897.137,0.853602,0.917236,6.68084,551.852,846.154,0.978574,0.914796,6.16388,598.387,862.85,0.940259,0.801321,6.56565,575.036,823.261,0.83805,1.05709,6.14928,564.639,898.124,0.822924,0.931484,6.66115,545.504,849.976
13,0.433333,1,189.177,654.726,-0.645686,0.0731823,4.64266,151.168,663.669,-0.705055,0.0597677,4.69672,134.591,659.108,-0.586317,0.086597,4.58861,168.136,668.338,-0.484461,-0.266325,4.73291,206.3,555.506,-0.415365,-0.411829,4.77159,229.29,510.403,-0.649635,0.447658,4.88908,160.481,777.487,-0.400077,0.447882,4.74773,233.468,781.651,-0.662728,0.851214,4.93922,158.526,898.775,-0.518381,0.825185,4.65386,192.745,906.244,-0.57703,0.906693,5.08746,189.69,907.61,-0.419395,0.945932,4.73755,227.073,939.812,-0.273818,-0.479312,4.902,276.125,493.179,-0.580883,-0.40772,4.84574,180.001,513.659,-0.31339,-0.345069,4.6309,258.384,528.112,-0.555977,-0.432144,4.87012,188.581,506.761,-0.287412,-0.36839,4.65298,267.249,521.117,-0.736954,-0.182901,4.84388,131.551,583.302,-0.354802,-0.110192,4.4998,241.604,603.229,-0.7687,-0.181475,4.8232,120.688,583.503,-0.372668,-0.101907,4.4666,234.718,605.741,-0.713715,-0.169468,4.85863,139.426,587.626,-0.343188,-0.103298,4.52924,246.224,605.754,-0.818495,0.0641879,4.90755,109.566,659.64,-0.306061,0.15085,4.51478,258.208,690.171,-0.53812,0.902812,5.08469,201.088,906.61,-0.425581,0.943831,4.77607,226.201,936.733,-0.61594,0.910573,5.09022,178.304,908.609,-0.41321,0.948033,4.69903,227.96,942.941,-0.681978,0.901218,4.91716,151.743,915.206,-0.553414,0.857012,4.61869,180.082,918.619,-0.57703,0.906693,5.08746,189.69,907.61,-0.419395,0.945932,4.73755,227.073,939.812
13,0.433333,2,525.029,665.474,0.791917,0.147295,6.26271,549.872,675.316,0.771224,0.160058,6.18754,547.156,678.842,0.812611,0.134532,6.33788,552.522,671.873,0.65959,-0.206613,6.21842,519.271,590.109,0.602879,-0.358288,6.19944,506.023,553.219,0.662738,0.569629,6.22467,519.87,777.41,0.587061,0.435332,6.53673,494.854,740.001,0.918907,0.87767,6.15679,584.109,854.052,0.786935,0.784545,6.48586,542.185,821.632,0.830661,1.03231,6.15642,562.599,891.782,0.717612,0.933547,6.55109,524.482,853.976,0.420574,-0.421371,6.18392,462.122,537.684,0.596824,-0.271649,6.03794,508.423,572.444,0.706607,-0.37041,6.34009,527.35,552.274,0.566667,-0.302058,6.03836,500.913,564.887,0.677161,-0.399792,6.34704,520.2,545.419,0.644223,0.00146508,5.97251,521.965,640.368,0.873055,-0.197651,6.47373,562.502,594.156,0.677074,0.016711,5.96126,530.546,644.209,0.896346,-0.179022,6.48497,567.544,598.548,0.614791,0.00348067,5.98525,514.237,640.873,0.838328,-0.204219,6.46864,554.6,592.595,0.557245,0.245543,5.94024,500.859,702.068,0.661759,-0.118104,6.6014,510.524,613.136,0.817381,1.04022,6.19241,558.202,892.237,0.684895,0.943221,6.53212,517.439,856.821,0.84394,1.0244,6.12043,567.048,891.322,0.750329,0.923873,6.57006,531.485,851.147,0.973242,0.892342,6.14162,597.947,858.168,0.838324,0.80204,6.46324,554.762,826.332,0.830661,1.03231,6.15642,562.599,891.782,0.717612,0.933547,6.55109,524.482,853.976
14,0.466667,1,186.025,653.954,-0.651007,0.0694965,4.65013,149.785,662.441,-0.713647,0.0546177,4.70006,132.006,657.449,-0.588367,0.0843753,4.6002,167.95,667.541,-0.487178,-0.270154,4.74286,205.762,554.471,-0.416966,-0.415718,4.7826,229.088,509.48,-0.676485,0.444387,4.89866,152.641,776.216,-0.428409,0.455841,4.77099,225.168,783.465,-0.699712,0.850583,4.94458,147.513,898.303,-0.544743,0.833847,4.66708,184.738,908.277,-0.619908,0.903085,5.09702,177.378,906.045,-0.439572,0.953172,4.74523,220.904,941.618,-0.275404,-0.484029,4.91424,275.849,492.104,-0.58315,-0.414312,4.85232,179.543,511.79,-0.313076,-0.348902,4.64708,258.839,527.263,-0.558861,-0.438565,4.8777,187.959,504.991,-0.286993,-0.371957,4.66973,267.717,520.397,-0.738947,-0.189671,4.84783,131.12,581.252,-0.34783,-0.112246,4.5182,244.403,602.697,-0.770325,-0.18861,4.82673,120.358,581.325,-0.363083,-0.10325,4.48404,238.415,605.425,-0.71624,-0.176007,4.86269,138.831,585.65,-0.338662,-0.105963,4.54861,248.203,605.02,-0.824941,0.0584114,4.90774,107.603,657.871,-0.303662,0.150028,4.545,259.677,689.566,-0.580935,0.899142,5.09555,188.81,904.959,-0.445455,0.952858,4.78385,220.18,939.084,-0.658881,0.907027,5.09848,165.952,907.13,-0.433689,0.953487,4.7066,221.639,944.194,-0.718622,0.900926,4.9224,140.787,914.824,-0.579209,0.86589,4.63118,172.204,920.746,-0.619908,0.903085,5.09702,177.378,906.045,-0.439572,0.953172,4.74523,220.904,941.618
14,0.466667,2,520.247,664.044,0.764048,0.1379,6.2458,543.686,673.153,0.748067,0.152093,6.16863,542.093,677.022,0.780028,0.123708,6.32296,545.239,669.378,0.634326,-0.211989,6.19525,513.744,588.62,0.578732,-0.361942,6.17358,500.761,551.967,0.652575,0.565951,6.19865,518.08,777.096,0.567844,0.431682,6.5265,490.644,739.318,0.89053,0.891704,6.16003,577.074,857.361,0.711096,0.808778,6.52941,523.53,825.994,0.772621,1.02141,6.15661,548.438,889.115,0.620247,0.944518,6.60104,501.09,854.853,0.39629,-0.426794,6.16454,456.528,536.041,0.576912,-0.282785,6.00826,504.18,569.328,0.678366,-0.369705,6.31722,521.243,552.124,0.547371,-0.314602,6.00979,496.762,561.396,0.649181,-0.39948,6.32339,514.155,545.139,0.588899,-0.00948548,5.94077,508.847,637.602,0.845408,-0.202212,6.45445,556.675,592.957,0.618427,0.00977635,5.92694,516.675,642.477,0.87195,-0.184434,6.46395,562.552,597.156,0.560271,-0.0112207,5.95622,501.244,637.171,0.810138,-0.20768,6.45317,548.508,591.676,0.465813,0.219583,5.92163,478.117,695.68,0.66495,-0.117204,6.6195,510.836,613.414,0.755338,1.02489,6.1916,543.181,888.552,0.587398,0.951384,6.58106,494.023,857.071,0.789904,1.01793,6.12162,553.754,889.685,0.653095,0.937652,6.62101,508.114,852.647,0.943434,0.916569,6.1502,590.337,863.778,0.759939,0.834868,6.51174,535.236,832.515,0.772621,1.02141,6.15661,548.438,889.115,0.620247,0.944518,6.60104,501.09,854.853
15,0.5,1,184.316,655.507,-0.649682,0.074098,4.65367,150.373,663.909,-0.713227,0.0579609,4.70079,132.176,658.514,-0.586137,0.0902351,4.60654,168.941,669.413,-0.485851,-0.266075,4.7448,206.246,555.797,-0.415637,-0.411863,4.78386,229.54,510.724,-0.697407,0.441713,4.91327,146.863,774.993,-0.450864,0.472396,4.77482,218.215,788.557,-0.755993,0.844563,4.95213,130.772,896.084,-0.538017,0.862817,4.6923,187.832,916.106,-0.66863,0.893645,5.10033,163.153,903.093,-0.411194,0.95014,4.77851,230.79,938.564,-0.275746,-0.48281,4.91703,275.793,492.56,-0.583518,-0.41221,4.85052,179.362,512.394,-0.308752,-0.343334,4.65175,260.337,529.174,-0.559405,-0.436802,4.87591,187.728,505.485,-0.283182,-0.366575,4.6746,269.037,522.25,-0.740627,-0.189477,4.85099,130.749,581.35,-0.341174,-0.104397,4.52797,246.86,605.38,-0.77179,-0.188026,4.82946,120.037,581.54,-0.356016,-0.0951786,4.49353,241.034,608.195,-0.718123,-0.176088,4.8666,138.427,585.669,-0.332594,-0.0984263,4.55854,250.445,607.579,-0.828772,0.0554564,4.91765,106.942,656.933,-0.300104,0.15769,4.55633,261.099,691.968,-0.629733,0.891363,5.09583,174.44,902.653,-0.416327,0.946527,4.8171,230.225,935.046,-0.707527,0.895927,5.10483,151.885,903.532,-0.406061,0.953754,4.73992,231.364,942.14,-0.779966,0.894337,4.93285,122.578,912.236,-0.567599,0.904078,4.66108,177.149,931.247,-0.66863,0.893645,5.10033,163.153,903.093,-0.411194,0.95014,4.77851,230.79,938.564
15,0.5,2,516.457,666.08,0.743595,0.147434,6.24257,538.861,675.463,0.729691,0.161998,6.16485,537.729,679.457,0.757499,0.13287,6.32028,539.965,671.567,0.615848,-0.205122,6.18784,509.444,590.224,0.561099,-0.356218,6.16439,496.676,553.23,0.671151,0.578339,6.23638,521.596,779.249,0.543987,0.437475,6.52888,485.11,740.614,0.846688,0.94385,6.25378,563.293,866.623,0.625948,0.822849,6.61006,502.192,826.921,0.695546,1.01673,6.28796,526.096,882.793,0.51488,0.94461,6.68427,475.663,852.198,0.381551,-0.426939,6.16314,452.959,535.982,0.541604,-0.267664,6.00328,495.468,573.051,0.666852,-0.367101,6.30263,518.873,552.541,0.512715,-0.300266,6.00564,488.191,564.926,0.638818,-0.397022,6.31076,511.998,545.534,0.533267,0.00952911,5.94559,494.677,642.407,0.821623,-0.181887,6.43156,551.822,597.535,0.557948,0.0342808,5.93127,501.25,648.679,0.841659,-0.161187,6.44317,556.146,602.436,0.505093,0.00162864,5.96374,487.173,640.41,0.78803,-0.191268,6.42349,544.211,595.289,0.364459,0.204287,5.96078,451.81,691.461,0.590145,-0.116268,6.52265,495.856,613.234,0.683237,1.00722,6.32399,522.227,879.152,0.483854,0.950992,6.66131,469.068,854.368,0.707856,1.02624,6.25193,530.01,886.477,0.545906,0.938229,6.70722,482.213,850.043,0.889802,0.985926,6.24728,573.868,876.971,0.672446,0.855077,6.60243,512.931,834.466,0.695546,1.01673,6.28796,526.096,882.793,0.51488,0.94461,6.68427,475.663,852.198
16,0.533333,1,182.764,659.277,-0.645882,0.0903621,4.63405,150.717,669.28,-0.711408,0.0738668,4.67643,131.573,663.718,-0.580355,0.106857,4.59167,170.213,674.944,-0.484883,-0.252763,4.72944,206.053,559.75,-0.415884,-0.399816,4.77032,229.092,514.149,-0.725201,0.439677,4.91804,138.584,774.241,-0.454177,0.487309,4.76976,217.021,793.409,-0.824191,0.83873,4.93301,109.124,895.301,-0.521677,0.883485,4.6833,192.74,923.263,-0.749986,0.889296,5.08685,138.616,902.506,-0.387199,0.94364,4.77837,238.326,936.53,-0.276685,-0.469447,4.90568,275.31,496.309,-0.587646,-0.399858,4.82978,177.303,515.686,-0.303368,-0.328806,4.643,261.89,533.663,-0.564499,-0.425025,4.85596,185.446,508.574,-0.278697,-0.352199,4.66652,270.323,526.672,-0.737465,-0.171534,4.83386,130.918,586.716,-0.335623,-0.0871649,4.52362,248.594,611.067,-0.765891,-0.167189,4.80903,120.86,587.797,-0.349549,-0.0771888,4.48894,243.075,614.18,-0.716749,-0.160342,4.85305,138.234,590.389,-0.328052,-0.0818911,4.55471,251.85,613.003,-0.829672,0.0694851,4.91176,106.363,661.242,-0.299057,0.175258,4.56089,261.543,697.699,-0.710804,0.888424,5.08477,150.096,902.356,-0.394186,0.937825,4.81642,237.109,932.375,-0.789168,0.890168,5.08893,127.145,902.656,-0.380212,0.949455,4.74032,239.563,940.753,-0.850498,0.887168,4.91197,100.008,911.202,-0.545138,0.93042,4.65375,184.108,940.205,-0.749986,0.889296,5.08685,138.616,902.506,-0.387199,0.94364,4.77837,238.326,936.53
16,0.533333,2,512.19,671.263,0.722603,0.172254,6.27596,532.887,681.213,0.711944,0.183153,6.19731,532.498,684.376,0.733262,0.161356,6.35461,533.266,678.128,0.602491,-0.185623,6.23842,505.017,595.321,0.551014,-0.338999,6.22233,492.97,558.194,0.667587,0.594054,6.25854,520.168,782.526,0.534774,0.476455,6.54401,482.707,749.325,0.80223,0.967534,6.30374,551.092,870.468,0.54777,0.854749,6.65949,483.509,832.726,0.640877,1.02404,6.30231,512.692,883.983,0.413459,0.955633,6.72791,452.277,853.282,0.378246,-0.411626,6.21725,451.352,540.586,0.522134,-0.266135,6.05686,489.442,574.022,0.656524,-0.342103,6.3577,515.058,559.202,0.495298,-0.298845,6.06248,482.676,565.982,0.630077,-0.372769,6.3672,508.589,552.091,0.494902,0.00474453,5.98673,484.129,641.19,0.799594,-0.146975,6.48367,545.179,605.962,0.515584,0.0309765,5.9695,489.689,647.792,0.819835,-0.124954,6.49441,549.552,611.11,0.46887,-0.00514817,6.00819,477.179,638.713,0.766051,-0.158356,6.47776,537.572,603.293,0.306868,0.178257,6.0181,436.566,684.476,0.575183,-0.0934205,6.59652,490.928,618.735,0.622123,1.01467,6.33552,507.447,880.483,0.384374,0.959676,6.70203,446.117,855.011,0.659632,1.03341,6.2691,517.993,887.52,0.442544,0.951591,6.75379,458.39,851.566,0.841242,1.01338,6.305,560.345,881.34,0.589035,0.893069,6.65958,492.812,841.363,0.640877,1.02404,6.30231,512.692,883.983,0.413459,0.955633,6.72791,452.277,853.282
17,0.566667,1,182.241,664.26,-0.644304,0.112723,4.64773,151.842,676.418,-0.711264,0.0966741,4.68893,132.228,670.958,-0.577344,0.128772,4.60654,171.807,681.975,-0.486273,-0.237455,4.74173,206.012,564.805,-0.418546,-0.387532,4.78201,228.576,518.314,-0.757651,0.447571,4.94513,129.944,775.902,-0.440081,0.50237,4.78683,221.953,797.586,-0.891439,0.831801,4.91288,87.543,894.229,-0.501836,0.896334,4.70254,199.759,926.207,-0.850217,0.88862,5.07569,108.477,902.884,-0.36253,0.948923,4.79509,246.476,937.15,-0.284952,-0.460081,4.92452,273.114,499.714,-0.592744,-0.385359,4.83712,175.998,520.375,-0.305343,-0.313872,4.65546,261.515,538.764,-0.570536,-0.411428,4.86338,183.848,512.972,-0.280826,-0.338093,4.67876,269.874,531.495,-0.739137,-0.154628,4.84195,130.783,592.048,-0.333383,-0.0694662,4.53979,249.732,617.024,-0.766473,-0.149399,4.81594,121.021,593.419,-0.346767,-0.0595846,4.50459,244.409,620.138,-0.719165,-0.144163,4.8622,137.905,595.479,-0.326444,-0.0641831,4.57081,252.76,618.915,-0.833009,0.0853385,4.92064,105.803,666.042,-0.298238,0.193586,4.5733,262.079,703.56,-0.811287,0.889643,5.08063,120.227,902.931,-0.368749,0.942571,4.8332,245.439,932.834,-0.889147,0.887596,5.07076,96.7045,902.836,-0.35631,0.955274,4.75699,247.529,941.536,-0.91715,0.87718,4.88536,78.1056,909.609,-0.524339,0.944279,4.67451,191.57,943.324,-0.850217,0.88862,5.07569,108.477,902.884,-0.36253,0.948923,4.79509,246.476,937.15
17,0.566667,2,508.691,678.942,0.708228,0.209384,6.36866,526.981,689.367,0.697923,0.218531,6.29075,526.59,692.162,0.718533,0.200237,6.44657,527.363,686.64,0.599583,-0.157931,6.34308,501.936,602.614,0.553021,-0.315352,6.33212,491.14,565.219,0.667101,0.625984,6.33275,518.177,788.427,0.533295,0.521547,6.62314,480.906,758.242,0.855732,0.969444,6.36592,561.846,868.667,0.49884,0.888269,6.74783,471.004,837.662,0.70429,1.03408,6.32652,527.159,885.432,0.351406,0.96051,6.82584,437.303,851.294,0.381755,-0.394055,6.3298,450.56,546.522,0.515507,-0.249066,6.16176,485.624,579.305,0.661381,-0.306478,6.4703,513.487,568.876,0.491163,-0.282713,6.17022,479.527,571.2,0.636425,-0.33851,6.47964,507.482,561.555,0.471476,0.0194215,6.0915,476.219,644.787,0.778219,-0.0931952,6.59787,537.109,618.79,0.487564,0.0473003,6.07208,480.569,651.697,0.798662,-0.0689088,6.6082,541.477,624.342,0.44883,0.00714386,6.11684,470.179,641.754,0.74506,-0.106789,6.59237,529.704,615.676,0.273903,0.171387,6.15727,426.796,681.796,0.557276,-0.0404782,6.71716,484.574,630.951,0.679124,1.02972,6.35641,520.428,883.248,0.321278,0.961945,6.80082,430.935,852.389,0.729457,1.03844,6.29662,533.954,887.637,0.381535,0.959075,6.85087,443.624,850.208,0.899417,1.01048,6.36937,572.035,878.217,0.532986,0.932452,6.74966,478.57,847.437,0.70429,1.03408,6.32652,527.159,885.432,0.351406,0.96051,6.82584,437.303,851.294
18,0.6,1,184.821,668.976,-0.631383,0.134071,4.6396,155.659,683.391,-0.699614,0.120439,4.68014,135.538,678.641,-0.563151,0.147704,4.59907,176.135,688.224,-0.484173,-0.219291,4.7419,206.683,570.56,-0.421082,-0.370732,4.78574,227.882,523.68,-0.780366,0.455783,4.94739,123.155,778.332,-0.393458,0.504164,4.78492,236.529,798.212,-0.950208,0.82607,4.90919,69.3626,892.668,-0.456002,0.894675,4.68111,213.728,926.985,-0.930673,0.888301,5.07471,84.6221,902.84,-0.318217,0.95093,4.77296,259.89,939.16,-0.289115,-0.441651,4.92913,271.927,505.46,-0.596242,-0.366237,4.8361,174.873,526.287,-0.302175,-0.29764,4.66309,262.697,544.157,-0.574923,-0.392217,4.86311,182.484,518.897,-0.279183,-0.322347,4.68734,270.566,536.738,-0.737436,-0.132933,4.83639,131.047,598.728,-0.324041,-0.0488863,4.55613,253.206,623.889,-0.763384,-0.126688,4.80948,121.665,600.447,-0.335523,-0.0387243,4.52037,248.547,627.137,-0.718127,-0.123232,4.85761,138.016,601.907,-0.319052,-0.0440308,4.58707,255.56,625.587,-0.827847,0.10773,4.91514,107.095,672.911,-0.295463,0.214597,4.5899,263.341,710.204,-0.892587,0.892098,5.08331,96.3385,903.517,-0.324776,0.945409,4.81111,258.637,935.064,-0.96876,0.884503,5.0661,72.8659,902.161,-0.311658,0.95645,4.73481,261.163,943.321,-0.977608,0.86876,4.87941,59.1567,907.347,-0.478569,0.941583,4.65117,205.501,943.976,-0.930673,0.888301,5.07471,84.6221,902.84,-0.318217,0.95093,4.77296,259.89,939.16
18,0.6,2,507.025,689.178,0.692751,0.261738,6.36089,523.531,701.786,0.676794,0.270931,6.2838,521.725,704.741,0.708707,0.252546,6.43799,525.295,698.902,0.598921,-0.115875,6.34463,501.745,612.576,0.558709,-0.277709,6.33765,492.373,574.203,0.656447,0.67213,6.34992,515.229,798.938,0.52728,0.556793,6.63865,479.262,765.938,0.906113,0.967161,6.38316,573.152,867.513,0.491103,0.915598,6.76771,468.962,843.145,0.766887,1.05061,6.34403,541.513,888.667,0.359422,0.982861,6.87284,438.526,854.733,0.388444,-0.357614,6.34089,451.986,555.315,0.513718,-0.21638,6.16625,485.097,587.309,0.670734,-0.262009,6.47513,515.541,579.241,0.491485,-0.250472,6.17664,479.482,579.109,0.647067,-0.29614,6.48257,509.88,571.405,0.470222,0.0465668,6.0949,475.845,651.472,0.747523,-0.044456,6.61904,529.579,629.915,0.483356,0.0749727,6.0757,479.457,658.529,0.765843,-0.0187472,6.63162,533.406,635.755,0.449754,0.0325451,6.12193,470.314,647.983,0.71632,-0.0604342,6.61095,522.699,626.273,0.27454,0.175371,6.18591,426.641,682.569,0.524817,-0.0106297,6.72749,477.138,637.627,0.741599,1.04974,6.3741,534.7,887.289,0.324936,0.982954,6.85426,431.184,855.335,0.792175,1.05148,6.31396,548.392,890.059,0.393908,0.982769,6.89141,445.828,854.134,0.956209,0.99995,6.3863,584.826,875.11,0.522708,0.960728,6.76273,476.059,853.315,0.766887,1.05061,6.34403,541.513,888.667,0.359422,0.982861,6.87284,438.526,854.733
19,0.633333,1,189.925,672.273,-0.605941,0.147652,4.61926,163.03,687.996,-0.676181,0.135311,4.65823,142.036,683.617,-0.535702,0.159993,4.58029,184.38,692.451,-0.470341,-0.20507,4.7219,210.432,574.788,-0.412226,-0.356236,4.76589,230.122,527.763,-0.791671,0.457885,4.93476,119.109,779.326,-0.344136,0.504604,4.77627,251.811,798.637,-0.988043,0.810972,4.84037,53.4933,891.576,-0.405106,0.898295,4.661,229.494,929.389,-0.991684,0.886036,5.00186,62.2962,905.988,-0.265735,0.953004,4.75137,276.021,941.175,-0.284358,-0.430632,4.91465,273.121,508.43,-0.590421,-0.349083,4.81257,175.784,531.083,-0.28936,-0.282894,4.64358,266.432,548.523,-0.569408,-0.375219,4.83971,183.337,523.585,-0.267545,-0.30797,4.66843,273.947,540.944,-0.729905,-0.112705,4.80813,132.054,604.803,-0.312882,-0.0336134,4.53392,256.379,628.868,-0.754907,-0.105424,4.78066,122.891,606.887,-0.324219,-0.0229014,4.4984,251.776,632.356,-0.71086,-0.103628,4.8303,139.02,607.786,-0.307869,-0.029053,4.56517,258.737,630.444,-0.816265,0.130721,4.88986,109.344,680.141,-0.283226,0.230887,4.57419,267.026,715.793,-0.955014,0.892636,5.01411,74.0048,907.315,-0.272189,0.948076,4.78961,274.668,937.225,-1.02835,0.879436,4.98961,50.5302,904.655,-0.259282,0.957933,4.71313,277.395,945.189,-1.01523,0.849197,4.80428,42.6943,905.413,-0.427368,0.945528,4.63045,221.413,946.616,-0.991684,0.886036,5.00186,62.2962,905.988,-0.265735,0.953004,4.75137,276.021,941.175
19,0.633333,2,504.498,699.262,0.683408,0.314647,6.357,521.425,714.321,0.659247,0.325436,6.27923,517.647,717.822,0.70757,0.303858,6.43478,525.112,710.906,0.607842,-0.068207,6.35517,503.617,623.884,0.575457,-0.232287,6.35438,495.982,585.11,0.587983,0.719153,6.34184,499.217,810.274,0.520351,0.570802,6.67499,477.055,768.404,0.926557,0.910843,6.28395,581.402,857.647,0.530419,0.949495,6.76699,477.697,850.688,0.833287,1.04983,6.28912,558.952,890.653,0.412503,1.00607,6.88856,449.917,859.302,0.406995,-0.316834,6.36333,456.039,565.237,0.532449,-0.180465,6.17921,489.386,596.147,0.685893,-0.207525,6.49483,518.574,592.022,0.510727,-0.213458,6.1902,483.887,588.221,0.662878,-0.242246,6.50171,513.091,584.054,0.508754,0.084002,6.09064,485.426,660.709,0.73459,0.0149664,6.64581,525.974,643.382,0.520956,0.112126,6.07169,488.835,667.729,0.740408,0.0400668,6.66114,526.903,649.032,0.488276,0.0696542,6.11892,479.821,657.093,0.71157,-0.00504446,6.62739,521.219,638.857,0.312025,0.201552,6.19565,435.622,688.848,0.485179,-0.018533,6.63534,469.795,635.806,0.819494,1.05478,6.32561,554.529,890.381,0.375901,1.00494,6.87457,442.105,859.501,0.847081,1.04488,6.25262,563.426,890.928,0.449105,1.00721,6.90255,457.697,859.105,0.984222,0.92047,6.26963,595.719,860.45,0.560709,0.997047,6.75633,484.615,861.589,0.833287,1.04983,6.28912,558.952,890.653,0.412503,1.00607,6.88856,449.917,859.302
20,0.666667,1,190.754,676.911,-0.59047,0.17113,4.57835,166.344,696.125,-0.662854,0.159144,4.61455,144.31,691.785,-0.518087,0.183115,4.54214,188.729,700.535,-0.464077,-0.186801,4.67623,210.983,580.017,-0.409909,-0.3402,4.71818,229.547,531.731,-0.812459,0.45886,4.89942,111,780.63,-0.32005,0.511733,4.75697,258.975,801.531,-1.02014,0.796111,4.77303,39.0715,890.45,-0.367747,0.906981,4.63711,240.919,933.693,-1.0512,0.878201,4.92816,39.7092,907.579,-0.230155,0.96161,4.72942,286.927,945.305,-0.284819,-0.41035,4.86738,272.135,513.409,-0.585843,-0.334466,4.76247,175.29,534.546,-0.287171,-0.268131,4.59803,266.22,552.437,-0.565536,-0.360826,4.78973,182.707,526.882,-0.265137,-0.293314,4.62233,273.87,544.717,-0.724226,-0.0989571,4.76167,131.62,608.795,-0.312989,-0.0212023,4.48684,255.255,632.904,-0.748614,-0.0916556,4.73404,122.552,610.928,-0.325627,-0.0113204,4.45181,250.169,636.182,-0.705922,-0.0900984,4.78387,138.425,611.72,-0.30673,-0.0160196,4.51739,258.044,634.675,-0.815031,0.141313,4.84187,107.242,683.824,-0.280562,0.242401,4.51748,266.744,720.571,-1.01694,0.887313,4.94489,51.1973,909.44,-0.237606,0.957417,4.76755,285.165,941.543,-1.08547,0.86909,4.91143,28.1428,905.705,-0.222704,0.965803,4.69128,288.718,949.129,-1.04496,0.830816,4.73205,28.416,903.632,-0.388563,0.954246,4.60519,233.306,951.14,-1.0512,0.878201,4.92816,39.7092,907.579,-0.230155,0.96161,4.72942,286.927,945.305
20,0.666667,2,498.524,711.677,0.672343,0.374138,6.38912,518.013,727.929,0.65296,0.384689,6.30778,515.436,731.575,0.691725,0.363587,6.47046,520.524,724.375,0.600997,-0.0103722,6.3875,501.281,637.562,0.57042,-0.175162,6.3868,494.108,598.819,0.494454,0.752222,6.35925,476.752,817.616,0.516201,0.627184,6.72059,475.333,780.13,0.853684,0.887159,6.30858,563.193,851.161,0.59705,0.988027,6.83211,491.219,857.148,0.847049,1.06005,6.30297,561.793,892.535,0.47208,1.04167,6.94369,462.086,865.259,0.406409,-0.260831,6.37763,455.686,578.59,0.549224,-0.121442,6.2069,492.867,610.621,0.654833,-0.14932,6.54512,510.23,605.744,0.525976,-0.153534,6.21411,487.095,602.9,0.631277,-0.183209,6.54877,504.745,597.992,0.549893,0.144325,6.12522,494.803,675.38,0.686228,0.0757794,6.69565,513.893,656.994,0.564717,0.172563,6.10908,498.803,682.414,0.692019,0.101386,6.71176,514.819,662.682,0.52579,0.129432,6.15039,488.367,671.6,0.664614,0.056579,6.6746,509.516,652.728,0.345594,0.257094,6.2118,443.54,702.146,0.441128,0.0612022,6.65797,459.487,653.803,0.836326,1.07354,6.33835,558.126,894.323,0.437721,1.0459,6.92525,454.908,866.776,0.857773,1.04655,6.26759,565.501,890.727,0.50644,1.03744,6.96214,469.226,863.749,0.908055,0.871487,6.29566,576.578,847.856,0.63521,1.03191,6.83075,499.634,866.838,0.847049,1.06005,6.30297,561.793,892.535,0.47208,1.04167,6.94369,462.086,865.259
21,0.7,1,187.833,683.744,-0.597802,0.192149,4.59989,164.857,702.724,-0.669667,0.181575,4.63671,143.134,698.802,-0.525936,0.202724,4.56307,186.931,706.71,-0.4775,-0.168631,4.70038,207.46,586.13,-0.425942,-0.323251,4.74345,225.166,537.673,-0.84077,0.489755,4.89552,102.118,790.218,-0.310042,0.529976,4.75679,262.13,807.296,-1.05645,0.815187,4.75999,26.7377,897.154,-0.332282,0.92385,4.63335,252.315,939.398,-1.11269,0.903742,4.90563,19.4164,916.626,-0.190573,0.978399,4.72089,299.385,951.196,-0.302558,-0.39446,4.8947,267.184,518.99,-0.602534,-0.312897,4.78498,170.921,541.811,-0.30231,-0.253489,4.62089,261.764,557.628,-0.583287,-0.339419,4.81261,178.011,534.099,-0.28098,-0.279519,4.64522,269.174,549.646,-0.74345,-0.0797797,4.76943,125.94,614.883,-0.324358,-0.00409544,4.51393,252.102,638.638,-0.767614,-0.0729103,4.74156,116.911,616.911,-0.336124,0.00575888,4.47845,247.302,641.931,-0.724918,-0.0703743,4.79205,132.851,617.949,-0.319014,0.00102365,4.54435,254.59,640.338,-0.82906,0.162411,4.84831,103.233,690.3,-0.294281,0.259998,4.5422,262.717,725.95,-1.08148,0.915298,4.92631,30.3609,918.987,-0.197118,0.975111,4.75926,297.809,947.65,-1.14391,0.892187,4.88496,8.37927,914.244,-0.184028,0.981687,4.68252,300.987,954.801,-1.0778,0.846939,4.71573,16.8132,909.678,-0.351504,0.970718,4.60081,245.28,956.812,-1.11269,0.903742,4.90563,19.4164,916.626,-0.190573,0.978399,4.72089,299.385,951.196
21,0.7,2,492.395,719.257,0.66544,0.418301,6.39828,516.167,738.168,0.637182,0.428173,6.31874,511.417,741.749,0.693697,0.40843,6.47781,520.799,734.674,0.591366,0.0412435,6.41033,498.522,649.661,0.55962,-0.120353,6.4155,490.98,611.831,0.393172,0.74274,6.43285,451.774,813.371,0.513997,0.643298,6.76774,474.041,782.729,0.757865,0.877582,6.37102,538.618,846.834,0.651811,1.00795,6.8204,503.501,861.907,0.745293,1.04625,6.39496,534.998,885.663,0.542059,1.05964,6.94285,477.233,869.173,0.397979,-0.21029,6.40549,453.293,590.704,0.549024,-0.0755843,6.23552,492.209,621.799,0.631581,-0.0822806,6.57979,504.132,621.223,0.523935,-0.106418,6.24225,486.032,614.401,0.607496,-0.115299,6.58464,498.533,613.707,0.567127,0.185447,6.13546,498.796,685.385,0.632202,0.166606,6.69771,501.733,677.351,0.584897,0.210895,6.118,503.553,691.761,0.637884,0.194961,6.71167,502.71,683.617,0.540674,0.175006,6.15966,491.802,682.662,0.611529,0.145088,6.67792,497.505,672.624,0.365283,0.328226,6.19498,448.538,719.557,0.382951,0.16399,6.65299,446.431,677.012,0.73915,1.05364,6.43304,532.528,885.935,0.505942,1.06383,6.92834,469.651,870.56,0.751436,1.03886,6.35688,537.497,885.388,0.578176,1.05545,6.95736,484.784,867.791,0.811423,0.86532,6.34975,551.882,844.627,0.691846,1.05142,6.8122,512.498,871.757,0.745293,1.04625,6.39496,534.998,885.663,0.542059,1.05964,6.94285,477.233,869.173
22,0.733333,1,185.74,684.823,-0.600219,0.197375,4.62282,165.04,704.11,-0.672813,0.187389,4.65832,143.126,700.403,-0.527626,0.207361,4.58732,187.293,707.875,-0.485976,-0.169195,4.71396,205.2,586.106,-0.437014,-0.326296,4.75301,221.94,536.917,-0.860179,0.496978,4.89913,96.359,792.322,-0.30937,0.539081,4.76413,262.493,809.907,-1.07849,0.816743,4.76236,19.9548,897.517,-0.296595,0.931043,4.64281,264.076,941.114,-1.13918,0.906335,4.90576,11.318,917.412,-0.152696,0.984712,4.72941,311.52,952.64,-0.311185,-0.401755,4.90111,264.662,516.914,-0.614353,-0.313038,4.795,167.614,541.972,-0.315799,-0.257525,4.62873,257.555,556.459,-0.595523,-0.3407,4.82198,174.555,533.907,-0.294237,-0.284066,4.65198,265.027,548.31,-0.751922,-0.0792236,4.7819,123.889,615.123,-0.340489,-0.0124992,4.51626,246.795,635.844,-0.775169,-0.0720798,4.7533,115.125,617.23,-0.353969,-0.00312948,4.48136,241.396,638.951,-0.734248,-0.0701541,4.80495,130.546,618.077,-0.333384,-0.00688481,4.54641,249.892,637.726,-0.841146,0.161495,4.85843,100.033,689.912,-0.304224,0.250215,4.54038,259.389,722.749,-1.10858,0.918153,4.92718,22.1609,919.808,-0.159214,0.982239,4.76784,309.858,949.341,-1.16979,0.894517,4.88433,0.379945,914.996,-0.146178,0.987185,4.69098,313.209,955.993,-1.09927,0.847658,4.71766,10.1181,909.797,-0.313378,0.977648,4.60955,257.917,958.468,-1.13918,0.906335,4.90576,11.318,917.412,-0.152696,0.984712,4.72941,311.52,952.64
22,0.733333,2,488.941,722.22,0.664075,0.443143,6.37944,516.307,744.305,0.629421,0.450414,6.30051,510.006,747.344,0.698728,0.435872,6.45836,522.453,741.34,0.58593,0.0718218,6.40049,497.46,656.849,0.55244,-0.0873158,6.40951,489.42,619.544,0.319875,0.702654,6.42678,434.736,804.169,0.518447,0.63637,6.77881,474.84,780.961,0.647987,0.895002,6.3225,513.893,852.558,0.707858,0.979841,6.74283,517.633,858.201,0.588234,1.05375,6.33293,499.472,889.848,0.622721,1.05648,6.86916,496.123,870.941,0.394364,-0.174494,6.39356,452.618,599.019,0.552459,-0.0480018,6.23178,493.116,628.434,0.606873,-0.039119,6.57979,498.493,631.073,0.526384,-0.0781455,6.23669,486.733,621.186,0.583025,-0.0719709,6.5847,492.952,623.588,0.577685,0.210538,6.12853,501.539,691.584,0.572451,0.225728,6.66235,489.019,690.875,0.597439,0.234045,6.11062,506.809,697.512,0.58696,0.256827,6.67455,492.047,697.778,0.550417,0.203079,6.15174,494.35,689.569,0.547534,0.206853,6.64685,483.691,686.729,0.383061,0.376468,6.17226,453.189,731.585,0.330913,0.315335,6.659,434.619,711.106,0.581942,1.06316,6.37043,497.168,890.596,0.585364,1.06192,6.85921,488.143,872.466,0.594525,1.04434,6.29544,501.804,889.092,0.660079,1.05104,6.8791,504.081,869.42,0.702086,0.89507,6.29822,527.385,853.394,0.750783,1.01626,6.72236,527.701,867,0.588234,1.05375,6.33293,499.472,889.848,0.622721,1.05648,6.86916,496.123,870.941
23,0.766667,1,182.523,687.467,-0.611531,0.199589,4.64863,162.469,704.469,-0.684443,0.190824,4.68408,140.59,701.172,-0.538619,0.208353,4.61318,184.683,707.818,-0.500372,-0.165909,4.73915,201.461,587.433,-0.452733,-0.322551,4.77794,217.72,538.632,-0.867212,0.515564,4.90286,94.4057,797.898,-0.320145,0.558987,4.73986,258.58,817.084,-1.07662,0.834542,4.75564,20.064,903.501,-0.257551,0.946019,4.6263,276.406,947.05,-1.12823,0.928461,4.89858,14.1651,924.601,-0.107561,0.99629,4.70816,325.696,957.744,-0.324283,-0.398479,4.92211,261.073,518.438,-0.629485,-0.312354,4.82146,163.958,542.723,-0.331889,-0.253814,4.65393,252.918,558.109,-0.61077,-0.339579,4.84804,170.829,534.824,-0.310361,-0.280538,4.67654,260.348,549.924,-0.765551,-0.0774736,4.80442,120.737,615.787,-0.357869,-0.00903738,4.54007,241.64,637.011,-0.789032,-0.0707229,4.7757,111.915,617.764,-0.372269,-0.000181556,4.50516,235.924,639.939,-0.747555,-0.0680295,4.82723,127.465,618.839,-0.350023,-0.0029552,4.56992,244.991,639.029,-0.852584,0.166865,4.87676,97.4885,691.378,-0.319929,0.255452,4.55717,254.585,724.17,-1.09642,0.93985,4.91848,25.2747,926.926,-0.112978,0.99466,4.74684,324.262,954.639,-1.16003,0.917071,4.87868,2.96487,922.256,-0.102144,0.99792,4.66949,327.154,960.899,-1.09789,0.864851,4.71034,10.0167,915.697,-0.271471,0.992695,4.59312,271.252,964.527,-1.12823,0.928461,4.89858,14.1651,924.601,-0.107561,0.99629,4.70816,325.696,957.744
23,0.766667,2,488.683,727.604,0.65331,0.468079,6.25386,516.861,752.386,0.612104,0.469503,6.18136,508.691,754.051,0.694516,0.466654,6.32635,524.843,750.76,0.577212,0.105915,6.29758,497.627,665.254,0.544599,-0.0492982,6.31632,489.466,628.28,0.250436,0.650994,6.29157,419.77,795.368,0.572108,0.668111,6.67323,488.731,790.333,0.488287,0.929207,6.11488,479.903,868.174,0.771196,1.02145,6.66603,533.716,870.088,0.372946,1.05437,6.09579,451.867,899.72,0.709644,1.07661,6.81706,516.31,877.139,0.385336,-0.136826,6.3232,451.505,607.508,0.538204,-0.020135,6.14064,491.606,635.076,0.597742,0.000156522,6.4826,498.455,640.036,0.511246,-0.0494095,6.147,484.885,627.93,0.574372,-0.0329956,6.48769,492.937,632.363,0.560423,0.228323,6.01943,499.799,696.956,0.527341,0.261636,6.55988,480.709,699.889,0.578023,0.250102,5.99844,504.694,702.607,0.544548,0.288095,6.58208,484.227,705.723,0.536234,0.222917,6.04629,493.171,695.36,0.507365,0.251444,6.53664,476.549,697.76,0.377922,0.400063,6.08336,453.283,738.748,0.341415,0.437016,6.52903,438.519,740.506,0.362347,1.06747,6.13111,448.742,901.431,0.671109,1.08207,6.81445,507.878,878.433,0.383545,1.04127,6.06046,455.028,897.989,0.74818,1.07115,6.81967,524.735,875.846,0.539118,0.945404,6.08672,492.997,873.226,0.811259,1.06217,6.64646,543.279,879.964,0.372946,1.05437,6.09579,451.867,899.72,0.709644,1.07661,6.81706,516.31,877.139
24,0.8,1,177.186,691.926,-0.631477,0.209259,4.63988,155.641,707.72,-0.703389,0.20072,4.67674,134.163,704.445,-0.559565,0.217798,4.60303,177.464,711.048,-0.516035,-0.156066,4.73048,196.199,590.461,-0.46656,-0.312634,4.76931,213.109,541.571,-0.863984,0.538529,4.88604,94.484,805.499,-0.338956,0.576479,4.68299,251.317,824.843,-1.04961,0.864712,4.73519,27.1612,914.206,-0.224343,0.95108,4.59033,286.614,951.111,-1.08601,0.960776,4.87902,25.7729,935.687,-0.0652918,1.00376,4.65767,338.951,963.596,-0.331933,-0.385276,4.90948,258.479,522.164,-0.64101,-0.301923,4.81711,160.188,545.886,-0.353903,-0.24778,4.64103,245.498,559.833,-0.622143,-0.32922,4.84391,167.142,537.945,-0.330466,-0.274021,4.66246,253.572,551.751,-0.778508,-0.0685556,4.80309,116.62,618.568,-0.38192,-0.00598395,4.52311,233.212,638.013,-0.803314,-0.0624484,4.77539,107.408,620.364,-0.39978,0.00236881,4.4898,226.298,640.792,-0.759531,-0.0586922,4.82481,123.622,621.734,-0.370567,0.000594497,4.55165,237.752,640.196,-0.862888,0.17502,4.87469,94.2029,693.912,-0.33237,0.255375,4.52615,249.736,724.721,-1.05251,0.970158,4.89713,37.2792,937.47,-0.0670779,1.00319,4.69671,338.555,960.725,-1.1195,0.951395,4.86091,14.1808,933.891,-0.0635056,1.00432,4.61862,339.354,966.516,-1.07018,0.89593,4.68977,17.3526,926.857,-0.238046,0.996648,4.55829,281.584,968.309,-1.08601,0.960776,4.87902,25.7729,935.687,-0.0652918,1.00376,4.65767,338.951,963.596
24,0.8,2,488.151,733.809,0.640541,0.487822,6.22742,514.448,757.624,0.591196,0.485038,6.15744,504.17,758.282,0.689886,0.490606,6.29741,524.497,756.981,0.564518,0.133621,6.28874,494.79,671.905,0.531937,-0.0181791,6.31502,486.482,635.677,0.230284,0.654622,6.27013,415.148,796.768,0.61517,0.721769,6.63311,499.258,803.389,0.340627,0.97941,6.07394,444.208,882.123,0.824182,1.05622,6.62911,546.686,879.245,0.189617,1.06354,6.06722,406.928,903.214,0.732158,1.1195,6.76039,522.621,888.655,0.371221,-0.105443,6.32043,448.192,614.95,0.518699,0.00815177,6.14007,486.848,641.994,0.599422,0.0234733,6.47603,498.985,645.443,0.492122,-0.0214705,6.14841,480.186,634.756,0.575793,-0.00999141,6.48137,493.396,637.685,0.5327,0.248213,6.0117,493.054,701.997,0.548256,0.271945,6.58652,484.988,701.997,0.549525,0.269622,5.9899,497.756,707.589,0.569284,0.295863,6.60813,489.358,707.229,0.508742,0.242957,6.03871,486.502,700.413,0.524706,0.264121,6.56572,479.999,700.404,0.345185,0.411411,6.06815,445.416,741.803,0.364753,0.446388,6.60082,442.974,741.545,0.178532,1.07289,6.1036,403.921,903.945,0.69481,1.12325,6.74966,514.571,889.882,0.200702,1.05419,6.03083,409.971,902.474,0.769506,1.11576,6.77112,530.645,887.431,0.379855,1.0098,6.04168,454.407,890.969,0.866863,1.09488,6.61527,556.764,888.519,0.189617,1.06354,6.06722,406.928,903.214,0.732158,1.1195,6.76039,522.621,888.655
25,0.833333,1,172.704,691.37,-0.655651,0.205029,4.6664,149.024,705.974,-0.724406,0.196899,4.70521,128.822,702.836,-0.586895,0.213158,4.6276,169.565,709.165,-0.535612,-0.158246,4.75774,190.959,590.057,-0.484167,-0.313935,4.79688,208.442,541.73,-0.857753,0.547721,4.91264,97.8256,807.412,-0.362529,0.573215,4.69008,243.934,823.519,-1.02484,0.888593,4.7641,36.9897,920.069,-0.220987,0.946721,4.62289,288.221,947.504,-1.05133,0.981904,4.91084,38.5418,940.232,-0.0545136,1.00291,4.67269,342.482,962.282,-0.345228,-0.383667,4.93326,254.921,523.222,-0.658543,-0.306295,4.84774,156.02,545.127,-0.372727,-0.248102,4.66614,240.057,560.161,-0.638525,-0.332757,4.87419,163.294,537.49,-0.349257,-0.273905,4.68755,248.123,552.26,-0.799187,-0.0763128,4.82888,111.49,616.27,-0.409485,-0.00948107,4.54638,224.757,636.869,-0.824816,-0.0711554,4.80181,102.074,617.749,-0.429648,-0.00143445,4.51447,217.094,639.523,-0.779526,-0.0656197,4.8499,118.654,619.684,-0.395935,-0.00256789,4.57399,230.022,639.157,-0.881221,0.168791,4.89711,89.7985,691.755,-0.357475,0.251223,4.54368,241.864,723.022,-1.0169,0.989627,4.92796,50.15,941.541,-0.0515515,1.00181,4.71166,343.571,959.268,-1.08576,0.974182,4.89371,26.8525,938.913,-0.0574757,1.004,4.63372,341.375,965.347,-1.04454,0.922198,4.71923,27.6478,933.424,-0.237211,0.99283,4.59444,282.474,964.478,-1.05133,0.981904,4.91084,38.5418,940.232,-0.0545136,1.00291,4.67269,342.482,962.282
25,0.833333,2,485.289,737.945,0.612182,0.490678,6.11397,510.349,760.508,0.563731,0.487223,6.04392,500.054,761.046,0.660634,0.494134,6.18403,520.41,759.982,0.535156,0.13852,6.18374,489.949,673.636,0.502144,-0.0124053,6.21364,481.346,637.002,0.192076,0.666321,6.08987,407.36,804.293,0.63324,0.751951,6.50821,506.1,813.488,0.207952,1.00825,5.90192,412.907,896.518,0.860303,1.06727,6.53806,557.581,885.113,0.0393001,1.05235,5.89401,370.012,908.097,0.776247,1.13039,6.67635,534.584,894.233,0.345734,-0.10344,6.22758,443.361,615.059,0.48567,0.00680065,6.04049,480.729,641.691,0.58098,0.0303911,6.36382,497.084,647.171,0.459218,-0.0227293,6.05009,473.972,634.359,0.55687,-0.00151634,6.37348,491.196,639.643,0.487325,0.248829,5.90727,483.872,703.249,0.607018,0.28063,6.48491,500.553,704.979,0.500919,0.271582,5.88535,487.802,709.29,0.632292,0.304235,6.49887,506.091,710.293,0.464804,0.241438,5.9354,477.588,701.08,0.577077,0.272498,6.47158,493.895,703.226,0.285413,0.392431,5.9788,431.681,738.558,0.41761,0.4438,6.54006,455.881,741.894,0.0256203,1.05668,5.93047,366.487,907.545,0.738758,1.13616,6.66706,526.383,895.887,0.0529799,1.04802,5.85755,373.581,908.656,0.813737,1.12462,6.68564,542.761,892.584,0.237469,1.04805,5.87125,420.732,908.035,0.904468,1.10323,6.52561,568.12,893.856,0.0393001,1.05235,5.89401,370.012,908.097,0.776247,1.13039,6.67635,534.584,894.233
26,0.866667,1,168.059,691.607,-0.679026,0.206045,4.69141,142.667,705.948,-0.747693,0.19752,4.73206,122.745,702.676,-0.610359,0.21457,4.65076,162.938,709.277,-0.555599,-0.156438,4.77905,185.433,590.848,-0.502701,-0.311788,4.81661,203.285,542.801,-0.859187,0.556641,4.94069,98.8785,809.173,-0.384513,0.573045,4.72434,237.788,822.134,-1.00704,0.907833,4.79385,44.5676,924.357,-0.268246,0.953378,4.64404,273.268,948.256,-1.02372,1.00033,4.94222,48.971,943.922,-0.103773,1.01683,4.68963,326.773,965.576,-0.361947,-0.374648,4.94955,250.195,526.342,-0.674855,-0.308684,4.86966,151.909,544.817,-0.392876,-0.244762,4.68564,234.099,561.563,-0.65436,-0.334515,4.89574,159.303,537.402,-0.368937,-0.270203,4.70663,242.298,553.797,-0.81891,-0.0794457,4.85289,106.616,615.418,-0.433724,-0.00699997,4.56322,217.28,637.697,-0.845337,-0.0746698,4.82646,97.0071,616.769,-0.454982,0.000607014,4.53189,209.25,640.201,-0.79877,-0.0684427,4.87332,113.884,618.912,-0.419254,0.000300646,4.59029,222.855,640.098,-0.901598,0.165872,4.92179,84.937,690.605,-0.38251,0.254339,4.5547,233.897,723.848,-0.988461,1.00632,4.95835,60.6597,944.75,-0.100218,1.01684,4.72857,328.176,962.898,-1.05897,0.994328,4.92609,37.2058,943.089,-0.107329,1.01681,4.65068,325.347,968.298,-1.02558,0.943069,4.74947,35.7614,938.154,-0.287641,0.998175,4.61473,266.406,964.79,-1.02372,1.00033,4.94222,48.971,943.922,-0.103773,1.01683,4.68963,326.773,965.576
26,0.866667,2,477.531,746.073,0.557543,0.510048,6.09097,497.447,765.738,0.507768,0.505011,6.02261,486.597,765.91,0.607319,0.515085,6.15932,508.056,765.571,0.49485,0.149818,6.17037,480.422,676.458,0.467981,-0.00456619,6.2044,473.259,638.895,0.165867,0.731704,6.0214,401.362,822.465,0.634719,0.801637,6.4516,507.726,826.575,0.110445,1.06835,5.85181,388.34,914.136,0.884447,1.08641,6.48809,564.69,891.431,-0.0633719,1.09889,5.84286,343.714,922.405,0.814421,1.14838,6.63585,544.287,899.855,0.320513,-0.0978212,6.27464,436.701,616.591,0.439294,0.0142609,6.02808,469.426,643.552,0.557946,0.0522525,6.34611,492.016,652.364,0.413408,-0.0162493,6.03995,462.775,635.96,0.536873,0.0193605,6.35922,486.768,644.571,0.431966,0.248894,5.88777,470.164,703.476,0.582634,0.310237,6.44845,495.67,712.241,0.445014,0.271692,5.86518,473.929,709.556,0.613607,0.332918,6.45476,502.742,717.446,0.409429,0.241162,5.9162,463.915,701.208,0.551258,0.303932,6.44298,488.473,710.832,0.224916,0.38267,5.95355,416.727,736.514,0.446697,0.502757,6.54288,462.515,755.38,-0.0781515,1.10051,5.8792,340.04,921.072,0.776703,1.15664,6.62948,535.921,901.976,-0.0485922,1.09728,5.80652,347.434,923.755,0.852139,1.14011,6.64222,552.637,897.737,0.134673,1.11168,5.82382,394.723,926.624,0.929915,1.11887,6.47502,575.648,899.467,-0.0633719,1.09889,5.84286,343.714,922.405,0.814421,1.14838,6.63585,544.287,899.855
27,0.9,1,163.474,689.695,-0.69739,0.196331,4.71213,137.771,702.562,-0.766388,0.188136,4.75262,117.864,699.44,-0.628391,0.204525,4.67165,158.023,705.738,-0.573842,-0.161858,4.79959,180.473,589.363,-0.520894,-0.315367,4.83708,198.301,542.102,-0.858016,0.558073,4.95724,100.105,809.042,-0.415164,0.566074,4.77621,229.479,817.964,-0.991151,0.917877,4.80226,50.0892,927,-0.344542,0.963101,4.69442,249.795,948.058,-0.999841,1.01192,4.95041,56.7281,946.935,-0.182694,1.03097,4.73872,302.11,966.684,-0.374157,-0.373812,4.9671,246.892,526.996,-0.696241,-0.311472,4.89215,146.301,544.399,-0.410193,-0.245671,4.70436,229.073,561.585,-0.67524,-0.336963,4.91792,153.833,537.117,-0.386656,-0.271126,4.72541,237.135,553.846,-0.842757,-0.0845596,4.86391,99.8286,613.895,-0.458233,-0.007146,4.58575,209.956,637.66,-0.869373,-0.080845,4.83722,90.1313,614.904,-0.478425,0.00116467,4.55374,202.243,640.384,-0.822268,-0.0726734,4.88415,107.206,617.658,-0.445014,-0.000552535,4.61419,215.183,639.82,-0.923164,0.162211,4.92494,78.5375,689.456,-0.413718,0.253971,4.59549,224.819,722.984,-0.963887,1.01707,4.96532,68.5113,947.571,-0.178714,1.03081,4.77765,303.832,963.971,-1.03579,1.00676,4.9355,44.8738,946.294,-0.186675,1.03113,4.69979,300.358,969.442,-1.00943,0.954017,4.75783,41.4278,941.085,-0.367517,1.00842,4.66604,241.731,964.515,-0.999841,1.01192,4.95041,56.7281,946.935,-0.182694,1.03097,4.73872,302.11,966.684
27,0.9,2,468.893,752.283,0.502078,0.530728,6.09892,483.612,770.666,0.449268,0.528246,6.03765,471.733,771.374,0.554887,0.533209,6.16018,495.255,769.971,0.456383,0.16332,6.16733,471.116,679.763,0.436799,0.00585902,6.19665,465.844,641.42,0.145545,0.808226,6.01606,396.327,841.727,0.617218,0.82101,6.45068,503.673,831.111,0.0712643,1.14937,5.84479,378.308,935.281,0.882954,1.10264,6.48034,564.589,895.493,-0.103029,1.1864,5.83612,333.492,945.245,0.873642,1.16067,6.64718,557.351,902.188,0.307517,-0.0704775,6.30793,433.202,623.223,0.378016,0.0309296,6.02732,454.173,647.705,0.555868,0.0496646,6.31386,492.196,651.811,0.354653,-0.00031364,6.04278,448.127,639.922,0.53774,0.0151157,6.32789,487.602,643.587,0.350561,0.270824,5.8997,449.223,708.929,0.591748,0.287049,6.44606,497.843,706.866,0.361,0.295215,5.87747,452.227,715.421,0.611783,0.31599,6.45359,502.344,713.521,0.330796,0.260736,5.92939,443.771,706.029,0.561671,0.269441,6.444,490.879,702.784,0.146838,0.392565,5.98828,396.82,738.436,0.398705,0.350024,6.5942,450.789,719.704,-0.117641,1.18837,5.87254,329.92,943.856,0.83659,1.17102,6.65457,548.771,904.232,-0.0884168,1.18443,5.79969,337.109,946.652,0.910694,1.15032,6.63979,565.949,900.14,0.0951536,1.19282,5.81639,384.565,947.938,0.924335,1.13431,6.45591,574.988,903.826,-0.103029,1.1864,5.83612,333.492,945.245,0.873642,1.16067,6.64718,557.351,902.188
28,0.933333,1,158.185,685.727,-0.720748,0.183524,4.73284,131.333,698.226,-0.789721,0.174542,4.77216,111.515,694.92,-0.651775,0.192507,4.69352,151.483,701.587,-0.592624,-0.175553,4.82319,175.504,585.347,-0.537713,-0.329443,4.86191,193.932,538.254,-0.86114,0.550354,4.98704,100.717,805.707,-0.454041,0.558256,4.83365,218.954,813.421,-0.978502,0.91862,4.82872,55.7204,925.658,-0.436238,0.962636,4.73817,221.753,945.066,-0.979102,1.01916,4.97421,64.4396,947.653,-0.284263,1.04398,4.7906,270.901,967.224,-0.390571,-0.383609,4.99466,242.581,524.674,-0.715747,-0.325743,4.9126,141.228,540.435,-0.424727,-0.257482,4.73163,225.215,558.289,-0.694545,-0.351233,4.9391,148.848,533.22,-0.401357,-0.282255,4.75343,233.215,550.839,-0.865171,-0.0976573,4.88457,94.0387,609.979,-0.479769,-0.0165781,4.61491,203.897,634.606,-0.891707,-0.0936323,4.85788,84.3755,611.058,-0.499619,-0.00845456,4.58259,196.292,637.23,-0.844862,-0.0858378,4.90509,101.369,613.723,-0.467383,-0.00982714,4.64359,208.866,636.822,-0.947847,0.151228,4.94887,72.4091,685.885,-0.445917,0.249504,4.62764,215.311,720.958,-0.942641,1.02339,4.9881,76.2381,948.069,-0.282909,1.04525,4.82968,272.043,964.97,-1.01556,1.01494,4.96033,52.5751,947.236,-0.285618,1.04271,4.75153,269.74,969.515,-0.99571,0.95449,4.7838,47.4623,939.599,-0.462431,1.00527,4.70704,212.483,960.684,-0.979102,1.01916,4.97421,64.4396,947.653,-0.284263,1.04398,4.7906,270.901,967.224
28,0.933333,2,457.508,759.091,0.449344,0.560095,6.14812,469.744,776.792,0.394537,0.558907,6.08968,457.283,777.812,0.504151,0.561282,6.20656,481.97,775.792,0.415248,0.187515,6.20515,460.484,685.376,0.400635,0.0278386,6.2296,456.568,646.71,0.121925,0.867542,6.05808,390.22,855.03,0.558445,0.844756,6.50197,488.967,835.087,0.0798198,1.20654,5.87241,380.41,948.508,0.836652,1.10884,6.44116,555.04,898.492,-0.0937638,1.24681,5.86969,336.014,958.954,0.872099,1.19005,6.59328,558.613,911.024,0.301673,-0.0723097,6.36488,431.169,622.941,0.30555,0.0578692,6.07445,435.53,654.305,0.550787,0.0694255,6.30948,491.079,656.522,0.286915,0.0263085,6.09432,430.692,646.482,0.537668,0.0379889,6.33047,487.532,649.011,0.248015,0.297055,5.95598,422.527,714.89,0.661212,0.314867,6.34728,516.421,714.487,0.25351,0.32249,5.93242,424.166,721.626,0.682181,0.342024,6.34232,521.508,720.975,0.234117,0.28564,5.98919,418.696,711.613,0.630476,0.299876,6.35845,508.888,710.816,0.0563516,0.410521,6.08635,373.902,741.279,0.506327,0.40772,6.5291,476.445,733.767,-0.106553,1.25123,5.90669,332.913,958.079,0.838765,1.20562,6.60702,550.624,913.999,-0.0809747,1.24239,5.83269,339.154,959.839,0.905434,1.17448,6.57954,566.635,908.036,0.104574,1.24776,5.84098,386.883,960.765,0.872733,1.13242,6.40178,564.702,905.612,-0.0937638,1.24681,5.86969,336.014,958.954,0.872099,1.19005,6.59328,558.613,911.024
29,0.966667,1,150.487,680.991,-0.746999,0.166176,4.73166,122.945,692.735,-0.81754,0.155154,4.77035,102.663,688.838,-0.676457,0.177199,4.69298,143.561,696.696,-0.616705,-0.188931,4.83,168.278,581.265,-0.560865,-0.34112,4.87215,187.146,534.869,-0.873163,0.534898,4.99062,97.2858,800.938,-0.498837,0.544991,4.86328,205.982,808.268,-0.970254,0.906896,4.82593,58.1109,922.176,-0.522078,0.949003,4.7625,195.395,939.21,-0.957853,1.0212,4.96167,70.1231,949.048,-0.385717,1.03979,4.83412,240.19,962.975,-0.411812,-0.394315,5.00493,236.45,521.699,-0.73934,-0.337462,4.91848,134.287,536.977,-0.445145,-0.271056,4.7452,219.139,554.228,-0.71871,-0.362702,4.94629,141.819,529.894,-0.421863,-0.295043,4.76785,227.141,547.081,-0.889362,-0.110325,4.88779,86.7825,606.107,-0.500812,-0.0331371,4.62238,197.313,629.236,-0.915498,-0.106421,4.86076,77.1892,607.125,-0.519655,-0.0271366,4.58886,189.96,631.12,-0.869446,-0.098375,4.90859,94.0327,609.907,-0.490083,-0.0248477,4.65085,201.773,631.978,-0.974255,0.138929,4.95109,64.5293,682.134,-0.480028,0.235569,4.62046,204,716.555,-0.920656,1.02464,4.97367,82.0524,949.342,-0.389595,1.04077,4.87303,239.951,960.701,-0.99505,1.01776,4.94967,58.136,948.752,-0.381838,1.0388,4.79521,240.432,965.286,-0.986448,0.940492,4.77931,50.0781,935.483,-0.548399,0.989751,4.728,185.835,954.334,-0.957853,1.0212,4.96167,70.1231,949.048,-0.385717,1.03979,4.83412,240.19,962.975
29,0.966667,2,442.736,762.299,0.392393,0.572183,6.14199,455.93,779.884,0.334666,0.569927,6.08652,442.563,780.602,0.450119,0.57444,6.19746,469.058,779.179,0.363475,0.198579,6.19394,448.115,688.14,0.351082,0.0384636,6.21621,444.806,649.291,0.067532,0.881636,6.06553,376.718,858.254,0.471926,0.860621,6.49171,469.158,839.065,0.0825955,1.21289,5.85711,381.175,950.944,0.769449,1.0832,6.37146,541.336,895.277,-0.0889382,1.25433,5.84931,337.169,961.996,0.818386,1.2056,6.4895,549.361,918.955,0.288713,-0.0698715,6.37581,427.994,623.545,0.220425,0.0828717,6.08224,414.418,660.459,0.519066,0.0676739,6.26018,484.503,656.232,0.207436,0.0491009,6.10529,411.018,652.076,0.507016,0.033372,6.27988,481.231,647.979,0.121072,0.330759,6.00464,390.276,722.712,0.674299,0.284421,6.32816,519.999,707.488,0.120723,0.358737,5.98126,390.307,730.059,0.696811,0.310744,6.32633,525.389,713.755,0.115123,0.316356,6.03943,388.623,718.654,0.644874,0.267739,6.34241,512.673,703.387,-0.0441479,0.43415,6.17606,349.267,745.553,0.576736,0.314343,6.56523,491.908,711.895,-0.102261,1.26085,5.88589,333.912,961.659,0.787256,1.22828,6.49757,541.932,923.85,-0.0756159,1.24781,5.81272,340.467,962.338,0.849515,1.18292,6.48143,556.808,914.048,0.110697,1.25209,5.82408,388.54,962.813,0.806709,1.08984,6.32673,551.461,898.658,-0.0889382,1.25433,5.84931,337.169,961.996,0.818386,1.2056,6.4895,549.361,918.955
30,1,1,144.231,675.856,-0.767393,0.146857,4.72862,116.317,686.634,-0.839537,0.134546,4.76721,95.5658,682.379,-0.695249,0.159169,4.69004,137.409,690.959,-0.633116,-0.20304,4.83426,163.349,576.934,-0.575569,-0.352996,4.87953,182.882,531.374,-0.882201,0.515158,4.98851,94.4543,795.064,-0.542928,0.528242,4.88041,192.957,802.525,-0.974088,0.889975,4.83316,57.3716,916.496,-0.599828,0.930487,4.79318,172.092,931.494,-0.943368,1.01547,4.95778,74.2826,947.556,-0.481611,1.02218,4.88894,212.081,953.946,-0.426613,-0.40602,5.01407,232.243,518.41,-0.755085,-0.349891,4.92518,129.794,533.327,-0.458293,-0.282061,4.75255,215.203,550.883,-0.734523,-0.37429,4.95353,137.344,526.542,-0.435012,-0.305292,4.77583,223.229,544.014,-0.906315,-0.124125,4.88702,81.5306,601.862,-0.518356,-0.0456158,4.62806,191.821,625.2,-0.931951,-0.120844,4.85917,72.0123,602.657,-0.535694,-0.0399488,4.59346,184.886,626.941,-0.886814,-0.111692,4.90821,88.6984,605.83,-0.509493,-0.0372736,4.65741,195.738,627.983,-0.993844,0.125141,4.94458,58.1917,678.002,-0.508873,0.223208,4.63219,195.045,712.355,-0.905065,1.01815,4.96598,86.3361,947.859,-0.490806,1.02019,4.92693,210.419,950.919,-0.981671,1.01279,4.94958,62.1891,947.252,-0.472416,1.02417,4.85095,213.769,957.021,-0.992694,0.921457,4.78685,48.6078,929.046,-0.625213,0.971858,4.75811,162.696,946.698,-0.943368,1.01547,4.95778,74.2826,947.556,-0.481611,1.02218,4.88894,212.081,953.946
30,1,2,432.6,763.134,0.355805,0.586263,6.23522,445.685,781.183,0.295281,0.584654,6.18395,431.699,781.963,0.416329,0.587873,6.28649,459.442,780.416,0.324831,0.204782,6.26242,437.886,689.101,0.311556,0.0412899,6.27407,434.564,649.882,0.0661676,0.915223,6.14895,376.158,863.496,0.411276,0.848074,6.59514,453.638,833.087,0.0853545,1.24141,5.93802,381.584,953.918,0.699674,1.07179,6.46798,522.431,888.819,-0.0824604,1.28368,5.95907,339.222,963.459,0.757003,1.21959,6.54964,533.549,919.602,0.305257,-0.0556076,6.44519,431.117,627.045,0.154999,0.105508,6.16822,397.732,665.684,0.489594,0.0592712,6.28724,476.928,654.156,0.147735,0.0678066,6.19046,395.835,656.447,0.477811,0.0239252,6.30517,473.789,645.698,0.0284683,0.355576,6.14556,366.956,726.879,0.688073,0.249744,6.31626,523.575,699.371,0.0234781,0.386158,6.12379,365.757,734.686,0.713306,0.273016,6.30976,529.748,704.971,0.0286187,0.338123,6.17932,366.954,722.163,0.659863,0.236519,6.33652,516.367,696.048,-0.115643,0.445813,6.34078,332.615,745.573,0.64448,0.281112,6.56822,507.334,704.265,-0.089567,1.29038,5.99735,337.575,963.072,0.726507,1.24409,6.5542,526.442,925.019,-0.0753538,1.27698,5.92079,340.89,963.851,0.787499,1.1951,6.54508,540.667,914.177,0.109925,1.28025,5.90099,387.971,965.771,0.734702,1.06818,6.42255,531.77,889.734,-0.0824604,1.28368,5.95907,339.222,963.459,0.757003,1.21959,6.54964,533.549,919.602
31,1.03333,1,139.019,672.634,-0.785198,0.137395,4.7388,111.198,683.536,-0.858824,0.123643,4.77638,90.01,678.87,-0.711573,0.151147,4.70121,132.725,688.276,-0.647684,-0.211429,4.84471,159.258,574.47,-0.58875,-0.360925,4.8901,179.218,529.174,-0.895163,0.498649,5.00656,91.5239,789.554,-0.580719,0.52063,4.90441,182.204,799.399,-0.987947,0.867432,4.84211,53.6329,908.995,-0.653851,0.917996,4.81449,156.075,926.308,-0.944594,0.998626,4.9564,73.8318,942.537,-0.550057,1.0134,4.92151,192.177,949.189,-0.438765,-0.411864,5.02329,228.844,516.886,-0.768067,-0.359583,4.93414,126.261,530.572,-0.471597,-0.288351,4.76494,211.387,549.133,-0.747627,-0.384343,4.96265,133.789,523.708,-0.448002,-0.311607,4.78807,219.504,542.279,-0.921044,-0.135121,4.90224,77.8835,598.612,-0.531125,-0.052724,4.64039,188.136,622.939,-0.946914,-0.131623,4.87459,68.3144,599.455,-0.54689,-0.0475858,4.60485,181.669,624.483,-0.901563,-0.122921,4.92351,85.0434,602.512,-0.524034,-0.0442113,4.66999,191.505,625.785,-1.01105,0.110815,4.96531,54.2498,673.511,-0.52946,0.215307,4.64323,188.78,709.628,-0.905734,1.00051,4.96168,85.8965,942.786,-0.562731,1.01063,4.95843,189.588,946.048,-0.983453,0.996742,4.95112,61.7414,942.289,-0.537384,1.01616,4.88458,194.804,952.377,-1.00895,0.896879,4.79563,44.0886,920.822,-0.678061,0.958424,4.77742,146.883,941.236,-0.944594,0.998626,4.9564,73.8318,942.537,-0.550057,1.0134,4.92151,192.177,949.189
31,1.03333,2,425.567,763.058,0.325729,0.591117,6.27993,437.883,781.339,0.262489,0.592306,6.23119,423.253,782.731,0.388969,0.589928,6.32866,452.288,779.968,0.291966,0.208751,6.29413,429.653,689.801,0.277497,0.0448796,6.30022,426.137,650.696,0.0857393,0.942749,6.16422,380.885,869.647,0.363242,0.813267,6.65729,441.93,823.433,0.114801,1.24737,5.94189,389.011,955.219,0.593626,1.06216,6.49521,497.234,885.551,-0.048242,1.28521,5.98297,347.893,962.553,0.651172,1.18774,6.60274,508.086,910.11,0.281749,-0.0785854,6.45708,425.519,621.725,0.105049,0.112184,6.21668,385.373,667.097,0.460436,0.0649512,6.30406,469.671,655.471,0.103256,0.0726073,6.23666,384.86,657.481,0.446721,0.0274614,6.31903,466.152,646.526,-0.0235035,0.357582,6.26605,354.368,725.689,0.687165,0.221534,6.34078,522.728,692.461,-0.0301309,0.391688,6.24874,352.76,734.122,0.715841,0.242247,6.32962,529.817,697.467,-0.0195606,0.335809,6.29618,355.335,720.086,0.660972,0.210985,6.36497,515.93,689.773,-0.142194,0.432583,6.48136,327.057,740.218,0.710976,0.250162,6.5935,521.913,696.97,-0.050445,1.29105,6.022,347.422,961.919,0.620418,1.20882,6.61546,500.821,914.375,-0.046039,1.27937,5.94395,348.37,963.195,0.681927,1.16666,6.59001,515.38,905.829,0.136032,1.28497,5.90223,394.607,966.902,0.621284,1.07034,6.44461,504.756,889.383,-0.048242,1.28521,5.98297,347.893,962.553,0.651172,1.18774,6.60274,508.086,910.11
32,1.06667,1,133.425,671.838,-0.801659,0.136562,4.77099,107.696,682.98,-0.876706,0.121801,4.80597,86.0853,678.055,-0.726612,0.151324,4.73601,129.626,687.978,-0.665311,-0.215591,4.87083,154.901,573.539,-0.606876,-0.366514,4.91362,174.544,527.997,-0.923313,0.49462,5.03933,84.8818,787.381,-0.620393,0.528988,4.94023,171.434,800.783,-1.02119,0.860893,4.87583,45.5154,905.12,-0.693842,0.926601,4.85712,145.501,926.455,-0.991112,0.993454,4.99348,61.9687,938.736,-0.587793,1.01312,4.96861,182.363,946.175,-0.455885,-0.417632,5.04471,224.306,515.692,-0.78654,-0.367564,4.95624,121.707,528.641,-0.488807,-0.292963,4.79149,206.817,548.191,-0.766273,-0.392347,4.98455,129.166,521.808,-0.465473,-0.316271,4.81431,214.821,541.357,-0.942146,-0.143544,4.92424,72.7095,596.229,-0.550352,-0.0556924,4.6685,182.987,622.087,-0.967994,-0.139534,4.8966,63.1612,597.211,-0.565776,-0.0498713,4.63288,176.627,623.836,-0.922509,-0.131591,4.94596,79.9324,600.05,-0.543643,-0.0477234,4.69852,186.262,624.748,-1.03067,0.102501,4.99267,50.023,670.827,-0.551109,0.213083,4.67871,183.13,708.386,-0.952757,0.997038,5.00112,73.9398,939.355,-0.600885,1.00937,5.00531,179.738,942.806,-1.02947,0.98987,4.98584,49.9608,938.114,-0.574701,1.01687,4.9319,185.027,949.594,-1.04093,0.889633,4.82874,36.3076,916.643,-0.717033,0.969079,4.8215,136.694,941.8,-0.991112,0.993454,4.99348,61.9687,938.736,-0.587793,1.01312,4.96861,182.363,946.175
32,1.06667,2,417.834,758.827,0.294961,0.584276,6.31665,430.116,778.891,0.224955,0.587312,6.27237,413.853,780.598,0.364966,0.58124,6.36094,446.154,777.207,0.257542,0.197447,6.34045,420.992,686.76,0.241505,0.0316634,6.35065,417.102,647.487,0.077035,0.941057,6.18841,378.692,868.339,0.329797,0.766928,6.70496,433.857,811.752,0.125001,1.23621,5.97306,391.424,950.769,0.48864,1.04664,6.52732,472.408,880.77,-0.0377022,1.29277,5.99425,350.556,963.839,0.51566,1.15841,6.65549,476.339,901.352,0.264647,-0.0873569,6.5083,421.058,619.845,0.06171,0.0966018,6.28482,374.744,663.08,0.420326,0.0505365,6.33018,459.704,651.988,0.0626136,0.0566511,6.30458,374.913,653.493,0.408944,0.0130441,6.346,456.762,643.086,-0.0589897,0.331187,6.34801,346.047,718.339,0.638213,0.20866,6.34126,511.124,689.409,-0.0666471,0.365117,6.33196,344.195,726.584,0.660797,0.233504,6.32457,516.884,695.438,-0.0528908,0.309114,6.37699,347.546,712.786,0.622041,0.192655,6.36976,506.635,685.415,-0.15901,0.398388,6.56789,323.647,731.08,0.749743,0.209192,6.56416,531.505,687.853,-0.0439966,1.30081,6.0324,349.049,963.791,0.481057,1.17045,6.66988,468.298,903.499,-0.0314079,1.28474,5.9561,352.082,963.888,0.550262,1.14637,6.64109,484.415,899.197,0.152854,1.27076,5.93633,398.664,961.432,0.512829,1.06721,6.47817,478.867,887.366,-0.0377022,1.29277,5.99425,350.556,963.839,0.51566,1.15841,6.65549,476.339,901.352
33,1.1,1,125.689,673.114,-0.823682,0.144262,4.77962,101.233,685.321,-0.896895,0.130526,4.81301,80.1875,680.722,-0.75047,0.157998,4.74623,122.575,689.986,-0.690252,-0.210086,4.87648,147.458,575.311,-0.633068,-0.361949,4.91799,166.712,529.49,-0.960962,0.487702,5.06836,75.3038,784.488,-0.648369,0.536781,4.95355,163.461,802.713,-1.07637,0.846701,4.88981,29.4687,900.004,-0.718107,0.940188,4.87408,138.773,929.644,-1.08781,0.959506,5.02725,35.0881,926.589,-0.589753,1.00811,4.97302,181.929,944.39,-0.484829,-0.416146,5.05105,215.871,516.289,-0.813657,-0.36102,4.96183,113.769,530.747,-0.514639,-0.287307,4.79488,198.836,550.027,-0.792883,-0.38614,4.98962,121.393,523.796,-0.491615,-0.310822,4.81756,206.771,543.122,-0.972332,-0.138384,4.93421,64.1036,597.888,-0.577469,-0.0510888,4.67006,174.327,623.573,-0.999149,-0.133788,4.90768,54.2992,599.066,-0.593707,-0.0449905,4.63496,167.66,625.425,-0.951538,-0.126705,4.95564,71.6841,601.608,-0.569826,-0.0431973,4.70016,177.958,626.2,-1.05343,0.107589,5.01159,44.3737,672.236,-0.574476,0.217559,4.68356,175.821,709.75,-1.05226,0.966115,5.04256,46.6623,927.687,-0.598356,1.00391,5.01098,180.7,940.826,-1.12337,0.952897,5.01194,23.4432,925.485,-0.581149,1.01231,4.93506,183.177,948.009,-1.09235,0.878748,4.84225,21.2672,912.496,-0.742021,0.986527,4.84288,129.932,945.878,-1.08781,0.959506,5.02725,35.0881,926.589,-0.589753,1.00811,4.97302,181.929,944.39
33,1.1,2,410.145,754.574,0.255023,0.569474,6.31543,420.634,775.398,0.179834,0.571472,6.27617,403.025,776.723,0.330213,0.567477,6.35469,438.027,774.09,0.219315,0.180847,6.35514,411.819,682.73,0.204011,0.0142931,6.37216,408.074,643.368,0.0749073,0.933155,6.1645,378.246,867.299,0.297852,0.729748,6.71094,426.644,803.28,0.13266,1.21677,5.93386,393.569,947.902,0.374613,1.02973,6.50868,446.424,877.559,-0.0218471,1.29327,5.96018,354.496,965.815,0.373797,1.13637,6.64212,444.503,896.895,0.242284,-0.0922389,6.53549,415.666,618.808,0.018456,0.0753218,6.31519,364.388,657.909,0.382084,0.0343482,6.33644,450.543,648.14,0.0223934,0.0354257,6.33585,365.307,648.396,0.371429,-0.00278091,6.35379,447.778,639.343,-0.105168,0.308422,6.38048,335.25,712.583,0.59664,0.199326,6.32649,501.609,687.309,-0.116445,0.341638,6.366,332.534,720.583,0.616458,0.225093,6.30741,506.756,693.586,-0.0944232,0.286397,6.40881,337.877,707.102,0.58418,0.182758,6.35649,497.998,683.172,-0.178498,0.362549,6.61394,319.476,722.309,0.732638,0.205295,6.53506,528.338,687.171,-0.0248779,1.30446,5.99791,353.772,966.569,0.337433,1.13925,6.65684,436.114,896.976,-0.0188162,1.28207,5.92246,355.229,965.051,0.410161,1.13349,6.6274,452.93,896.814,0.161672,1.24642,5.89421,401.186,957.527,0.391496,1.05728,6.45937,451.008,885.778,-0.0218471,1.29327,5.96018,354.496,965.815,0.373797,1.13637,6.64212,444.503,896.895
34,1.13333,1,120.295,677.007,-0.838746,0.159509,4.80367,97.8196,689.86,-0.907874,0.146906,4.83889,78.2769,685.587,-0.769618,0.172112,4.76844,117.651,694.197,-0.710561,-0.19968,4.88439,141.559,578.614,-0.655624,-0.353619,4.91899,159.866,532.055,-0.997218,0.5035,5.08454,65.5029,788.693,-0.656788,0.551615,4.96524,161.378,806.816,-1.14235,0.858001,4.91605,11.0797,902.068,-0.719774,0.960908,4.90199,139.522,934.342,-1.19935,0.959364,5.05268,3.57653,925.105,-0.576003,1.00922,4.98888,186.634,943.755,-0.510101,-0.41114,5.052,208.388,517.801,-0.832829,-0.35123,4.96601,108.18,533.799,-0.54022,-0.27791,4.79363,190.781,552.947,-0.811995,-0.377637,4.99273,115.793,526.426,-0.516704,-0.302781,4.81522,198.873,545.582,-0.992031,-0.127469,4.9517,59.1749,601.346,-0.597197,-0.0353543,4.67755,168.291,628.651,-1.01929,-0.121259,4.92641,49.3215,603.04,-0.613165,-0.0277339,4.64288,161.695,631.031,-0.97066,-0.117008,4.9732,66.928,604.672,-0.589445,-0.0285823,4.7076,171.988,630.883,-1.06813,0.115581,5.0452,42.1021,674.399,-0.588539,0.233816,4.69815,171.899,714.729,-1.1689,0.970046,5.07497,14.1513,927.013,-0.58067,1.00279,5.02715,186.56,939.523,-1.2298,0.948682,5.03039,-7.0919,923.179,-0.571337,1.01564,4.9506,186.708,948.053,-1.15514,0.89032,4.8683,3.71384,914.607,-0.743359,1.0112,4.87667,131.115,951.356,-1.19935,0.959364,5.05268,3.57653,925.105,-0.576003,1.00922,4.98888,186.634,943.755
34,1.13333,2,405.634,752.332,0.215286,0.547662,6.27738,411.497,771.002,0.136865,0.54633,6.24407,392.913,771.38,0.293706,0.548995,6.3107,429.884,770.627,0.196054,0.163315,6.34272,406.413,678.663,0.187813,-0.001405,6.37072,404.267,639.669,0.0811901,0.907906,6.10489,379.97,863.309,0.29134,0.755659,6.6431,425.852,810.804,0.151943,1.17584,5.85443,398.971,941.583,0.299503,1.02064,6.38055,430.483,880.191,0.0195945,1.28101,5.8995,364.987,966.046,0.308554,1.16481,6.47282,431.578,910.211,0.233423,-0.108144,6.53637,413.623,615.157,-0.00516127,0.048581,6.32578,358.775,651.532,0.363821,0.0266824,6.32208,446.411,646.337,0.00269376,0.0095849,6.34801,360.637,642.267,0.356665,-0.0100317,6.34217,444.443,637.625,-0.142522,0.276196,6.38761,326.497,704.926,0.564006,0.207777,6.2917,494.604,689.587,-0.160262,0.306771,6.37596,322.258,712.246,0.582702,0.233804,6.27404,499.457,695.956,-0.123309,0.256242,6.41407,331.133,699.987,0.551592,0.190262,6.32176,491.016,685.191,-0.164629,0.317521,6.63309,322.732,711.879,0.684814,0.207022,6.50868,517.987,687.76,0.0252348,1.29439,5.93623,366.383,967.413,0.274686,1.17121,6.49182,423.535,910.901,0.0139542,1.26763,5.86278,363.574,964.662,0.342422,1.15841,6.45382,439.669,909.517,0.178977,1.19843,5.80914,406.262,949.773,0.304662,1.0331,6.32296,432.35,885.337,0.0195945,1.28101,5.8995,364.987,966.046,0.308554,1.16481,6.47282,431.578,910.211
35,1.16667,1,121.966,683.815,-0.830269,0.194448,4.81289,100.967,700.665,-0.899733,0.181204,4.85052,81.4723,696.095,-0.760804,0.207692,4.77526,120.769,705.308,-0.709931,-0.177271,4.87698,141.421,585.421,-0.658358,-0.336579,4.90445,158.436,536.952,-1.01708,0.511916,5.10743,60.9838,790.501,-0.624334,0.56995,4.97348,171.505,812.076,-1.19724,0.83846,4.94969,-3.20052,894.359,-0.681904,0.965657,4.90519,151.258,935.604,-1.25564,0.944521,5.08287,-10.9346,919.026,-0.537043,1.00975,4.99142,198.442,943.763,-0.519454,-0.402204,5.03563,205.105,520.068,-0.83312,-0.330704,4.95642,107.604,539.813,-0.54276,-0.257484,4.77898,189.464,559.098,-0.812438,-0.358661,4.98106,115.088,531.88,-0.519705,-0.283852,4.7989,197.386,551.184,-0.991412,-0.106486,4.95829,59.7628,607.752,-0.595431,-0.0106645,4.67119,168.598,636.572,-1.01946,-0.0993956,4.93392,49.7446,609.751,-0.611373,-0.00231016,4.63645,162.001,639.252,-0.969472,-0.0968817,4.97949,67.6569,610.785,-0.587714,-0.00458944,4.70125,172.287,638.534,-1.0659,0.131541,5.06186,43.8093,679.02,-0.585214,0.257029,4.69445,172.814,722.213,-1.22511,0.95774,5.10362,-0.444757,921.781,-0.54166,1.00307,5.02965,198.292,939.458,-1.28616,0.931302,5.06212,-21.5104,916.249,-0.532425,1.01644,4.95319,198.595,948.134,-1.21391,0.866355,4.90216,-11.828,905.369,-0.704431,1.01524,4.87986,143.243,952.394,-1.25564,0.944521,5.08287,-10.9346,919.026,-0.537043,1.00975,4.99142,198.442,943.763
35,1.16667,2,406.572,748.467,0.201841,0.532184,6.4158,407.239,764.553,0.12044,0.529224,6.38618,388.319,764.435,0.283242,0.535143,6.44542,425.986,764.67,0.204458,0.151433,6.48868,407.314,675.043,0.20558,-0.0117457,6.51991,407.346,637.295,0.0910781,0.887953,6.22377,381.974,854.229,0.32884,0.7853,6.74753,433.178,814.757,0.16789,1.15291,5.96449,402.266,930.246,0.314932,1.06997,6.49751,432.78,887.269,0.0647123,1.29724,5.9919,376.217,965.086,0.318901,1.2176,6.58822,432.683,917.509,0.23254,-0.126613,6.68814,412.208,611.574,0.0036923,0.0243269,6.48844,360.854,645.63,0.383821,0.0304961,6.4667,449.123,647.081,0.016793,-0.0128821,6.51038,363.873,637.029,0.378952,-0.00634015,6.48763,447.708,638.533,-0.14583,0.25332,6.541,326.523,698.152,0.562412,0.238376,6.44191,491.094,695.564,-0.168487,0.280521,6.52707,321.239,704.534,0.579568,0.266613,6.42801,495.385,702.28,-0.120697,0.239958,6.56696,332.402,694.867,0.5492,0.217858,6.4703,487.453,690.558,-0.1349,0.345797,6.7788,330.119,716.597,0.656845,0.228615,6.67759,507.702,691.408,0.0740984,1.31372,6.02659,378.462,967.321,0.285859,1.222,6.60924,424.945,917.627,0.0553261,1.28076,5.95721,373.945,962.825,0.351943,1.2132,6.56721,440.47,917.392,0.197149,1.16458,5.9181,410.021,935.481,0.315423,1.08317,6.43988,433.546,892.557,0.0647123,1.29724,5.9919,376.217,965.086,0.318901,1.2176,6.58822,432.683,917.509
36,1.2,1,126.427,689.666,-0.808992,0.222055,4.74566,104.03,710.26,-0.877933,0.208872,4.78789,84.6662,705.506,-0.740051,0.235237,4.70343,123.741,715.099,-0.69416,-0.153661,4.79703,142.715,591.901,-0.644946,-0.314682,4.81905,159.042,541.949,-1.01528,0.524467,5.0525,58.2674,795.867,-0.544296,0.559062,4.91626,193.757,810.753,-1.23697,0.842669,4.93085,-16.6863,896.613,-0.618838,0.952265,4.84102,168.052,935.368,-1.28096,0.939964,5.07498,-19.0055,918.112,-0.471572,0.996923,4.92039,216.09,944.232,-0.510969,-0.386249,4.94792,204.935,522.784,-0.814566,-0.306198,4.87784,109.25,545.742,-0.534443,-0.234143,4.68972,188.881,565.032,-0.794509,-0.335366,4.90091,116.575,537.249,-0.510554,-0.261932,4.70745,197.146,556.45,-0.964442,-0.079863,4.89197,63.9705,615.487,-0.580598,0.0165305,4.59426,170.241,645.403,-0.990928,-0.0701069,4.86696,54.2776,618.371,-0.598797,0.0251162,4.56067,162.851,648.269,-0.943457,-0.0727476,4.91478,71.7557,617.774,-0.570696,0.0223013,4.62305,174.639,647.243,-1.03836,0.147922,5.01044,48.8183,684.33,-0.560839,0.281716,4.60794,177.243,731.801,-1.24837,0.953492,5.09205,-8.12288,921.168,-0.474436,0.989717,4.95869,216.334,939.7,-1.31356,0.926436,5.0579,-29.9615,915.035,-0.468707,1.00413,4.88209,215.842,948.835,-1.26192,0.871457,4.8871,-27.726,907.755,-0.643508,1.00171,4.81648,159.383,952.287,-1.28096,0.939964,5.07498,-19.0055,918.112,-0.471572,0.996923,4.92039,216.09,944.232
36,1.2,2,409.264,747.175,0.198879,0.514813,6.42786,406.458,760.261,0.114948,0.510746,6.40585,386.944,759.721,0.282809,0.51888,6.44986,425.839,760.798,0.226559,0.142575,6.49973,412.34,672.937,0.238423,-0.0169559,6.53053,414.82,636.101,0.066908,0.876772,6.26028,376.048,850.298,0.364416,0.815649,6.70034,441.666,822.788,0.175408,1.1051,5.97443,404.086,917.745,0.368404,1.11306,6.45701,445.671,898.838,0.120106,1.2779,5.9417,390.353,962.945,0.388566,1.23168,6.5802,448.668,921.061,0.240655,-0.123625,6.70364,413.905,612.309,0.0362546,-0.00184238,6.50842,368.364,639.575,0.416903,0.0425524,6.47228,456.721,649.872,0.0522968,-0.0347557,6.53115,372.023,632.009,0.415398,0.00620592,6.49558,456.026,641.435,-0.132114,0.224945,6.51577,329.554,691.839,0.56629,0.270339,6.42999,492.243,703.131,-0.158186,0.246803,6.49904,323.452,697.022,0.581952,0.297257,6.42232,496.062,709.5,-0.102614,0.219687,6.54069,336.443,690.434,0.543332,0.251618,6.45208,486.447,698.558,-0.0932566,0.373602,6.71994,339.162,723.481,0.501819,0.280452,6.67664,472.858,703.073,0.131162,1.301,5.97184,392.979,967.124,0.356263,1.23393,6.60268,441.02,920.617,0.109049,1.2548,5.91156,387.699,958.724,0.420869,1.22943,6.55772,456.369,921.509,0.208324,1.09785,5.93299,412.724,917.852,0.36963,1.13859,6.40282,446.684,907.016,0.120106,1.2779,5.9417,390.353,962.945,0.388566,1.23168,6.5802,448.668,921.061
37,1.23333,1,123.694,693.121,-0.812599,0.233845,4.75099,103.176,713.907,-0.880589,0.222612,4.7944,84.2077,709.72,-0.74461,0.245078,4.70758,122.495,718.171,-0.70738,-0.141242,4.79177,138.334,595.74,-0.662287,-0.301994,4.80924,153.218,545.71,-1.04845,0.542778,5.03585,47.3807,801.842,-0.515823,0.551122,4.91489,202.41,808.375,-1.28915,0.860324,4.92574,-32.983,902.261,-0.584586,0.952023,4.83996,178.637,935.358,-1.32198,0.941722,5.0803,-30.7306,918.34,-0.436343,0.997145,4.91806,226.778,944.444,-0.530813,-0.375429,4.93833,198.6,525.846,-0.831175,-0.289418,4.87367,103.918,550.831,-0.555047,-0.218636,4.67574,181.753,569.788,-0.810504,-0.319631,4.89497,111.374,541.952,-0.53171,-0.248335,4.69275,189.866,560.539,-0.972386,-0.0548875,4.8944,61.6806,623.161,-0.592268,0.0414119,4.59387,166.41,653.536,-0.998513,-0.0430065,4.87055,52.1649,626.741,-0.611112,0.0521247,4.5616,158.838,657.158,-0.950922,-0.0495443,4.91706,69.61,624.87,-0.581222,0.0456405,4.6219,171.173,654.828,-1.03314,0.172817,5.02291,51.1516,691.662,-0.561556,0.306732,4.61249,177.19,739.854,-1.28825,0.954125,5.09574,-19.6078,921.152,-0.43868,0.989659,4.95625,227.096,939.83,-1.35571,0.929319,5.06485,-41.9212,915.512,-0.434007,1.00463,4.87987,226.454,949.13,-1.31843,0.892233,4.88571,-45.2015,914.216,-0.609087,1.00212,4.81614,170.101,952.438,-1.32198,0.941722,5.0803,-30.7306,918.34,-0.436343,0.997145,4.91806,226.778,944.444
37,1.23333,2,406.246,746.805,0.174741,0.49845,6.36417,401.228,757.604,0.0875311,0.496527,6.3501,380.698,757.41,0.261951,0.500374,6.37824,421.668,757.798,0.219056,0.139712,6.47823,410.774,672.383,0.238048,-0.0140337,6.52712,414.763,636.772,0.030814,0.890547,6.26974,367.38,853.28,0.360932,0.810469,6.62107,441.854,823.802,0.139018,1.00509,5.91597,395.285,895.107,0.404172,1.11887,6.38653,455.026,903.062,0.132331,1.1783,5.85588,393.932,942.14,0.438654,1.22322,6.51916,461.035,921.746,0.243232,-0.110849,6.70643,414.459,615.181,0.044971,-0.0164555,6.5066,370.378,636.202,0.411565,0.05316,6.47118,455.499,652.335,0.0590477,-0.0431798,6.5342,373.569,630.077,0.41412,0.0197549,6.49765,455.7,644.565,-0.125665,0.199083,6.45853,330.784,686.285,0.520296,0.302593,6.45132,481.1,710.429,-0.15192,0.214937,6.43734,324.563,690.136,0.532143,0.33163,6.44518,483.976,717.261,-0.0962593,0.201253,6.48303,337.705,686.613,0.498335,0.28048,6.47034,475.648,705.09,-0.0882438,0.39611,6.61151,339.959,729.962,0.425175,0.304833,6.68442,455.51,708.476,0.15661,1.20008,5.87822,400.005,946.554,0.406605,1.22788,6.5416,453.332,921.847,0.108052,1.15653,5.83354,387.813,937.692,0.470704,1.21857,6.49671,468.792,921.644,0.157121,0.979889,5.87175,400.18,890.583,0.409756,1.14871,6.33446,457.131,912.297,0.132331,1.1783,5.85588,393.932,942.14,0.438654,1.22322,6.51916,461.035,921.746
38,1.26667,1,116.244,694.599,-0.839041,0.244326,4.76299,95.4873,717.025,-0.907614,0.23363,4.80742,76.5137,712.973,-0.770468,0.255022,4.71856,114.818,721.154,-0.736225,-0.132195,4.7893,129.176,598.554,-0.69216,-0.293561,4.80058,143.501,548.178,-1.08287,0.545019,5.04923,37.9705,802.08,-0.515624,0.54372,4.91313,202.414,806.173,-1.31501,0.873053,4.94747,-39.1046,904.972,-0.568032,0.947075,4.834,183.555,934.185,-1.33948,0.944266,5.10743,-33.8019,917.61,-0.417693,0.990091,4.91028,232.27,942.769,-0.561286,-0.375754,4.92528,188.882,525.445,-0.855692,-0.287986,4.87109,96.2246,551.226,-0.592037,-0.205182,4.66709,169.522,573.986,-0.834669,-0.318146,4.89088,103.746,542.325,-0.567264,-0.235414,4.68158,178.057,564.494,-0.990782,-0.0533983,4.90502,56.6949,623.653,-0.627579,0.0553043,4.59276,154.819,658.081,-1.01838,-0.0417433,4.88277,46.8256,627.163,-0.648227,0.0668373,4.56202,146.64,661.999,-0.968263,-0.0479745,4.92595,64.8477,625.376,-0.614612,0.0588795,4.61998,160.242,659.137,-1.0467,0.17455,5.03363,47.7638,692.069,-0.589124,0.318656,4.61219,168.203,743.743,-1.30485,0.954476,5.1225,-22.4905,919.786,-0.4197,0.982692,4.94852,232.648,938.184,-1.37412,0.934055,5.09235,-45.1802,915.421,-0.415686,0.99749,4.87204,231.886,947.426,-1.34422,0.908452,4.9097,-51.1115,917.837,-0.591541,0.99766,4.81019,175.343,951.432,-1.33948,0.944266,5.10743,-33.8019,917.61,-0.417693,0.990091,4.91028,232.27,942.769
38,1.26667,2,398.66,745.097,0.13763,0.464421,6.21004,393.278,752.295,0.0502354,0.463567,6.19923,372.168,752.284,0.225024,0.465276,6.22085,414.315,752.306,0.186423,0.133632,6.3712,403.936,671.494,0.207335,-0.00813532,6.44027,408.34,638.103,-0.0299822,0.878454,6.23351,352.778,851.606,0.337106,0.784494,6.47635,438.159,821.887,0.0738938,0.939517,5.85122,378.963,881.102,0.404834,1.09498,6.22811,457.603,903.993,0.0757246,1.10587,5.77686,379.683,927.445,0.455113,1.19026,6.36226,467.411,920.913,0.187403,-0.0890781,6.63209,402.43,619.832,0.0210584,-0.0211302,6.40202,364.939,635.044,0.381573,0.074329,6.39443,449.602,657.454,0.0319472,-0.0429097,6.43494,367.455,629.987,0.384309,0.0441867,6.42586,449.803,650.325,-0.142446,0.19188,6.31077,326.107,685.655,0.449465,0.344641,6.37656,465.841,721.157,-0.164943,0.206967,6.28642,320.602,689.436,0.459655,0.375315,6.36767,468.391,728.503,-0.116703,0.195261,6.33896,332.356,686.253,0.427344,0.322278,6.39535,460.336,715.667,-0.119626,0.400126,6.46573,332.219,732.923,0.319335,0.381471,6.59767,432.677,726.819,0.103133,1.12714,5.79568,386.72,932.023,0.424399,1.19784,6.38565,459.796,921.668,0.0483164,1.08459,5.75804,372.6,922.836,0.485826,1.18267,6.33886,475.083,920.153,0.0875721,0.907995,5.8077,382.641,874.759,0.412831,1.12586,6.17601,460.371,913.728,0.0757246,1.10587,5.77686,379.683,927.445,0.455113,1.19026,6.36226,467.411,920.913
39,1.3,1,105.67,697.826,-0.86113,0.252087,4.73393,86.8576,719.96,-0.931624,0.243423,4.7766,67.137,716.522,-0.790636,0.260752,4.69127,106.937,723.46,-0.766565,-0.125021,4.75604,117.983,600.529,-0.726038,-0.286639,4.76552,131.234,549.683,-1.12163,0.569451,4.98885,22.4082,811.395,-0.527316,0.541601,4.88935,198.057,806.33,-1.35795,0.897734,4.91901,-54.5228,914.039,-0.554479,0.940496,4.79832,186.484,934.314,-1.3746,0.95305,5.0858,-45.8442,921.384,-0.403483,0.980192,4.87613,235.751,941.841,-0.596061,-0.372106,4.88945,176.948,525.725,-0.888525,-0.279625,4.84,84.3445,553.249,-0.631604,-0.197317,4.62933,155.134,575.999,-0.867175,-0.310095,4.85905,92.0228,544.173,-0.606264,-0.227889,4.64257,163.914,566.293,-1.0185,-0.0390806,4.88048,46.6429,627.976,-0.669966,0.0671414,4.55617,139.202,662.128,-1.04678,-0.0252981,4.86075,36.6338,632.185,-0.692702,0.0796745,4.5275,130.263,666.424,-0.99401,-0.0354115,4.90045,55.4228,629.149,-0.654542,0.0700698,4.58228,145.514,662.961,-1.04957,0.185973,5.02353,46.2772,695.588,-0.621776,0.329876,4.57553,155.951,748.256,-1.33939,0.962354,5.10002,-34.3453,923.338,-0.406352,0.973854,4.91447,235.844,937.55,-1.40981,0.943747,5.07157,-57.4077,919.419,-0.400614,0.986531,4.83778,235.657,946.201,-1.38936,0.935405,4.88603,-66.9729,927.466,-0.575251,0.990699,4.77266,179.016,951.691,-1.3746,0.95305,5.0858,-45.8442,921.384,-0.403483,0.980192,4.87613,235.751,941.841
39,1.3,2,388.885,741.486,0.105449,0.446453,6.1954,385.557,748.205,0.0166007,0.443595,6.18289,364.032,747.73,0.194297,0.449311,6.20791,406.996,748.679,0.143831,0.125443,6.37931,393.855,669.527,0.16028,-0.0121325,6.45813,397.266,637.179,-0.11232,0.825229,6.32829,333.349,835.808,0.322349,0.794173,6.42718,435.309,825.54,-0.00480741,0.917712,5.95626,358.788,871.353,0.41248,1.07028,6.15313,460.658,901.182,-0.04507,1.08783,5.92349,348.575,915.757,0.460877,1.1827,6.27511,470.282,923.006,0.0888006,-0.0834661,6.63505,380.096,621.111,-0.01447,-0.0297254,6.3925,356.601,633.018,0.33043,0.077819,6.44189,437.021,658.139,-0.00992434,-0.0507523,6.42818,357.682,628.145,0.331023,0.0507195,6.47576,436.756,651.761,-0.164564,0.17995,6.28862,320.706,682.967,0.372972,0.353272,6.43471,447.034,722.437,-0.185888,0.192285,6.26172,315.424,686.11,0.388815,0.38213,6.41603,450.995,729.431,-0.140901,0.186047,6.31693,326.507,684.224,0.349486,0.338484,6.45677,441.275,718.716,-0.156223,0.40382,6.41653,323.442,734.499,0.270601,0.503306,6.61524,421.422,754.243,-0.0223537,1.1102,5.94671,354.356,920.33,0.429711,1.19305,6.29674,462.472,924.503,-0.0677863,1.06546,5.90026,342.749,911.149,0.492043,1.17234,6.25348,478.147,921.498,0.015135,0.896538,5.90675,363.847,867.91,0.422798,1.09371,6.09826,464.105,909.301,-0.04507,1.08783,5.92349,348.575,915.757,0.460877,1.1827,6.27511,470.282,923.006
40,1.33333,1,98.7323,697.857,-0.882242,0.253557,4.7359,80.2775,720.392,-0.955716,0.245017,4.7733,59.3558,717.076,-0.808767,0.262097,4.69851,101.532,723.762,-0.791405,-0.12461,4.75832,110.26,600.677,-0.752475,-0.286682,4.76793,123.024,549.716,-1.14368,0.567591,4.99219,16.0002,810.721,-0.54666,0.538395,4.90407,192.62,804.849,-1.34444,0.914328,4.8962,-52.3125,920.405,-0.538289,0.938245,4.80983,191.954,932.906,-1.37216,0.961894,5.06248,-46.9912,925.303,-0.385515,0.979288,4.88627,241.53,940.937,-0.623782,-0.369678,4.8943,168.625,526.584,-0.919903,-0.277079,4.83728,74.4493,553.991,-0.653262,-0.195324,4.63649,148.436,576.743,-0.899364,-0.307841,4.85702,81.9595,544.83,-0.628375,-0.22582,4.65005,157.09,567.08,-1.03801,-0.0296328,4.87379,40.2001,630.87,-0.698941,0.0683161,4.56277,129.986,662.482,-1.06533,-0.0142119,4.85411,30.4535,635.604,-0.723886,0.0799103,4.5357,120.355,666.455,-1.01325,-0.0273907,4.89396,49.1156,631.596,-0.681759,0.0719962,4.58745,136.847,663.566,-1.05384,0.196259,5.01785,44.6459,698.729,-0.654765,0.332444,4.57097,144.91,749.208,-1.33793,0.968212,5.08028,-35.4462,926.171,-0.38842,0.974359,4.92482,241.572,937.079,-1.4064,0.955575,5.04469,-58.6177,924.429,-0.382611,0.984216,4.84772,241.488,944.857,-1.36974,0.955628,4.86144,-63.0731,935.166,-0.557027,0.988038,4.78242,185.108,950.219,-1.37216,0.961894,5.06248,-46.9912,925.303,-0.385515,0.979288,4.88627,241.53,940.937
40,1.33333,2,381.624,736.029,0.0905698,0.420527,6.10333,382.282,743.459,0.00217405,0.414558,6.08473,360.537,742.303,0.178966,0.426496,6.12193,403.896,744.609,0.103519,0.111757,6.30516,384.653,666.615,0.109068,-0.0205728,6.39166,385.623,635.167,-0.176565,0.736436,6.30108,317.924,815.494,0.314816,0.78331,6.31322,434.877,826.305,-0.0824697,0.924231,5.96603,339.244,872.615,0.432188,1.05299,6.05011,467.264,901.339,-0.166722,1.07006,6.00562,318.315,907.542,0.485901,1.16267,6.1743,478.169,922.756,0.02947,-0.0887567,6.56585,366.74,619.702,-0.0454663,-0.0454266,6.29957,349.163,629.172,0.270238,0.0780306,6.40552,423.348,658.292,-0.0493868,-0.0649588,6.33669,348.297,624.607,0.267399,0.0537881,6.44077,422.34,652.54,-0.180956,0.152259,6.16694,315.94,677.073,0.282296,0.357256,6.38107,426.428,724.068,-0.198151,0.16441,6.13873,311.531,680.215,0.30451,0.375339,6.35334,431.968,728.708,-0.16121,0.158743,6.19797,320.944,678.458,0.259082,0.354637,6.40103,420.776,723.191,-0.18342,0.374192,6.30205,316.297,729.157,0.23483,0.605994,6.43898,414.762,781.317,-0.148406,1.08693,6.03613,323.082,910.386,0.455178,1.17364,6.19616,470.307,924.416,-0.185038,1.05319,5.9751,313.499,904.669,0.516625,1.1517,6.15244,486.087,921.084,-0.0602925,0.92726,5.9112,344.685,875.542,0.44441,1.07675,5.99683,471.277,909.61,-0.166722,1.07006,6.00562,318.315,907.542,0.485901,1.16267,6.1743,478.169,922.756
41,1.36667,1,91.9261,698.899,-0.905453,0.251445,4.76464,74.6493,719.242,-0.980613,0.243179,4.79775,53.096,716.108,-0.830293,0.259711,4.73152,96.5044,722.42,-0.815604,-0.128665,4.78509,104.064,599.625,-0.777097,-0.29157,4.79386,116.593,548.673,-1.16828,0.593565,4.9658,6.7336,819.482,-0.575913,0.548806,4.92632,184.46,807.278,-1.35419,0.944435,4.87204,-57.3592,931.074,-0.523485,0.941919,4.83741,197.507,932.377,-1.38232,0.984194,5.03955,-51.8691,933.246,-0.36838,0.971513,4.91595,247.48,936.745,-0.650852,-0.37685,4.92176,161.434,525.028,-0.947815,-0.288161,4.85235,66.6984,550.829,-0.671812,-0.19515,4.67162,144.065,577.275,-0.928091,-0.318743,4.87279,74.0068,541.779,-0.647321,-0.225632,4.68541,152.55,567.691,-1.061,-0.0392437,4.88997,34.199,627.949,-0.723418,0.0680088,4.60106,123.912,662.195,-1.08693,-0.0222071,4.87,24.8678,633.153,-0.748915,0.0787097,4.57422,114.157,665.838,-1.03683,-0.0385593,4.91122,42.9992,628.211,-0.706366,0.0722626,4.62534,130.687,663.459,-1.07247,0.181221,5.04322,40.6862,693.956,-0.68957,0.334329,4.60576,135.188,748.997,-1.34819,0.989302,5.05793,-40.24,933.696,-0.372139,0.96661,4.95443,247.214,932.954,-1.41645,0.979086,5.02116,-63.5833,932.792,-0.36462,0.976416,4.87747,247.749,940.596,-1.378,0.987368,4.83848,-67.6447,946.417,-0.537362,0.992557,4.80995,192.247,949.854,-1.38232,0.984194,5.03955,-51.8691,933.246,-0.36838,0.971513,4.91595,247.48,936.745
41,1.36667,2,374.389,730.432,0.0781278,0.423319,6.30928,378.594,740.747,-0.0079057,0.415578,6.28434,358.111,739.297,0.164161,0.43106,6.33423,398.915,742.185,0.0629231,0.0996821,6.49811,374.54,663.034,0.0564068,-0.0390195,6.57904,372.874,631.094,-0.236755,0.677187,6.5282,305.544,795.761,0.323585,0.8085,6.44561,435.382,828.347,-0.186428,1.008,6.32113,315.715,879.445,0.473799,1.06467,6.18931,474.946,898.295,-0.295669,1.10748,6.41292,290.77,899.313,0.52501,1.19073,6.30042,485.124,923.783,-0.0401465,-0.111528,6.73638,351.051,615.14,-0.0823195,-0.0579168,6.46658,340.885,626.552,0.209696,0.0461271,6.62898,407.499,650.448,-0.0915203,-0.079358,6.50166,338.863,621.672,0.200329,0.0194974,6.66047,405.163,644.396,-0.197263,0.132841,6.32364,313.159,671.543,0.230013,0.316255,6.6384,412.027,711.535,-0.211359,0.144602,6.2944,309.579,674.495,0.256235,0.335168,6.61598,418.155,716.069,-0.180009,0.139289,6.35557,317.471,672.908,0.204702,0.313012,6.65442,406.191,710.631,-0.200024,0.349251,6.45143,313.445,721.288,0.188024,0.552685,6.71179,402.065,763.647,-0.280722,1.11335,6.44889,294.637,899.232,0.493618,1.20427,6.31974,477.283,926.132,-0.310616,1.10162,6.37696,286.86,899.394,0.556401,1.17719,6.2811,493.013,921.419,-0.166217,1.03875,6.27488,320.225,888.57,0.48913,1.08239,6.13516,479.713,904.911,-0.295669,1.10748,6.41292,290.77,899.313,0.52501,1.19073,6.30042,485.124,923.783
42,1.4,1,85.4508,698.644,-0.929119,0.246506,4.78609,68.5038,717.337,-1.00699,0.238143,4.81235,45.7978,714.306,-0.851251,0.25487,4.75984,91.4604,720.402,-0.840479,-0.134456,4.80708,97.4645,598.001,-0.80249,-0.297726,4.81607,109.799,547.175,-1.18577,0.593352,4.97619,2.19523,819.043,-0.609387,0.562328,4.93859,174.718,810.974,-1.33795,0.951346,4.87342,-52.24,933.121,-0.513336,0.940657,4.84964,201.059,931.249,-1.37316,0.985094,5.04007,-49.0974,933.483,-0.360864,0.959554,4.93764,250.26,931.805,-0.681785,-0.384918,4.94837,153.116,523.198,-0.980078,-0.294016,4.86609,57.5712,549.274,-0.686421,-0.194724,4.70559,140.962,577.863,-0.960977,-0.325196,4.88667,64.7141,540.075,-0.663411,-0.225684,4.72035,148.967,568.209,-1.08776,-0.0455859,4.90698,27.1413,626.051,-0.737318,0.0666553,4.63626,121.202,661.588,-1.11355,-0.0282496,4.88655,17.824,631.319,-0.760538,0.0760229,4.60655,112.094,664.781,-1.06374,-0.0452447,4.92836,35.9023,626.215,-0.723371,0.0715704,4.66208,127.017,663.051,-1.09965,0.173322,5.05859,33.5865,691.448,-0.720045,0.332523,4.64055,127.012,747.596,-1.33993,0.988058,5.06055,-37.5821,933.175,-0.367353,0.955175,4.97587,249.144,928.242,-1.40639,0.982129,5.01959,-60.7066,933.794,-0.354375,0.963934,4.89941,251.392,935.424,-1.35722,0.996127,4.83969,-61.0905,949.058,-0.52101,0.991165,4.82085,197.72,948.72,-1.37316,0.985094,5.04007,-49.0974,933.483,-0.360864,0.959554,4.93764,250.26,931.805
42,1.4,2,367.052,725.921,0.0665712,0.409037,6.27546,375.929,737.872,-0.0158949,0.402574,6.24035,356.175,736.868,0.149037,0.4155,6.31057,395.462,738.866,0.017143,0.0851623,6.44491,363.994,659.841,-0.00404053,-0.0536412,6.51753,359.069,627.642,-0.279767,0.634949,6.47719,295.144,787.196,0.308483,0.796838,6.40478,432.322,826.814,-0.301565,1.02644,6.39281,289.168,881.092,0.49918,1.02603,6.13857,482.105,890.978,-0.441976,1.05868,6.48988,257.74,884.947,0.555727,1.16418,6.23095,493.921,920.548,-0.113072,-0.127113,6.66544,334.528,611.364,-0.121102,-0.0672849,6.38742,331.531,624.183,0.139083,0.00703835,6.59333,391.675,641.603,-0.136836,-0.0892242,6.41963,327.994,619.13,0.122787,-0.0222688,6.6192,387.854,634.948,-0.200544,0.112645,6.22051,311.591,667.191,0.17093,0.255748,6.66726,398.496,697.598,-0.208552,0.124301,6.19043,309.413,670.151,0.195546,0.282919,6.66453,404.058,703.743,-0.189084,0.118785,6.25461,314.606,668.517,0.140624,0.242689,6.67161,391.65,694.621,-0.214658,0.318263,6.348,309.225,715.282,0.0218476,0.392866,6.79599,364.827,726.803,-0.432782,1.05558,6.52801,260.452,882.803,0.524613,1.18257,6.24621,486.115,924.283,-0.45117,1.06178,6.45175,254.996,887.116,0.586841,1.14579,6.2157,501.766,916.794,-0.287517,1.07632,6.36287,292.149,893.999,0.518687,1.03476,6.08291,488.037,895.428,-0.441976,1.05868,6.48988,257.74,884.947,0.555727,1.16418,6.23095,493.921,920.548
43,1.43333,1,82.2149,699.904,-0.933461,0.250179,4.76789,66.0237,718.789,-1.01177,0.24153,4.78649,42.6003,715.77,-0.855153,0.258828,4.74929,89.6306,721.832,-0.847322,-0.137069,4.78739,94.2382,597.008,-0.810405,-0.303032,4.79574,106.26,545.12,-1.18637,0.603587,4.93922,-0.665235,823.495,-0.628169,0.575625,4.93099,168.713,815.287,-1.32912,0.960425,4.84014,-52.3349,937.953,-0.489876,0.935938,4.84779,208.265,929.898,-1.3722,0.990999,5.00546,-51.6383,937.284,-0.354532,0.949006,4.96133,252.7,927.219,-0.695599,-0.387475,4.93597,148.394,522.127,-0.993801,-0.300972,4.82873,50.9637,546.409,-0.682105,-0.198315,4.69928,142.047,576.632,-0.975643,-0.332058,4.85023,57.9555,537.2,-0.661941,-0.229854,4.71609,149.244,566.816,-1.09615,-0.05194,4.86595,21.7445,623.972,-0.730027,0.0627275,4.63346,123.421,660.328,-1.1208,-0.0333575,4.84548,12.6771,629.663,-0.746388,0.0727992,4.59965,116.341,663.765,-1.07224,-0.052862,4.88802,30.6175,623.761,-0.72267,0.0666444,4.66199,127.239,661.465,-1.09808,0.161874,5.02252,31.7137,688.395,-0.729994,0.326756,4.65576,124.565,745.384,-1.34,0.993428,5.02758,-40.2102,936.702,-0.368109,0.946027,4.99778,249.403,924.23,-1.4044,0.98857,4.98334,-63.1679,937.872,-0.340954,0.951984,4.92487,256.045,930.253,-1.34678,1.00546,4.80674,-60.7174,954.091,-0.488295,0.984867,4.81662,207.776,947.028,-1.3722,0.990999,5.00546,-51.6383,937.284,-0.354532,0.949006,4.96133,252.7,927.219
43,1.43333,2,364.241,725.055,0.0700499,0.403981,6.21538,376.923,737.597,-0.00560191,0.398851,6.17058,358.637,737.057,0.145702,0.409111,6.26018,394.948,738.129,-0.00849939,0.0808135,6.37349,357.998,659.039,-0.0421634,-0.0576868,6.44125,350.171,626.552,-0.285915,0.613626,6.3885,292.798,784.227,0.300859,0.785033,6.34264,431.226,825.849,-0.397686,0.984498,6.41603,266.929,870.404,0.548935,0.978313,6.11723,494.744,880.141,-0.552181,0.96461,6.49537,232.35,862.993,0.60058,1.1336,6.18301,505.852,915.297,-0.168836,-0.137411,6.57087,321.418,608.599,-0.147179,-0.0663694,6.29712,324.905,624.174,0.0997462,0.00389588,6.53089,382.933,640.896,-0.166913,-0.0871005,6.32639,320.383,619.327,0.0807605,-0.0245535,6.55597,378.497,634.376,-0.179083,0.108721,6.11541,316.028,666.695,0.158206,0.252353,6.58179,396.093,697.571,-0.179791,0.121618,6.08527,315.636,670.01,0.189823,0.272372,6.57296,403.364,702.222,-0.174777,0.113289,6.15189,317.34,667.652,0.127195,0.247814,6.58903,388.986,696.474,-0.208395,0.303161,6.25278,309.955,712.802,0.0783326,0.449008,6.6883,377.586,740.805,-0.547066,0.953275,6.53276,234.256,859.111,0.568985,1.15645,6.18776,498.073,920.632,-0.557295,0.975945,6.45798,230.422,866.919,0.632174,1.11074,6.17826,513.643,909.953,-0.39289,1.04126,6.40237,267.855,884.21,0.578001,0.973723,6.06697,503.054,880.994,-0.552181,0.96461,6.49537,232.35,862.993,0.60058,1.1336,6.18301,505.852,915.297
44,1.46667,1,86.6855,699.4,-0.920255,0.24797,4.78998,71.5193,717.733,-0.998078,0.240626,4.80196,47.9038,715.243,-0.842431,0.255315,4.778,95.2532,720.236,-0.83927,-0.146206,4.8162,98.3385,594.417,-0.804562,-0.315138,4.82743,109.743,541.977,-1.16065,0.605496,4.97085,9.39769,822.904,-0.640846,0.593052,4.96071,166.022,819.511,-1.26196,0.953432,4.81086,-33.882,937.584,-0.467302,0.935159,4.87203,215.978,928.216,-1.32736,1.00184,4.96312,-41.5844,943.099,-0.364373,0.960296,5.01442,250.889,927.559,-0.695094,-0.402777,4.97035,150.01,518.32,-0.993573,-0.305087,4.85121,52.4662,545.568,-0.666236,-0.211821,4.74278,149.07,572.938,-0.976991,-0.336846,4.87343,58.9778,536.214,-0.648823,-0.243755,4.76096,155.367,563.122,-1.08605,-0.0496917,4.88036,25.8516,624.711,-0.707721,0.0520166,4.6778,132.824,656.697,-1.10808,-0.0300964,4.85776,17.4876,630.697,-0.719328,0.0620888,4.64192,127.313,660.084,-1.06416,-0.0516068,4.90424,34.1785,624.199,-0.704692,0.0556966,4.70679,135.189,657.768,-1.09189,0.165145,5.03389,34.2991,689.261,-0.717709,0.315354,4.69748,130.583,740.804,-1.29868,1.00496,4.98957,-30.8245,942.431,-0.386942,0.961514,5.04622,244.861,926.109,-1.35604,0.998717,4.93668,-52.4596,943.774,-0.341805,0.959078,4.98262,256.994,929.027,-1.27148,0.995121,4.77033,-40.226,953.235,-0.455051,0.979341,4.83693,218.736,944.023,-1.32736,1.00184,4.96312,-41.5844,943.099,-0.364373,0.960296,5.01442,250.889,927.559
44,1.46667,2,367.792,726.025,0.096339,0.410426,6.20559,383.311,739.31,0.0296737,0.411009,6.15385,367.24,740.288,0.163004,0.409842,6.25733,399.116,738.349,-0.0059732,0.0842408,6.34118,358.586,659.948,-0.0498213,-0.0555528,6.39929,348.31,626.965,-0.259616,0.617766,6.35842,298.691,785.887,0.312337,0.782939,6.33971,433.977,825.439,-0.42309,0.961324,6.42504,261.122,864.666,0.604813,0.893172,6.11358,508.548,859.372,-0.57638,0.920515,6.49883,226.827,852.686,0.651018,1.05738,6.14189,519.16,898.507,-0.178171,-0.138514,6.5232,318.987,608.116,-0.153648,-0.0569377,6.25306,323.104,626.327,0.106134,-0.000604868,6.47153,384.626,639.86,-0.174137,-0.0754845,6.28034,318.366,621.952,0.0885334,-0.0254201,6.50005,380.452,634.128,-0.119984,0.116029,6.06082,330.274,668.746,0.23545,0.225995,6.43117,414.973,692.766,-0.112643,0.132311,6.03652,331.98,672.912,0.258761,0.246145,6.41679,420.551,697.599,-0.125819,0.115909,6.09751,329.016,668.544,0.205734,0.219974,6.44771,407.912,691.228,-0.182001,0.277253,6.22925,316.129,706.832,0.127555,0.384423,6.57193,389.144,727.833,-0.571035,0.906705,6.53516,228.795,848.33,0.620087,1.08037,6.13525,511.762,904.413,-0.581726,0.934325,6.4625,224.836,857.09,0.681949,1.03439,6.14853,526.542,892.613,-0.425597,1.01836,6.41636,260.402,878.317,0.641025,0.87346,6.07172,518.528,856.01,-0.57638,0.920515,6.49883,226.827,852.686,0.651018,1.05738,6.14189,519.16,898.507
45,1.5,1,90.5735,694.741,-0.918368,0.236513,4.8678,76.7126,712.957,-0.996827,0.228627,4.87335,52.8611,710.444,-0.83991,0.2444,4.86224,100.619,715.476,-0.846117,-0.158775,4.89479,100.439,591.293,-0.815153,-0.328184,4.90636,110.528,539.562,-1.14845,0.575991,5.0847,20.8519,810.096,-0.657229,0.598978,5.03319,163.928,818.694,-1.20843,0.931649,4.91681,-9.047,924.519,-0.482909,0.943456,4.94755,213.439,926.335,-1.28565,0.989367,5.06064,-21.4704,933.558,-0.384736,0.972674,5.0934,246.578,926.749,-0.705421,-0.413078,5.05229,150.346,517.232,-1.00948,-0.308662,4.91083,51.3377,545.622,-0.664496,-0.231705,4.83993,153.844,568.115,-0.996203,-0.341746,4.93447,56.8556,536.007,-0.650599,-0.263417,4.8591,158.952,558.599,-1.09776,-0.0513517,4.93375,25.9031,624.371,-0.69724,0.0330424,4.77308,140.656,650.395,-1.11836,-0.0308846,4.91008,17.9915,630.555,-0.703412,0.0427421,4.73533,136.95,653.553,-1.07655,-0.0540966,4.95891,34.0205,623.62,-0.698823,0.0368587,4.80217,141.49,651.525,-1.10081,0.162129,5.08936,35.2199,687.834,-0.714084,0.296762,4.78587,135.957,733.108,-1.25976,0.991579,5.08998,-11.6326,932.519,-0.408388,0.974169,5.12445,240.335,925.449,-1.31155,0.987155,5.03131,-31.423,934.61,-0.361084,0.971179,5.06234,252.898,928.065,-1.21037,0.973121,4.87471,-12.8307,939.751,-0.469972,0.987423,4.91223,216.34,941.833,-1.28565,0.989367,5.06064,-21.4704,933.558,-0.384736,0.972674,5.0934,246.578,926.749
45,1.5,2,368.709,728.876,0.10731,0.439161,6.36642,385.31,743.579,0.0415382,0.446153,6.31238,369.881,746.129,0.173082,0.432168,6.42045,400.479,741.072,-0.00710076,0.0957,6.46441,358.351,662.229,-0.0561339,-0.0514973,6.50641,347.045,628.115,-0.257714,0.652122,6.49633,300.432,790.731,0.318675,0.809095,6.47087,433.948,827.75,-0.402858,1.00054,6.55904,267.774,869.053,0.592916,0.827512,6.20306,503.526,840.314,-0.569514,1.00993,6.62143,230.85,869.025,0.662416,0.981782,6.21338,520.083,877.263,-0.197541,-0.132839,6.61073,315.131,609.827,-0.151939,-0.0358338,6.35961,324.126,631.539,0.102422,-0.0173533,6.57616,383.386,636.038,-0.174574,-0.0559092,6.38222,318.927,626.846,0.0848453,-0.0435947,6.60337,379.293,630.087,-0.0878605,0.153224,6.18697,338.677,677.187,0.255975,0.198135,6.54967,418.684,685.424,-0.0770626,0.171535,6.16546,341.232,681.776,0.278592,0.219122,6.53873,423.976,690.319,-0.0989355,0.150097,6.22255,336.126,676.22,0.226148,0.190691,6.56617,411.716,683.607,-0.174589,0.303391,6.36232,318.795,711.603,0.144797,0.32744,6.72356,392.337,713.127,-0.571027,0.997985,6.65877,231.233,865.047,0.6346,1.00823,6.20592,513.545,883.947,-0.568001,1.02188,6.5841,230.463,873.049,0.690233,0.955334,6.22084,526.605,870.594,-0.392464,1.05451,6.548,270.002,881.817,0.621794,0.796479,6.16126,511.537,834.11,-0.569514,1.00993,6.62143,230.85,869.025,0.662416,0.981782,6.21338,520.083,877.263
46,1.53333,1,98.9649,691.327,-0.894335,0.224919,4.91667,86.8687,708.69,-0.972735,0.218525,4.91513,62.8321,706.759,-0.815935,0.231312,4.91821,110.89,710.621,-0.832256,-0.174388,4.94777,107.425,587.076,-0.80565,-0.345519,4.9611,116.157,535.423,-1.11152,0.591487,5.09657,32.5238,814.265,-0.65227,0.589942,5.10763,168.243,813.434,-1.142,0.948093,4.90947,10.7201,929.974,-0.504747,0.943705,4.98527,207.97,924.244,-1.2229,1.02449,5.04421,-4.0316,944.97,-0.409283,0.981667,5.12912,240.181,927.385,-0.704444,-0.435656,5.11297,153.121,512.058,-0.997023,-0.328847,4.93779,56.81,539.999,-0.646605,-0.252458,4.91579,162.49,562.885,-0.987269,-0.360861,4.96355,61.3343,530.833,-0.636506,-0.284375,4.93661,166.395,553.502,-1.08105,-0.0694052,4.93946,31.3693,618.901,-0.663288,0.012053,4.84042,154.24,643.739,-1.0982,-0.047762,4.91485,24.4849,625.408,-0.66274,0.021996,4.80237,152.781,646.878,-1.06183,-0.0733764,4.96715,39.0108,617.818,-0.669785,0.0160094,4.86895,153.442,644.937,-1.07923,0.140476,5.1056,42.5985,681.314,-0.679215,0.279315,4.85359,149.87,726.412,-1.19855,1.02738,5.07476,5.36301,943.99,-0.43321,0.983477,5.15992,233.934,926.196,-1.24724,1.0216,5.01365,-13.5407,945.962,-0.385357,0.979856,5.09831,246.504,928.588,-1.13836,0.986795,4.86492,8.64406,944.575,-0.494937,0.98734,4.94696,209.771,939.689,-1.2229,1.02449,5.04421,-4.0316,944.97,-0.409283,0.981667,5.12912,240.181,927.385
46,1.53333,2,372.264,730.656,0.126048,0.467084,6.49206,389.154,748.033,0.0569846,0.476883,6.43659,373.294,751.25,0.195111,0.457284,6.54753,404.745,744.87,0.0117911,0.118234,6.5537,362.702,667.089,-0.037176,-0.0312736,6.58012,351.517,632.863,-0.252119,0.641066,6.64556,303.034,784.849,0.331162,0.819528,6.67574,434.487,824.335,-0.345028,1.01168,6.66381,282.255,867.961,0.60191,0.783662,6.40618,501.083,823.684,-0.504527,1.05778,6.72864,247.41,876.053,0.693782,0.925542,6.4036,522.683,857.027,-0.188092,-0.122408,6.66022,317.594,612.403,-0.119819,0.0106521,6.42982,332.019,642.488,0.115346,-0.0171008,6.66051,386.004,636.145,-0.145374,-0.0126274,6.44726,326.143,637.059,0.0962768,-0.0447354,6.68411,381.628,629.95,-0.049273,0.200057,6.26829,348.197,687.923,0.285084,0.180704,6.66455,424.231,680.714,-0.0378577,0.2192,6.24826,350.902,692.677,0.310114,0.200308,6.65792,429.94,685.176,-0.0615488,0.195222,6.30326,345.338,686.506,0.252758,0.174654,6.6764,416.847,679.281,-0.143381,0.336316,6.4474,326.607,718.326,0.157371,0.303812,6.82714,394.612,706.82,-0.506033,1.05062,6.76723,247.718,873.118,0.669643,0.955302,6.39556,517.22,864.287,-0.503021,1.06494,6.69004,247.098,879.021,0.717922,0.895782,6.41164,528.132,849.786,-0.326694,1.06108,6.64431,286.17,879.794,0.624601,0.745322,6.36636,507.318,815.791,-0.504527,1.05778,6.72864,247.41,876.053,0.693782,0.925542,6.4036,522.683,857.027
47,1.56667,1,110.245,686.113,-0.852021,0.209298,4.92379,100.168,703.827,-0.931844,0.204262,4.91792,75.4857,702.366,-0.772197,0.214334,4.92966,124.791,705.285,-0.800609,-0.18852,4.97124,118.177,583.058,-0.778575,-0.359014,4.99158,125.79,532.002,-1.06345,0.579988,5.10229,47.0364,810.685,-0.637346,0.565,5.15622,174.396,804.536,-1.08142,0.938803,4.91137,29.3758,927.022,-0.541197,0.905286,4.95779,196.088,914.183,-1.16995,1.00539,5.0455,11.8194,939.209,-0.442909,0.981388,5.08152,229.123,929.995,-0.685306,-0.458888,5.14822,160.119,506.158,-0.967953,-0.338115,4.95911,66.9154,537.623,-0.616915,-0.276277,4.94953,172.844,556.185,-0.961363,-0.36916,4.98649,70.5091,528.836,-0.607601,-0.306598,4.97213,176.507,547.409,-1.05607,-0.0852315,4.92627,38.1034,614.021,-0.617736,-0.0197818,4.85762,169.049,633.885,-1.07355,-0.066962,4.89898,30.9513,619.476,-0.614165,-0.010801,4.81924,168.641,636.635,-1.03636,-0.0856491,4.95453,45.913,614.042,-0.626415,-0.0149291,4.88657,167.513,635.413,-1.05254,0.139898,5.06585,48.0181,681.467,-0.628658,0.244335,4.87336,166.3,715.283,-1.14679,1.00809,5.07707,20.8337,938.145,-0.465126,0.988012,5.11303,223.405,930.153,-1.19311,1.0027,5.01393,2.69159,940.286,-0.420693,0.974763,5.05001,234.912,929.834,-1.0769,0.979456,4.86785,27.814,942.128,-0.53961,0.940759,4.90957,194.964,927.725,-1.16995,1.00539,5.0455,11.8194,939.209,-0.442909,0.981388,5.08152,229.123,929.995
47,1.56667,2,378.076,730.632,0.164796,0.474423,6.53047,397.892,749.085,0.0940678,0.480646,6.47617,381.81,751.442,0.235525,0.468199,6.58477,413.708,746.766,0.0452272,0.129947,6.59788,370.293,669.574,-0.00601667,-0.0176848,6.62677,358.637,635.993,-0.231215,0.624759,6.69177,308.118,780.189,0.330234,0.810677,6.80109,432.91,818.983,-0.263691,1.01502,6.66587,300.601,868.645,0.593579,0.778273,6.51163,496.877,819.467,-0.418068,1.05276,6.74016,266.864,874.532,0.694182,0.913695,6.52282,519.801,850.333,-0.157781,-0.111728,6.71419,324.714,615.013,-0.0934882,0.0395803,6.47716,338.327,649.176,0.15,-0.0123389,6.7064,393.585,637.237,-0.119334,0.0164049,6.49516,332.412,643.793,0.129005,-0.039658,6.72901,388.787,631.15,-0.0188205,0.246419,6.33099,355.536,698.445,0.316578,0.191115,6.73424,430.589,682.614,-0.00662619,0.266972,6.31157,358.424,703.514,0.33939,0.212791,6.7325,435.695,687.459,-0.0318223,0.239571,6.36577,352.494,696.51,0.283591,0.18156,6.74197,423.161,680.437,-0.114482,0.380019,6.51568,333.617,727.577,0.152661,0.281318,6.89194,393.261,701.291,-0.416571,1.04575,6.77879,267.726,871.643,0.671651,0.945478,6.51882,514.71,857.784,-0.419565,1.05977,6.70153,265.991,877.455,0.716713,0.881911,6.52683,524.887,842.892,-0.244976,1.06559,6.64361,304.632,880.839,0.613305,0.742141,6.46744,502.392,812.304,-0.418068,1.05276,6.74016,266.864,874.532,0.694182,0.913695,6.52282,519.801,850.333
48,1.6,1,123.246,680.751,-0.801856,0.189672,4.94556,116.542,697.588,-0.883614,0.184524,4.93764,91.2887,696.115,-0.720098,0.194821,4.95348,141.715,699.056,-0.764343,-0.20617,4.99382,130.174,578.008,-0.748267,-0.375816,5.0145,135.937,527.464,-1.01107,0.572018,5.10034,62.3377,808.404,-0.615351,0.54262,5.20032,182.321,796.678,-1.02141,0.931502,4.908,47.5095,924.985,-0.580273,0.878079,4.97316,184.797,905.121,-1.10959,1.00056,5.04083,29.4768,938.045,-0.495415,0.981746,5.08479,213.702,929.913,-0.662621,-0.476193,5.17526,167.746,501.836,-0.937524,-0.346196,4.9762,77.1035,535.536,-0.580966,-0.30254,4.97655,184.707,548.715,-0.932298,-0.378414,5.00331,80.2049,526.433,-0.573958,-0.332921,4.99912,187.603,540.002,-1.02967,-0.0924971,4.9402,47.0339,611.886,-0.569511,-0.044591,4.8841,184.911,626.291,-1.04555,-0.0750033,4.91076,40.3038,617.066,-0.565068,-0.0342669,4.84592,184.908,629.382,-1.01249,-0.0920132,4.96986,54.0929,612.2,-0.578645,-0.0404211,4.91385,183.179,627.648,-1.04923,0.137748,5.07289,49.43,680.773,-0.572952,0.219551,4.91558,184.98,707.066,-1.08656,1.00346,5.07251,38.357,937.043,-0.51834,0.98892,5.11571,207.857,930.267,-1.13261,0.997655,5.00914,20.4842,939.061,-0.472491,0.974571,5.05388,219.618,929.555,-1.01588,0.972021,4.86411,46.395,940.065,-0.585587,0.907924,4.92092,181.315,917.042,-1.10959,1.00056,5.04083,29.4768,938.045,-0.495415,0.981746,5.08479,213.702,929.913
48,1.6,2,384.588,730.015,0.203487,0.482441,6.51708,406.884,751.156,0.137542,0.485245,6.46204,391.96,752.755,0.269433,0.479638,6.57213,421.558,749.585,0.089342,0.138966,6.59408,380.344,671.644,0.0404226,-0.00823712,6.62708,369.159,638.134,-0.186344,0.618274,6.69629,318.215,778.64,0.299735,0.770988,6.8749,425.466,808.393,-0.185499,1.01344,6.65355,318.137,868.71,0.577416,0.813948,6.59459,491.475,825.333,-0.339377,1.05516,6.72468,284.22,875.607,0.677672,0.946469,6.63281,513.414,854.265,-0.112659,-0.113612,6.70172,334.758,614.545,-0.0517968,0.0508926,6.47951,347.997,651.794,0.189236,-0.00480628,6.7128,402.33,638.925,-0.077793,0.0288887,6.49792,342.023,646.676,0.167234,-0.0307506,6.73599,397.279,633.145,0.0222591,0.273255,6.3575,365.257,704.539,0.349284,0.201335,6.75471,437.645,684.756,0.0337709,0.295828,6.34006,367.998,710.063,0.37139,0.223377,6.7555,442.55,689.65,0.0121187,0.262144,6.39214,362.847,701.579,0.315861,0.191134,6.75884,430.172,682.463,-0.0471546,0.383706,6.56805,349.22,727.721,0.165467,0.287115,6.89261,396.047,702.548,-0.338567,1.04876,6.76346,284.835,872.835,0.655031,0.978411,6.63462,508.248,861.436,-0.340186,1.06156,6.68589,283.599,878.412,0.700312,0.914526,6.631,518.582,847.09,-0.163757,1.06334,6.63033,322.914,880.812,0.598317,0.787617,6.54448,497.277,820.71,-0.339377,1.05516,6.72468,284.22,875.607,0.677672,0.946469,6.63281,513.414,854.265
49,1.63333,1,138.229,675.943,-0.753497,0.174342,5.0012,133.77,692.344,-0.836878,0.168394,4.995,108.424,690.621,-0.670117,0.18029,5.00739,159.053,694.063,-0.725046,-0.223022,5.04893,144.37,573.673,-0.712853,-0.393322,5.06939,148.852,523.498,-0.95877,0.564855,5.1365,79.7214,805.125,-0.585434,0.527467,5.26108,192.912,790.544,-0.963931,0.917165,4.92879,66.3375,919.415,-0.606709,0.867894,5.03608,179.103,898.772,-1.03786,1.01096,5.05752,51.8637,940.15,-0.524959,0.975751,5.14487,206.788,924.779,-0.634463,-0.493799,5.23288,177.943,498.306,-0.900871,-0.358843,5.03308,91.2359,532.943,-0.542563,-0.327064,5.02985,198.029,542.362,-0.896226,-0.391679,5.05978,94.0324,523.764,-0.536382,-0.357701,5.0522,200.582,533.688,-0.998773,-0.109919,4.99474,59.7406,606.955,-0.518984,-0.0726229,4.93851,202.202,617.919,-1.01636,-0.0956432,4.96387,52.5524,611.068,-0.513855,-0.0624195,4.90013,202.538,620.873,-0.981085,-0.106407,5.02314,66.7257,608.192,-0.528137,-0.0681294,4.96852,200.389,619.41,-1.02947,0.131414,5.10088,56.9512,678.685,-0.509822,0.189632,4.97355,206.08,697.252,-1.01281,1.01521,5.08754,61.0734,939.634,-0.546713,0.981164,5.17702,201.43,924.58,-1.0629,1.0067,5.02751,42.544,940.671,-0.503206,0.970338,5.11271,212.213,924.98,-0.957756,0.952811,4.88125,65.377,933.102,-0.618692,0.898148,4.98456,173.624,910.56,-1.03786,1.01096,5.05752,51.8637,940.15,-0.524959,0.975751,5.14487,206.788,924.779
49,1.63333,2,394.88,727.559,0.261352,0.487056,6.56815,419.748,751.347,0.198871,0.490511,6.513,405.849,753.086,0.323832,0.483601,6.6233,433.415,749.637,0.151071,0.142975,6.6456,394.134,672.305,0.103808,-0.00448799,6.67878,383.339,638.991,-0.130281,0.626259,6.75001,331.019,779.313,0.288862,0.705661,6.98719,422.077,791.648,-0.0886496,1.02357,6.6801,340.073,870.079,0.588227,0.877332,6.77562,490.358,834.427,-0.233729,1.06446,6.76314,308.107,876.332,0.651836,0.979076,6.89658,501.921,853.17,-0.0477667,-0.119,6.72882,349.341,613.445,0.0100096,0.0486284,6.53526,362.3,651.173,0.246319,0.00222862,6.77142,414.621,640.494,-0.0151198,0.0269675,6.55375,356.536,646.179,0.223676,-0.0236361,6.79403,409.435,634.776,0.0762254,0.27693,6.42552,377.813,704.715,0.392432,0.212192,6.82324,446.361,686.696,0.0870822,0.299638,6.40732,380.408,710.22,0.412787,0.234797,6.82559,450.809,691.653,0.0682286,0.265561,6.46012,375.859,701.726,0.359689,0.200677,6.82469,439.138,684.153,0.0251999,0.391431,6.63675,365.701,728.561,0.194222,0.288676,6.94268,402.006,702.435,-0.229675,1.05738,6.80157,309.295,873.433,0.624067,1.00483,6.90656,495.679,858.46,-0.237783,1.07154,6.72471,306.906,879.263,0.679605,0.953326,6.8866,508.182,847.864,-0.0659605,1.07362,6.65478,345.117,882.247,0.623374,0.880548,6.72554,499.176,836.593,-0.233729,1.06446,6.76314,308.107,876.332,0.651836,0.979076,6.89658,501.921,853.17
50,1.66667,1,150.547,672.014,-0.714209,0.160244,5.05737,147.947,687.577,-0.79921,0.153421,5.0532,122.514,685.589,-0.629208,0.167068,5.06154,173.339,689.562,-0.693409,-0.23599,5.10659,156.108,570.609,-0.684495,-0.405805,5.12769,159.557,521.167,-0.918332,0.552014,5.18567,94.0885,799.841,-0.560882,0.5186,5.31128,201.432,786.614,-0.915913,0.887415,4.9536,82.3642,908.997,-0.615873,0.860427,5.09502,178.495,893.578,-0.978542,1.00952,5.06639,69.9828,939.197,-0.541765,0.969372,5.20769,203.79,919.504,-0.604966,-0.504014,5.29151,188.33,496.977,-0.871798,-0.364194,5.09201,102.919,532.605,-0.511605,-0.345997,5.08716,208.991,537.873,-0.868313,-0.397561,5.1185,105.272,523.372,-0.506643,-0.377173,5.10936,211.106,529.155,-0.964976,-0.111618,5.05251,73.2179,606.828,-0.474218,-0.0889406,5.0051,217.732,613.317,-0.980608,-0.0989629,5.01937,66.6484,610.395,-0.469822,-0.0772419,4.96687,217.966,616.649,-0.949872,-0.106751,5.08107,79.2937,608.453,-0.481995,-0.085236,5.03584,216.282,614.585,-1.0139,0.13774,5.1364,63.6001,680.267,-0.445928,0.172037,5.05204,227.462,691.133,-0.952581,1.01621,5.09519,79.2727,939.478,-0.563906,0.972648,5.23989,198.405,918.725,-1.0045,1.00283,5.03759,60.5867,938.914,-0.519625,0.966096,5.17549,209.242,920.293,-0.908211,0.915154,4.90203,81.8024,920.324,-0.630637,0.891418,5.04455,172.285,905.339,-0.978542,1.00952,5.06639,69.9828,939.197,-0.541765,0.969372,5.20769,203.79,919.504
50,1.66667,2,405.184,726.077,0.32095,0.488257,6.61951,432.804,750.756,0.264662,0.492091,6.55842,420.595,752.665,0.377237,0.484424,6.6806,444.789,748.881,0.211214,0.140591,6.69861,407.346,671.515,0.164184,-0.00840914,6.7325,396.618,638.124,-0.0794299,0.636748,6.76613,342.373,781.309,0.285136,0.675788,7.05123,420.72,783.909,-0.00416377,1.02844,6.69446,359.066,870.679,0.57086,0.943648,6.9489,483.355,843.909,-0.146013,1.07526,6.77707,327.649,878.239,0.534349,1.01604,7.09683,473.058,854.976,0.0195741,-0.134042,6.76267,364.346,610.238,0.0736764,0.0375625,6.58734,376.794,648.562,0.299496,0.0051775,6.83124,425.832,641.138,0.0492924,0.0149871,6.60609,371.204,643.407,0.276107,-0.0212057,6.85281,420.499,635.354,0.1287,0.2666,6.47834,389.83,701.793,0.437444,0.217552,6.88337,455.425,687.458,0.139147,0.28819,6.45801,392.353,707.007,0.458698,0.239702,6.88526,460.034,692.275,0.120038,0.258085,6.51276,387.676,699.503,0.404925,0.207025,6.88504,448.31,685.15,0.0661193,0.40417,6.6674,374.891,731.023,0.248063,0.307189,7.0011,413.203,705.884,-0.142841,1.06653,6.81513,328.528,874.985,0.497259,1.02822,7.09591,465.224,857.581,-0.149184,1.08399,6.73901,326.759,881.529,0.571439,1.00386,7.09776,480.89,852.372,0.0225344,1.07721,6.67061,365.073,882.48,0.617767,0.971247,6.92099,494.029,850.719,-0.146013,1.07526,6.77707,327.649,878.239,0.534349,1.01604,7.09683,473.058,854.976
51,1.7,1,161.39,670.05,-0.670998,0.159316,5.07968,161.652,687.094,-0.75517,0.153942,5.07245,136.453,685.57,-0.586826,0.16469,5.08691,186.78,688.614,-0.658855,-0.23916,5.14016,167.533,570.136,-0.653651,-0.409935,5.16609,170.012,520.849,-0.896479,0.533639,5.23866,103.042,792.957,-0.538619,0.511027,5.35053,208.843,783.413,-0.882463,0.847426,4.98071,93.9597,895.478,-0.595159,0.857019,5.14286,186.231,890.224,-0.931281,0.992814,5.07324,84.3626,933.849,-0.529776,0.95872,5.26634,208.948,913.354,-0.5714,-0.510557,5.32839,198.977,496.123,-0.841028,-0.364587,5.12671,113.672,533.216,-0.479526,-0.353269,5.12659,219.548,536.529,-0.838131,-0.397675,5.15357,115.8,524.132,-0.476668,-0.385355,5.14967,221.011,527.637,-0.920251,-0.106157,5.09016,88.5325,608.684,-0.41503,-0.0982647,5.05676,236.761,610.821,-0.929122,-0.0937188,5.05447,83.9803,612.158,-0.408577,-0.0846876,5.01968,237.781,614.667,-0.911173,-0.1014,5.11962,92.7573,610.26,-0.423018,-0.0956771,5.08773,235.153,611.762,-0.987548,0.146622,5.14914,72.0172,682.757,-0.360671,0.153852,5.12462,254.32,685.08,-0.904623,1.00072,5.10106,93.7132,934.574,-0.553965,0.959926,5.29717,202.971,912.105,-0.95794,0.984909,5.04542,74.9089,933.117,-0.505586,0.957513,5.23551,214.996,914.618,-0.873483,0.86691,4.92655,93.772,904.225,-0.607628,0.890703,5.09349,180.871,902.579,-0.931281,0.992814,5.07324,84.3626,933.849,-0.529776,0.95872,5.26634,208.948,913.354
51,1.7,2,417.089,724.092,0.392397,0.485099,6.74517,447.353,747.989,0.348072,0.487955,6.67721,438.274,749.731,0.436721,0.482244,6.81312,456.25,746.283,0.281315,0.134169,6.82432,421.898,669.521,0.233709,-0.0162305,6.85824,411.169,636.446,-0.0155723,0.652429,6.82113,356.572,783.621,0.288759,0.662217,7.16769,420.492,778.728,0.0882204,1.03742,6.75881,379.599,870.478,0.525015,0.985129,7.20761,469.376,845.232,-0.0549487,1.08929,6.83347,347.926,879.355,0.451141,1.02099,7.35779,452.068,848.361,0.0959075,-0.1486,6.86426,380.98,607.494,0.155165,0.0163232,6.70453,394.751,643.656,0.353856,0.0117521,6.97352,436.193,642.531,0.130996,-0.00743747,6.72298,389.258,638.339,0.329157,-0.0152316,6.99298,430.678,636.729,0.17796,0.255624,6.60105,400.481,698.147,0.481725,0.229903,7.0378,462.779,689.051,0.186416,0.276852,6.57721,402.558,703.205,0.50699,0.25065,7.04079,468.124,693.455,0.171004,0.24926,6.63583,398.695,696.403,0.448294,0.222947,7.03573,455.675,687.581,0.110115,0.41912,6.77017,384.423,732.957,0.301198,0.367677,7.1243,423.482,717.494,-0.0545443,1.07958,6.8714,348.081,875.913,0.413288,1.0284,7.35183,444.411,850.043,-0.055353,1.09899,6.79554,347.769,882.836,0.488994,1.01359,7.36375,459.712,846.682,0.119497,1.08466,6.73746,386.632,881.736,0.569746,1.02416,7.19749,478.862,853.664,-0.0549487,1.08929,6.83347,347.926,879.355,0.451141,1.02099,7.35779,452.068,848.361
52,1.73333,1,170.263,670.806,-0.639127,0.163279,5.14332,173.411,687.668,-0.721861,0.158737,5.13087,148.746,686.455,-0.556393,0.167821,5.15578,197.957,688.876,-0.63496,-0.233083,5.20662,176.881,572.78,-0.633175,-0.402953,5.23374,178.342,524.393,-0.884389,0.53018,5.29135,109.031,790.452,-0.524957,0.512479,5.42104,214.594,781.95,-0.881948,0.860391,5.05555,98.0504,895.547,-0.5747,0.869347,5.23171,195.055,889.513,-0.971617,0.994452,5.13664,75.9737,930.702,-0.533249,0.965231,5.37033,210.902,909.881,-0.557102,-0.504036,5.39711,205.005,499.769,-0.818697,-0.353988,5.18688,122.994,537.523,-0.456482,-0.347939,5.20274,228.255,539.581,-0.817259,-0.387506,5.21385,124.634,528.4,-0.455628,-0.380967,5.22605,229.088,530.54,-0.889205,-0.0910029,5.16206,101.344,613.529,-0.367256,-0.0985875,5.13838,252.679,611.19,-0.895284,-0.077317,5.12626,97.7576,617.353,-0.360879,-0.0844172,5.10159,253.782,615.153,-0.882247,-0.0874143,5.19154,104.826,614.717,-0.373497,-0.0963115,5.16973,251.517,612.026,-0.957454,0.162023,5.21897,84.5293,686.616,-0.280336,0.142562,5.2115,279.228,681.075,-0.952668,1.00549,5.16929,83.2721,932.071,-0.561255,0.962598,5.39764,203.866,907.783,-0.990565,0.983415,5.10398,68.5819,929.315,-0.505242,0.967864,5.34302,218.011,912.001,-0.866783,0.883274,5.00479,99.944,905.004,-0.583113,0.906152,5.18406,191.102,902.466,-0.971617,0.994452,5.13664,75.9737,930.702,-0.533249,0.965231,5.37033,210.902,909.881
52,1.73333,2,425.168,721.663,0.447213,0.480689,6.87888,457.62,744.927,0.414939,0.4839,6.80441,451.566,746.784,0.479486,0.477478,6.95335,463.544,743.11,0.340991,0.121087,6.94413,433.734,666.183,0.295467,-0.0330281,6.9721,423.634,632.887,0.0412225,0.66368,6.86961,369.01,785.067,0.265436,0.656602,7.26693,414.847,775.673,0.148442,1.04658,6.81831,392.691,870.484,0.449937,0.996561,7.36431,451.741,843.196,-0.00295354,1.09542,6.87749,359.355,879.162,0.33382,1.03084,7.48796,426.941,846.714,0.165747,-0.174508,6.96774,395.719,602.393,0.231379,-0.00688601,6.80664,411.043,638.481,0.38391,0.00407386,7.11731,440.995,640.859,0.208239,-0.0330802,6.82428,405.819,632.721,0.358206,-0.0265267,7.12732,435.466,634.411,0.217205,0.23957,6.72142,408.523,693.52,0.406271,0.244864,7.22085,444.483,690.919,0.22398,0.262013,6.69627,410.225,698.753,0.430968,0.266921,7.23633,449.427,695.387,0.211038,0.232469,6.756,406.904,691.668,0.378337,0.237985,7.20419,438.856,689.603,0.133578,0.406429,6.88193,389.145,728.678,0.231534,0.414853,7.23514,408.052,726.097,-0.00673091,1.08512,6.91512,358.538,875.625,0.29853,1.03525,7.47177,419.994,848.048,0.000823826,1.10571,6.83986,360.181,882.738,0.369109,1.02643,7.50414,433.858,845.386,0.181522,1.09422,6.80117,400.076,881.582,0.491693,1.03897,7.36562,460.237,851.805,-0.00295354,1.09542,6.87749,359.355,879.162,0.33382,1.03084,7.48796,426.941,846.714
53,1.76667,1,175.23,672.674,-0.617848,0.170052,5.18939,181.224,689.205,-0.698129,0.166769,5.17522,157.442,688.387,-0.537568,0.173334,5.20356,204.877,690.018,-0.623009,-0.220734,5.25653,182.034,576.946,-0.625221,-0.388213,5.28531,182.374,529.708,-0.879102,0.538621,5.32296,112.013,791.94,-0.523012,0.506345,5.48947,216.938,778.503,-0.922743,0.906333,5.14246,90.5658,904.642,-0.564633,0.883558,5.32524,200.79,889.137,-1.05979,1.00479,5.21154,54.6506,929.502,-0.546888,0.967297,5.47667,210.058,905.208,-0.552871,-0.4903,5.4483,207.628,504.873,-0.80846,-0.334528,5.24059,128.356,544.149,-0.448796,-0.339288,5.25479,231.756,543.048,-0.80823,-0.367841,5.26815,129.633,535.156,-0.449071,-0.373101,5.27864,232.258,533.868,-0.869925,-0.0642271,5.22774,110.132,621.552,-0.327156,-0.0973473,5.19837,265.5,611.881,-0.878508,-0.0490549,5.19315,105.986,625.816,-0.32034,-0.0818624,5.1623,266.823,616.189,-0.860299,-0.061831,5.25653,114.25,622.338,-0.331649,-0.0961181,5.23002,264.782,612.404,-0.921799,0.193407,5.29766,98.7266,694.819,-0.202476,0.128419,5.27959,302.414,676.523,-1.05195,1.01427,5.24888,59.0652,930.154,-0.578016,0.960826,5.49957,202.183,902.336,-1.06763,0.995308,5.1742,50.1721,928.84,-0.515759,0.973768,5.45376,217.998,908.103,-0.904486,0.940563,5.09993,93.694,916.928,-0.568734,0.925105,5.28056,198.277,903.06,-1.05979,1.00479,5.21154,54.6506,929.502,-0.546888,0.967297,5.47667,210.058,905.208
53,1.76667,2,431.46,720.215,0.471776,0.480899,6.95498,461.855,743.825,0.453199,0.482669,6.87641,458.962,745.398,0.490353,0.479129,7.03355,464.683,742.287,0.393142,0.113436,7,444.332,664.333,0.359442,-0.0440488,7.01929,436.891,630.577,0.083493,0.659778,6.85856,378.279,784.447,0.232935,0.651723,7.30246,407.897,774.01,0.206473,1.03771,6.79817,405.605,869.207,0.390278,0.995172,7.43221,438.849,841.059,0.0509204,1.09561,6.83536,371.186,880.678,0.267524,1.05667,7.54176,413.264,850.382,0.239656,-0.193777,7.0037,411.381,598.455,0.315183,-0.0207258,6.84345,429.156,635.452,0.428964,-0.0014534,7.17419,449.782,639.696,0.293355,-0.0505996,6.85849,424.226,628.922,0.405098,-0.033464,7.1819,444.696,633.004,0.248843,0.231782,6.76061,415.269,691.48,0.449252,0.239661,7.30134,452.391,689.288,0.251231,0.257721,6.73674,415.997,697.444,0.467152,0.264721,7.31933,455.836,694.307,0.242525,0.220513,6.79531,413.591,688.727,0.423526,0.22855,7.27985,447.358,687.141,0.113568,0.364452,6.93136,384.602,718.952,0.232207,0.366626,7.27272,407.942,715.695,0.0422532,1.08782,6.87286,369.231,877.664,0.234333,1.06305,7.52203,406.778,852.208,0.0595876,1.10339,6.79786,373.162,883.726,0.300715,1.05029,7.56149,419.716,848.566,0.242981,1.08315,6.78148,413.801,879.831,0.434762,1.03392,7.43531,447.8,848.8,0.0509204,1.09561,6.83536,371.186,880.678,0.267524,1.05667,7.54176,413.264,850.382
54,1.8,1,177.738,677.674,-0.604287,0.188611,5.22066,186.196,694.248,-0.684509,0.185303,5.20311,162.458,693.476,-0.524064,0.191918,5.23821,209.774,695.014,-0.616013,-0.199224,5.29328,185.254,583.486,-0.621038,-0.365438,5.3244,184.858,536.941,-0.870346,0.568708,5.28795,112.858,801.49,-0.529927,0.499965,5.54449,216.485,775.401,-0.928448,0.917849,5.08561,85.8697,911.001,-0.571748,0.900471,5.47727,203.259,886.859,-1.0557,1.01497,5.16935,53.3473,934.823,-0.565064,0.966651,5.64033,209.569,897.341,-0.537,-0.469035,5.47816,212.809,511.438,-0.8028,-0.307246,5.28279,131.815,552.669,-0.447403,-0.32422,5.29129,233.036,547.993,-0.803563,-0.340675,5.31078,132.802,543.678,-0.448231,-0.358449,5.31518,233.373,538.737,-0.850953,-0.034405,5.29277,118.584,630.239,-0.296779,-0.0983326,5.24052,274.964,611.825,-0.859379,-0.015511,5.26009,114.679,635.572,-0.290932,-0.0798463,5.20604,276.088,616.97,-0.840522,-0.0355469,5.32173,122.841,629.97,-0.298198,-0.100485,5.27278,275.08,611.384,-0.886466,0.212397,5.39039,113.064,699.166,-0.133893,0.0900261,5.3346,322.312,665.34,-1.0433,1.02481,5.20536,59.0448,935.62,-0.597362,0.957308,5.66049,201.538,893.945,-1.0681,1.00514,5.13334,47.5698,934.015,-0.532765,0.975995,5.62016,217.659,900.76,-0.915805,0.9508,5.03964,87.1359,923.291,-0.574428,0.948083,5.44049,201.46,901.668,-1.0557,1.01497,5.16935,53.3473,934.823,-0.565064,0.966651,5.64033,209.569,897.341
54,1.8,2,436.853,719.787,0.488519,0.47874,7.01501,464.567,742.474,0.476023,0.480209,6.93375,463.087,743.993,0.501015,0.477271,7.09628,466.014,740.99,0.439592,0.103106,7.05217,453.599,661.953,0.418624,-0.0578803,7.0681,448.933,627.704,0.115813,0.672894,6.90908,385.17,786.241,0.216885,0.662078,7.32563,404.456,775.708,0.23664,1.04201,6.82757,412.043,869.165,0.380918,0.998814,7.44995,436.775,841.314,0.0796149,1.10409,6.84697,377.46,882.13,0.251445,1.06652,7.54458,410.044,852.264,0.30806,-0.212852,7.04221,425.685,594.615,0.400239,-0.0385376,6.88793,447.252,631.599,0.458303,0.000929236,7.23299,455.143,640.193,0.3808,-0.0727764,6.90066,442.861,624.164,0.439022,-0.0351657,7.23819,451.075,632.705,0.27772,0.193759,6.79581,421.363,682.812,0.366066,0.245433,7.33001,434.989,690.277,0.275367,0.221122,6.77409,421.039,689.014,0.371283,0.277167,7.34648,435.887,696.651,0.269412,0.177575,6.82838,419.244,679.049,0.348719,0.223485,7.30849,431.646,685.916,0.0778012,0.254866,6.94465,376.822,695.107,0.118808,0.279568,7.27988,384.506,697.664,0.0679763,1.09951,6.88413,374.827,879.825,0.22041,1.07277,7.52167,404.001,854.159,0.0912534,1.10867,6.8098,380.121,884.461,0.28248,1.06027,7.56749,416.05,850.381,0.274014,1.08545,6.80901,420.427,879.37,0.426484,1.03603,7.45546,445.896,848.66,0.0796149,1.10409,6.84697,377.46,882.13,0.251445,1.06652,7.54458,410.044,852.264
55,1.83333,1,178.692,683.586,-0.599725,0.216405,5.22981,187.81,702.133,-0.679386,0.212297,5.20717,164.09,701.219,-0.520063,0.220512,5.25244,211.325,703.04,-0.607791,-0.172947,5.3066,188.019,591.063,-0.611247,-0.339812,5.33951,188.107,544.439,-0.874586,0.595069,5.27352,110.974,809.437,-0.537053,0.498942,5.58592,215.634,774.121,-0.921839,0.935332,5.0498,85.8907,918.121,-0.574306,0.903504,5.53591,204.225,885.066,-1.03791,1.02214,5.15205,57.5017,937.903,-0.585151,0.970449,5.69943,205.837,895.672,-0.531778,-0.446454,5.49094,214.579,517.912,-0.793547,-0.282107,5.30324,135.315,560.124,-0.441778,-0.304989,5.29899,234.814,553.576,-0.792586,-0.316721,5.33073,136.744,550.786,-0.44269,-0.339674,5.32269,235.115,544.176,-0.842102,-0.0163504,5.34905,123.609,635.41,-0.269675,-0.103176,5.23324,282.623,610.396,-0.855601,0.00974441,5.32465,118.719,642.748,-0.266491,-0.0790935,5.20329,283.096,617.175,-0.825539,-0.0253503,5.37645,129.439,632.92,-0.265113,-0.112979,5.26488,284.389,607.778,-0.838572,0.177142,5.52187,131.968,688.17,-0.0593446,0.0110463,5.33026,343.282,643.112,-1.02144,1.03034,5.18682,64.297,938.279,-0.619177,0.960678,5.71629,197.354,892.351,-1.05438,1.01395,5.11728,50.614,937.522,-0.551126,0.980221,5.68257,214.371,899.013,-0.913678,0.970051,5.0023,85.7376,931.184,-0.573695,0.951602,5.49997,203.374,899.799,-1.03791,1.02214,5.15205,57.5017,937.903,-0.585151,0.970449,5.69943,205.837,895.672
55,1.83333,2,442.178,718.714,0.499865,0.472719,7.08845,465.887,740.137,0.493805,0.474844,7.0061,465.833,741.769,0.505924,0.470594,7.17079,465.94,738.542,0.477415,0.0910856,7.106,460.882,659.247,0.467793,-0.0724715,7.11352,458.744,624.702,0.15167,0.682955,6.92998,392.863,787.98,0.228641,0.680519,7.3834,406.499,778.397,0.261518,1.04752,6.82716,417.518,870.39,0.414975,1.00348,7.50695,443.004,840.719,0.100753,1.10653,6.82169,382.177,883.565,0.276831,1.0728,7.58591,414.796,852.35,0.360045,-0.229964,7.08188,436.34,591.241,0.469867,-0.0447639,6.93408,461.749,630.306,0.486075,-0.0228621,7.28512,460.187,635.288,0.453529,-0.0831761,6.94302,458.084,622.012,0.470849,-0.0614195,7.28606,457.036,627.342,0.296057,0.154025,6.8311,425.077,673.857,0.323911,0.185886,7.38524,425.857,677.794,0.28857,0.182553,6.8112,423.617,680.245,0.316329,0.216405,7.40228,424.168,683.898,0.287767,0.131002,6.8602,422.986,668.674,0.316841,0.15974,7.36119,424.63,672.584,0.0601496,0.124379,6.93628,373.021,666.925,0.0864766,0.126071,7.30376,377.778,665.919,0.084675,1.10464,6.8575,378.541,881.878,0.24857,1.07919,7.55955,409.374,854.361,0.116831,1.10843,6.78589,385.852,885.27,0.305093,1.0664,7.61226,420.181,850.354,0.29939,1.09023,6.80887,426.025,880.428,0.461371,1.0393,7.51638,452.169,847.622,0.100753,1.10653,6.82169,382.177,883.565,0.276831,1.0728,7.58591,414.796,852.35
56,1.86667,1,179.833,688.731,-0.605294,0.247021,5.26399,187.339,710.463,-0.684416,0.240697,5.2401,163.879,708.972,-0.526172,0.253345,5.28787,210.587,711.941,-0.599467,-0.148108,5.3124,190.56,598.137,-0.596969,-0.317449,5.33315,191.922,550.622,-0.880532,0.617807,5.31577,111.274,814.514,-0.544046,0.499755,5.64193,215.206,773.006,-0.916235,0.959242,5.09161,89.7941,922.889,-0.579743,0.904158,5.59501,204.412,882.653,-1.03321,1.03228,5.19915,61.6009,938.13,-0.590989,0.976093,5.75635,205.839,894.616,-0.518165,-0.42371,5.47873,217.986,523.873,-0.776168,-0.262944,5.30242,140.202,565.538,-0.431317,-0.288065,5.302,237.848,558.418,-0.775058,-0.299894,5.32716,141.535,555.469,-0.436124,-0.326773,5.32017,236.909,547.772,-0.8297,-0.00396252,5.40004,129.29,638.898,-0.223878,-0.111857,5.37089,297.41,608.728,-0.847736,0.0266038,5.38789,123.743,647.414,-0.205961,-0.0806243,5.36022,302.304,617.415,-0.806272,-0.0197248,5.4206,136.655,634.536,-0.233737,-0.135817,5.39382,294.931,602.191,-0.770193,0.12505,5.61817,154.151,673.422,-0.0658208,-0.136613,5.57461,342.271,603.202,-1.01683,1.03855,5.23431,68.3035,937.929,-0.624801,0.966295,5.77353,197.504,891.311,-1.04958,1.026,5.16399,54.8069,938.334,-0.557178,0.985891,5.73917,214.224,897.942,-0.908084,0.996922,5.04556,89.7538,936.684,-0.57925,0.951248,5.55797,203.508,896.992,-1.03321,1.03228,5.19915,61.6009,938.13,-0.590989,0.976093,5.75635,205.839,894.616
56,1.86667,2,446.971,715.744,0.511695,0.459872,7.1559,467.372,736.497,0.505799,0.461996,7.074,467.363,738.065,0.517592,0.457747,7.23781,467.38,734.964,0.506289,0.0722898,7.16243,466.14,655.155,0.503971,-0.0938166,7.16523,465.613,620.34,0.188084,0.686477,6.9607,400.573,788.087,0.25768,0.682099,7.45294,411.915,777.424,0.285506,1.05263,6.84817,422.601,870.805,0.439562,1.01665,7.55364,447.379,842.096,0.123621,1.1099,6.83625,387.153,883.786,0.300855,1.0823,7.63468,419.171,852.863,0.404085,-0.253303,7.12268,445.187,586.6,0.50142,-0.0589526,6.98648,467.767,627.33,0.522121,-0.0557482,7.33896,466.827,628.594,0.489656,-0.10005,6.9954,465.104,618.524,0.511109,-0.0961908,7.33594,464.616,620.311,0.281801,0.102509,6.89421,421.376,662.326,0.305453,0.0968202,7.45156,421.552,659.51,0.263954,0.127692,6.87885,417.618,667.873,0.287719,0.121764,7.46911,417.842,664.479,0.283713,0.0744795,6.92117,421.552,656.158,0.308019,0.0704035,7.42623,422.281,654.235,0.0888148,-0.0291569,7.00984,379.025,633.754,0.109231,-0.0439922,7.35934,382.287,631.024,0.106171,1.10772,6.87144,383.201,882.061,0.271492,1.08664,7.60906,413.576,854.436,0.141071,1.11208,6.80107,391.146,885.528,0.330219,1.07796,7.66029,424.729,851.3,0.322995,1.09604,6.83089,431.001,880.931,0.484755,1.0549,7.55979,456.284,849.529,0.123621,1.1099,6.83625,387.153,883.786,0.300855,1.0823,7.63468,419.171,852.863
57,1.9,1,182.455,691.042,-0.605996,0.260616,5.31697,188.861,713.6,-0.682827,0.252499,5.29399,166.326,711.618,-0.529164,0.268733,5.33995,211.203,715.566,-0.587046,-0.137463,5.36088,195.571,601.497,-0.578924,-0.308069,5.3797,198.413,554.013,-0.876722,0.630122,5.36567,114.653,816.337,-0.561433,0.510565,5.69465,211.962,774.625,-0.917298,0.975654,5.14356,92.213,924.823,-0.599878,0.917038,5.63965,200.282,884.162,-1.03519,1.04893,5.25097,63.9774,939.95,-0.581847,0.98458,5.80103,209.393,894.852,-0.502149,-0.41823,5.52116,223.433,526.256,-0.756714,-0.261589,5.35454,147.797,566.643,-0.417035,-0.279446,5.34258,242.79,561.46,-0.752382,-0.3001,5.37745,149.911,556.202,-0.424114,-0.319343,5.35888,241.163,550.52,-0.825806,-0.0216548,5.491,134.176,634.078,-0.174764,-0.153671,5.42473,311.625,597.464,-0.840592,0.00882602,5.49636,130.357,642.411,-0.148653,-0.130033,5.4244,318.851,604.005,-0.798226,-0.0463139,5.49958,142.059,627.355,-0.194134,-0.179288,5.4405,306.42,590.517,-0.683877,-0.0346322,5.71051,180.177,630.894,-0.0819036,-0.298911,5.61954,338.115,560.13,-1.01887,1.05507,5.28614,70.5837,939.698,-0.613001,0.976031,5.82312,201.931,891.681,-1.05152,1.04279,5.2158,57.2821,940.206,-0.550693,0.993129,5.77895,216.912,898.047,-0.909429,1.01355,5.09787,92.1309,938.537,-0.603472,0.964811,5.60282,198.269,898.57,-1.03519,1.04893,5.25097,63.9774,939.95,-0.581847,0.98458,5.80103,209.393,894.852
57,1.9,2,451.122,712.767,0.519469,0.439573,7.22164,468.011,731.398,0.527641,0.441917,7.1401,470.963,732.935,0.511297,0.437229,7.30317,465.125,729.896,0.526177,0.0436561,7.22654,469.331,649.071,0.529052,-0.126023,7.22865,469.896,613.822,0.246312,0.681542,6.97147,413.052,786.795,0.282575,0.722599,7.47996,416.725,785.058,0.308979,1.05853,6.87422,427.491,871.219,0.473192,1.03607,7.6234,453.203,844.071,0.148926,1.1154,6.83261,392.729,885.125,0.326143,1.10145,7.68823,423.698,855.12,0.439213,-0.287987,7.17091,451.969,579.697,0.556447,-0.0970638,7.05308,478.464,619.336,0.505079,-0.0858933,7.4061,462.403,622.585,0.54856,-0.139612,7.06403,476.604,610.324,0.498055,-0.127394,7.40082,461.051,614.153,0.297164,-0.0161828,6.94563,424.243,636.501,0.245692,0.0384929,7.43319,409.632,647.776,0.274136,0.00435817,6.92729,419.422,640.945,0.219007,0.0587081,7.43888,404.207,651.85,0.304287,-0.0428336,6.97289,425.526,630.776,0.262159,0.0104873,7.41552,413.084,642.124,0.127137,-0.192796,7.0339,387.141,598.843,0.140186,-0.168368,7.31849,388.762,605.455,0.124995,1.11261,6.86377,387.345,883.402,0.301007,1.1086,7.65892,419.013,857.344,0.172857,1.11819,6.80144,398.162,886.864,0.351279,1.0943,7.71753,428.347,852.912,0.34582,1.10412,6.86542,435.636,881.485,0.518635,1.07187,7.63845,461.953,850.708,0.148926,1.1154,6.83261,392.729,885.125,0.326143,1.10145,7.68823,423.698,855.12
58,1.93333,1,186.542,690.917,-0.601275,0.26292,5.40102,192.837,713.095,-0.675243,0.254256,5.37511,171.368,711.028,-0.527306,0.271583,5.42693,214.101,715.143,-0.571416,-0.141654,5.42538,201.852,600.795,-0.558619,-0.315042,5.43582,205.69,552.975,-0.857403,0.633823,5.38498,120.92,816.737,-0.581812,0.536661,5.7496,208.054,780.154,-0.902862,0.97181,5.16732,97.6392,922.396,-0.607428,0.934765,5.6809,199.446,887.074,-1.026,1.05745,5.26275,67.2632,941.71,-0.581688,0.995872,5.84233,210.498,895.953,-0.495766,-0.430584,5.57985,226.587,524.128,-0.731643,-0.278753,5.40615,156.786,562.576,-0.402488,-0.288043,5.39708,248.021,559.861,-0.724456,-0.320459,5.42388,159.44,551.283,-0.411163,-0.32917,5.40965,245.873,548.632,-0.839296,-0.108626,5.59992,134.952,610.873,-0.141511,-0.226923,5.47941,321.221,577.815,-0.85611,-0.0861832,5.61661,131.125,616.96,-0.111266,-0.21183,5.48312,329.53,581.99,-0.807792,-0.130535,5.59765,143.311,604.984,-0.167161,-0.24981,5.49026,314.282,571.678,-0.671983,-0.194379,5.77553,185.293,589.464,-0.10775,-0.431013,5.62909,331.258,525.027,-1.01186,1.06471,5.29868,73.2547,941.72,-0.612679,0.988253,5.86503,203.143,893.012,-1.04014,1.05019,5.22682,61.1894,941.7,-0.550698,1.00349,5.81962,217.911,898.917,-0.892063,1.00671,5.12166,98.4665,935.144,-0.609703,0.982791,5.64441,197.803,901.448,-1.026,1.05745,5.26275,67.2632,941.71,-0.581688,0.995872,5.84233,210.498,895.953
58,1.93333,2,453.968,706.318,0.527397,0.403936,7.26088,469.066,723.535,0.53991,0.404203,7.18065,472.902,724.524,0.514883,0.403669,7.34111,465.315,722.567,0.541656,0.00518638,7.28196,471.691,641.069,0.547767,-0.165706,7.291,472.811,605.873,0.301383,0.667761,6.98489,424.789,783.55,0.268711,0.706832,7.45144,414.149,782.436,0.32815,1.04085,6.856,431.869,867.961,0.473192,1.0338,7.5404,454.229,845.866,0.171121,1.07304,6.78279,397.882,877.547,0.32738,1.10418,7.59993,424.682,858.159,0.463199,-0.333678,7.24677,455.977,570.86,0.589297,-0.148352,7.12114,484.259,608.719,0.508938,-0.118741,7.46323,462.395,616.11,0.584347,-0.190468,7.13574,482.963,599.92,0.509129,-0.161405,7.45855,462.498,607.506,0.329027,-0.135422,6.98079,430.773,610.871,0.21794,-0.0807493,7.47535,403.777,623.78,0.303405,-0.123826,6.95941,425.463,613.283,0.185834,-0.0698575,7.47924,397.309,625.975,0.340377,-0.156883,7.01142,432.895,606.402,0.243251,-0.102639,7.45944,408.966,619.339,0.207169,-0.345014,7.08312,403.918,566.86,0.186307,-0.315189,7.3642,397.988,575.733,0.142573,1.0706,6.80977,391.437,876.068,0.301955,1.1091,7.57047,419.891,859.983,0.199669,1.07547,6.75581,404.379,879.036,0.352806,1.09927,7.6294,429.437,856.349,0.359498,1.09007,6.848,438.827,879.02,0.519375,1.07108,7.54997,463.295,853.019,0.171121,1.07304,6.78279,397.882,877.547,0.32738,1.10418,7.59993,424.682,858.159
59,1.96667,1,191.24,686.27,-0.593658,0.242737,5.48072,197.355,706.503,-0.66461,0.233335,5.45408,177.027,704.239,-0.522706,0.25214,5.50735,217.486,708.745,-0.553407,-0.160195,5.47355,208.184,596.054,-0.536157,-0.33288,5.47048,212.833,548.63,-0.833115,0.615888,5.41256,128.876,810.86,-0.599058,0.544648,5.79903,204.884,781.027,-0.904053,0.953561,5.20654,99.2722,915.006,-0.619094,0.935688,5.70121,196.946,886.438,-1.03658,1.05977,5.27225,64.7769,941.826,-0.597584,1.00053,5.86045,206.888,896.356,-0.481546,-0.449937,5.61611,231.251,519.702,-0.701464,-0.299682,5.43208,166.098,557.16,-0.386911,-0.305433,5.43324,253.071,555.589,-0.693414,-0.344046,5.44298,168.707,545.088,-0.397753,-0.346811,5.43824,250.176,544.242,-0.847601,-0.216754,5.65667,135.005,582.463,-0.126358,-0.339408,5.54557,325.786,548.099,-0.864768,-0.205561,5.6797,131.379,585.655,-0.0923032,-0.32982,5.55234,335.038,550.804,-0.815376,-0.235822,5.6471,143.192,577.295,-0.155883,-0.358557,5.55179,317.839,543.023,-0.684311,-0.384801,5.76923,181.894,539.848,-0.112944,-0.566929,5.66447,330.06,489.716,-1.02738,1.07046,5.3089,69.4173,942.767,-0.629463,0.99418,5.88226,199.318,893.783,-1.04578,1.04908,5.23561,60.0715,940.872,-0.565705,1.00689,5.83865,214.514,898.948,-0.888298,0.983523,5.1615,101.58,926.122,-0.61957,0.982292,5.66255,195.706,900.478,-1.03658,1.05977,5.27225,64.7769,941.826,-0.597584,1.00053,5.86045,206.888,896.356
59,1.96667,2,454.104,698.017,0.522332,0.361761,7.28123,467.717,714.604,0.542592,0.360355,7.20326,473.106,715.118,0.502071,0.363167,7.35921,462.442,714.1,0.536587,-0.0392729,7.31286,470.178,631.936,0.542697,-0.211145,7.32641,471.227,596.726,0.339481,0.627639,6.9751,433.082,775.115,0.259353,0.68664,7.39389,412.67,779.444,0.368891,1.00586,6.84983,440.865,860.496,0.468003,1.02318,7.45207,454.301,846.166,0.230229,1.03091,6.7419,411.277,869.606,0.31354,1.0861,7.49298,422.832,857.651,0.472901,-0.384427,7.28023,457.537,560.711,0.603247,-0.198902,7.16676,486.391,598.327,0.483495,-0.169595,7.48951,456.935,605.998,0.599117,-0.24028,7.18262,485.248,589.768,0.488484,-0.211458,7.4851,457.993,597.58,0.358368,-0.23587,7.00591,436.808,589.447,0.193599,-0.20158,7.4527,399.006,599.386,0.332311,-0.233122,6.98465,431.44,589.883,0.160533,-0.200555,7.45011,392.355,599.578,0.373539,-0.251837,7.03858,439.688,586.275,0.226293,-0.21579,7.44297,405.653,596.466,0.299826,-0.461498,7.135,423.098,542.878,0.256825,-0.43901,7.35467,412.434,550.37,0.196361,1.02737,6.76164,403.606,868.149,0.290712,1.08812,7.46114,418.506,858.984,0.264096,1.03445,6.72216,418.992,871.07,0.336369,1.08409,7.52482,427.121,856.328,0.397999,1.05699,6.84899,447.256,871.733,0.51183,1.06393,7.46127,463.004,854.112,0.230229,1.03091,6.7419,411.277,869.606,0.31354,1.0861,7.49298,422.832,857.651
60,2,1,196.296,678.558,-0.578537,0.211199,5.54044,203.206,697.239,-0.649753,0.20159,5.51299,183.028,694.907,-0.507322,0.220808,5.56789,223.185,699.548,-0.535693,-0.195786,5.52898,214.517,586.828,-0.517331,-0.370208,5.52407,219.378,539.37,-0.818331,0.581043,5.44976,134.527,800.094,-0.601786,0.557163,5.80101,204.231,784.219,-0.896022,0.918297,5.25036,103.745,902.625,-0.624214,0.936569,5.66823,194.641,888.105,-1.02334,1.05462,5.26349,68.064,940.861,-0.611423,1.00861,5.82294,202.332,900.089,-0.452787,-0.492791,5.66153,239.911,509.301,-0.669279,-0.341812,5.4749,176.442,546.254,-0.378587,-0.342178,5.48519,256.363,546.33,-0.659332,-0.386473,5.48161,179.391,534.135,-0.390323,-0.382093,5.48619,253.169,535.422,-0.856546,-0.354825,5.6685,133.105,546.009,-0.13469,-0.446023,5.56813,323.678,519.721,-0.8778,-0.355159,5.68894,128.31,546.258,-0.0987828,-0.436484,5.57188,333.379,522.373,-0.821344,-0.3656,5.65996,142.101,543.008,-0.162189,-0.46444,5.57456,316.313,514.899,-0.691748,-0.532791,5.73524,178.891,500.508,-0.0800775,-0.674924,5.64715,338.708,460.54,-1.02195,1.06996,5.2996,70.4466,943.158,-0.644452,1.00326,5.84324,194.393,897.812,-1.02473,1.03928,5.22738,65.6485,938.533,-0.578395,1.01395,5.80264,210.328,902.382,-0.870252,0.940516,5.20979,109.177,911.074,-0.623369,0.98082,5.62617,193.63,901.769,-1.02334,1.05462,5.26349,68.064,940.861,-0.611423,1.00861,5.82294,202.332,900.089
60,2,2,454.071,687.666,0.519348,0.313619,7.40567,465.302,703.589,0.552248,0.314279,7.32952,473.136,704.385,0.486448,0.31296,7.48181,457.627,702.809,0.534266,-0.0924644,7.42488,468.047,621.301,0.54066,-0.2665,7.43311,469.218,586.164,0.363599,0.580346,7.08362,437.074,763.02,0.280916,0.665907,7.48737,416.336,773.545,0.450941,0.973113,7.05445,455.984,847.13,0.457934,1.01834,7.57442,450.781,841.877,0.346298,1.03972,6.92737,435.063,865.368,0.300499,1.0897,7.56531,419.643,856.284,0.477104,-0.434064,7.36176,457.314,551.465,0.626322,-0.249662,7.29354,488.944,588.601,0.461248,-0.234197,7.58533,451.307,593.639,0.623742,-0.29046,7.3093,488.136,580.33,0.467876,-0.27583,7.58134,452.667,585.369,0.411432,-0.354095,7.12736,446.679,565.401,0.190666,-0.292121,7.49815,398.182,581.501,0.387414,-0.360854,7.10602,441.864,563.749,0.159523,-0.29531,7.48951,391.982,580.794,0.427265,-0.360141,7.1629,449.568,564.504,0.226084,-0.301235,7.49436,405.298,579.645,0.399442,-0.552148,7.2992,442.171,526.415,0.307961,-0.507687,7.41079,422.398,537.133,0.308437,1.03764,6.93801,426.753,864.572,0.287445,1.0898,7.52829,417.332,857.366,0.384159,1.0418,6.91672,443.398,866.165,0.313554,1.08961,7.60233,421.931,855.211,0.484124,1.01887,7.07216,462.789,856.326,0.498502,1.05986,7.59197,458.595,849.623,0.346298,1.03972,6.92737,435.063,865.368,0.300499,1.0897,7.56531,419.643,856.284
61,2.03333,1,201.295,668.903,-0.566499,0.167744,5.56044,207.021,685.298,-0.638422,0.155121,5.53608,186.84,682.074,-0.494577,0.180368,5.58479,227.025,688.495,-0.519282,-0.236546,5.56134,219.794,576.133,-0.499045,-0.409814,5.56172,225.267,529.358,-0.801719,0.537195,5.44726,139.003,788.08,-0.577969,0.555308,5.76646,209.499,784.6,-0.877761,0.877151,5.24341,108.635,891.19,-0.622988,0.933711,5.62359,193.655,889.311,-0.987585,1.03106,5.239,76.9461,935.514,-0.604993,1.01212,5.77472,202.688,903.175,-0.432623,-0.533063,5.70085,246.05,499.595,-0.649213,-0.386129,5.5075,182.999,534.726,-0.35926,-0.3849,5.52751,262.406,535.441,-0.634567,-0.429282,5.51255,187.151,523.068,-0.372948,-0.422373,5.52538,258.649,525.217,-0.860953,-0.468043,5.66564,131.822,515.955,-0.14412,-0.537126,5.63925,321.625,496.98,-0.886964,-0.472883,5.68191,125.602,515.031,-0.107452,-0.527163,5.64586,331.422,499.797,-0.824449,-0.477081,5.6608,141.31,513.452,-0.170146,-0.554152,5.64337,314.728,492.554,-0.716392,-0.672744,5.72439,172.084,463.533,-0.0608872,-0.762487,5.72781,344.038,440.112,-0.98539,1.0493,5.27365,79.431,938.765,-0.636757,1.00665,5.79685,195.061,900.753,-0.98978,1.01282,5.20434,74.428,932.22,-0.573229,1.0176,5.75258,210.374,905.616,-0.849513,0.893543,5.2035,114.858,897.847,-0.62626,0.976586,5.58,191.475,902.796,-0.987585,1.03106,5.239,76.9461,935.514,-0.604993,1.01212,5.77472,202.688,903.175
61,2.03333,2,454.362,678.599,0.498886,0.269826,7.50191,459.856,694.008,0.543366,0.271005,7.43059,469.802,694.764,0.454406,0.268647,7.57324,450.096,693.265,0.538414,-0.140772,7.53139,467.346,611.934,0.555355,-0.316743,7.54402,470.538,576.956,0.381134,0.524845,7.15248,440.014,750.184,0.32107,0.656176,7.56117,423.761,770.309,0.53913,0.882871,7.23111,471.952,823.331,0.431598,1.02511,7.66562,444.542,840.802,0.487709,0.99927,7.10601,463.057,851.154,0.285814,1.11784,7.62596,416.277,860.104,0.50381,-0.488304,7.46885,461.287,541.83,0.649223,-0.300842,7.40818,491.591,579.023,0.465687,-0.286596,7.69182,450.909,584.052,0.649487,-0.339949,7.42713,491.308,571.272,0.475004,-0.327798,7.68912,452.761,575.986,0.449832,-0.458751,7.26221,453.009,545.147,0.200758,-0.368874,7.60312,399.648,567.15,0.426277,-0.472047,7.24283,448.374,542.137,0.171622,-0.376841,7.5934,393.938,565.481,0.467775,-0.457172,7.29772,456.248,545.934,0.23745,-0.372183,7.60059,406.91,566.472,0.477754,-0.629711,7.4574,456.197,513.207,0.363239,-0.555653,7.52624,432.47,529.142,0.448609,1.00474,7.10777,454.771,852.258,0.280726,1.12019,7.58696,415.559,861.701,0.52681,0.9938,7.10425,471.347,850.05,0.290902,1.11548,7.66495,416.988,858.523,0.575242,0.913281,7.26611,478.875,828.732,0.46929,1.0637,7.69105,451.622,847.671,0.487709,0.99927,7.10601,463.057,851.154,0.285814,1.11784,7.62596,416.277,860.104
62,2.06667,1,208.569,668.705,-0.546487,0.16248,5.57657,212.852,683.75,-0.61714,0.144786,5.55127,193.07,679.163,-0.475833,0.180173,5.60188,232.455,688.295,-0.491077,-0.242389,5.58993,228.088,574.89,-0.46733,-0.415904,5.59566,234.595,528.395,-0.780693,0.52739,5.46512,145.502,784.902,-0.559176,0.581547,5.71372,213.049,792.83,-0.842713,0.861081,5.24789,118.878,886.378,-0.617088,0.959636,5.57879,193.907,898.291,-0.939144,1.02245,5.24291,91.0308,932.827,-0.623684,1.05786,5.7213,196.313,917.637,-0.402853,-0.540355,5.73383,254.502,498.493,-0.601937,-0.393396,5.52332,196.358,533.052,-0.330436,-0.393508,5.57375,270.981,533.99,-0.587915,-0.436053,5.53111,200.396,521.622,-0.343468,-0.430235,5.56971,267.403,524.011,-0.846054,-0.506117,5.59842,133.079,504.253,-0.138228,-0.566605,5.69942,323.583,490.723,-0.877617,-0.510242,5.60463,124.874,503.299,-0.102785,-0.556713,5.71026,332.972,493.608,-0.810903,-0.517166,5.60438,142.738,501.438,-0.163039,-0.583262,5.69996,317.05,486.349,-0.757307,-0.734009,5.67803,159.729,445.891,-0.0480284,-0.791065,5.78647,347.537,434.722,-0.933226,1.04192,5.27639,94.4216,936.51,-0.657196,1.05214,5.74052,188.096,915.211,-0.945063,1.00298,5.20943,87.5964,929.098,-0.590173,1.06358,5.70207,204.586,920.079,-0.815146,0.873309,5.2057,124.875,891.902,-0.619061,0.9983,5.53241,191.98,910.95,-0.939144,1.02245,5.24291,91.0308,932.827,-0.623684,1.05786,5.7213,196.313,917.637
62,2.06667,2,456.982,680.354,0.492628,0.270655,7.5692,457.726,693.692,0.543041,0.266744,7.50414,468.661,693.375,0.442214,0.274566,7.63427,446.978,694.004,0.552346,-0.133334,7.63064,468.691,613.763,0.57794,-0.306472,7.65698,473.336,579.9,0.407939,0.535923,7.22704,444.757,751.349,0.371536,0.676109,7.59873,433.418,773.604,0.617376,0.763511,7.4774,483.977,793.323,0.422493,1.06776,7.63926,443.044,849.877,0.616054,0.92758,7.41242,484.796,827.903,0.293878,1.17947,7.57794,418.232,873.71,0.542973,-0.474397,7.57201,467.674,545.925,0.685966,-0.288948,7.53146,496.762,582.392,0.474234,-0.273163,7.798,451.317,587.4,0.686933,-0.327552,7.55174,496.587,574.871,0.486019,-0.314062,7.79846,453.581,579.529,0.512398,-0.464038,7.37253,464.36,545.49,0.217163,-0.377524,7.71117,402.287,566.487,0.491663,-0.480179,7.35238,460.411,541.934,0.190687,-0.389495,7.701,397.181,564.055,0.527759,-0.459501,7.40928,466.955,546.878,0.254025,-0.377133,7.71099,409.466,566.561,0.546463,-0.621162,7.57763,468.285,516.913,0.409468,-0.546182,7.66983,440.164,533.071,0.579484,0.942444,7.4148,477.35,830.853,0.29317,1.18098,7.53856,418.395,875.232,0.652624,0.912715,7.41004,492.247,824.951,0.294586,1.17796,7.61732,418.07,872.204,0.652866,0.763776,7.52411,490.29,792.424,0.459155,1.10524,7.66435,449.955,856.534,0.616054,0.92758,7.41242,484.796,827.903,0.293878,1.17947,7.57794,418.232,873.71
63,2.1,1,219.003,667.64,-0.514786,0.152897,5.61403,222.313,680.895,-0.583816,0.132928,5.58909,203.152,675.712,-0.445755,0.172866,5.63898,241.303,686.031,-0.452685,-0.248191,5.63566,239.387,573.872,-0.426071,-0.420086,5.64494,246.665,528.257,-0.745036,0.522851,5.51168,157.028,782.442,-0.530433,0.590629,5.68723,219.954,795.94,-0.792452,0.857143,5.279,134.595,883.806,-0.590182,0.980443,5.56789,200.838,904.408,-0.88476,1.01993,5.28163,108.464,929.964,-0.618681,1.09022,5.70252,197.092,927.072,-0.370683,-0.548024,5.78605,263.803,497.78,-0.558228,-0.400772,5.56631,209.413,531.889,-0.288189,-0.398226,5.63194,283.165,533.827,-0.544091,-0.443412,5.57635,213.491,520.601,-0.301079,-0.434352,5.62622,279.646,524.078,-0.817942,-0.512402,5.60918,141.039,502.832,-0.112709,-0.583885,5.77293,330.684,488.129,-0.852464,-0.510297,5.60714,131.715,503.345,-0.0782398,-0.574762,5.78718,339.7,490.871,-0.788431,-0.527405,5.62371,149.485,499.18,-0.137201,-0.599967,5.77103,324.302,483.895,-0.822993,-0.747936,5.72107,143.996,443.696,-0.0270121,-0.812185,5.86755,353.087,432.154,-0.875569,1.03923,5.31442,112.613,933.628,-0.65405,1.08458,5.71801,188.245,924.813,-0.89395,1.00063,5.24883,104.263,926.254,-0.583311,1.09586,5.68703,205.987,929.343,-0.766771,0.868637,5.23389,140.02,889.205,-0.588495,1.01786,5.52111,199.949,916.823,-0.88476,1.01993,5.28163,108.464,929.964,-0.618681,1.09022,5.70252,197.092,927.072
63,2.1,2,464.914,682.979,0.51829,0.279698,7.59975,462.404,695.263,0.57393,0.275616,7.54151,474.273,694.877,0.462651,0.283781,7.65799,450.715,695.643,0.591024,-0.122765,7.66852,475.727,615.962,0.622196,-0.295249,7.69799,481.365,582.409,0.472707,0.568215,7.27811,457.525,757.229,0.425378,0.687566,7.62958,443.718,775.318,0.675633,0.659226,7.60306,493.433,770.193,0.431301,1.08024,7.64174,444.748,852.261,0.700883,0.830045,7.63675,497.81,803.206,0.339429,1.21951,7.5642,427.38,882.083,0.598619,-0.460828,7.60547,478.186,549.018,0.737621,-0.271639,7.57939,506.131,586.185,0.506713,-0.268063,7.8339,457.124,588.619,0.738922,-0.309008,7.60136,505.965,578.959,0.521017,-0.308271,7.83332,459.873,580.908,0.582313,-0.462028,7.42459,477.768,546.559,0.248551,-0.369785,7.75761,408.109,568.424,0.563863,-0.480513,7.40536,474.333,542.568,0.223247,-0.382262,7.7483,403.263,565.921,0.59447,-0.453139,7.46136,479.634,548.808,0.284739,-0.367736,7.75585,415.127,568.805,0.603569,-0.586745,7.64445,478.556,524.749,0.445702,-0.518071,7.70443,446.865,539.03,0.66614,0.846864,7.64494,490.838,806.335,0.347747,1.22363,7.52598,429.381,884.134,0.735626,0.813227,7.62856,504.796,800.071,0.331111,1.21539,7.60241,425.398,880.052,0.706068,0.631144,7.64233,498.728,764.007,0.463631,1.11117,7.67451,450.712,857.406,0.700883,0.830045,7.63675,497.81,803.206,0.339429,1.21951,7.5642,427.38,882.083
64,2.13333,1,233.936,666.1,-0.467471,0.140032,5.64416,235.635,677.254,-0.534441,0.118853,5.61591,217.103,671.779,-0.400501,0.161211,5.67242,253.982,682.675,-0.398532,-0.251376,5.67043,254.467,573.434,-0.368987,-0.419123,5.68169,262.484,529.234,-0.685792,0.51915,5.5553,174.635,780.323,-0.483541,0.585306,5.68053,232.184,794.716,-0.743732,0.881392,5.36379,151.797,886.74,-0.544256,0.980717,5.57072,213.299,904.347,-0.837306,1.04175,5.38666,126.597,930.394,-0.573235,1.1269,5.67311,208.276,938.269,-0.327398,-0.548077,5.82732,275.637,498.774,-0.493923,-0.40071,5.59575,227.461,532.474,-0.233456,-0.398349,5.67685,298.25,534.634,-0.483025,-0.444277,5.60683,230.642,521.019,-0.244668,-0.434445,5.67025,295.209,524.953,-0.762901,-0.49593,5.6162,156.029,507.407,-0.0714439,-0.591284,5.81871,341.563,487.415,-0.795762,-0.484988,5.60578,146.848,510.092,-0.0376924,-0.581649,5.83402,350.299,490.295,-0.743028,-0.514642,5.63577,162.032,502.882,-0.0949293,-0.607246,5.81618,335.492,483.228,-0.881596,-0.706947,5.71665,128.436,454.31,0.0215285,-0.816524,5.91777,365.463,432.817,-0.826713,1.05829,5.42052,130.989,933.16,-0.609424,1.12736,5.68769,199.111,937.625,-0.847898,1.02522,5.3528,122.149,927.593,-0.537047,1.12645,5.65853,217.488,938.917,-0.719863,0.898379,5.3188,156.774,893.623,-0.540602,1.00821,5.51989,212.942,914.261,-0.837306,1.04175,5.38666,126.597,930.394,-0.573235,1.1269,5.67311,208.276,938.269
64,2.13333,2,474.792,688.926,0.550631,0.300808,7.48245,470.499,700.365,0.613823,0.298265,7.43238,484.01,700.258,0.48744,0.303351,7.53251,457.168,700.471,0.627887,-0.0965774,7.55625,484.772,620.808,0.660996,-0.266885,7.58789,490.804,587.186,0.549362,0.607226,7.17673,474.941,767.048,0.451159,0.705353,7.48727,450.479,781.457,0.718578,0.595008,7.53506,503.196,758.571,0.470155,1.09751,7.53985,453.631,858.569,0.755124,0.741457,7.62158,508.77,786.078,0.424003,1.24356,7.44027,445.57,890.969,0.657287,-0.427025,7.48625,491.836,554.349,0.780989,-0.244533,7.47442,516.895,590.875,0.541022,-0.239287,7.71809,465.256,593.446,0.781386,-0.281152,7.49709,516.501,583.689,0.555129,-0.279386,7.71782,468.004,585.643,0.624652,-0.429897,7.31912,488.151,551.804,0.283821,-0.335658,7.64258,415.763,574.052,0.605913,-0.447249,7.29929,484.644,547.995,0.259229,-0.3478,7.63327,410.994,571.583,0.637294,-0.422966,7.35574,490.094,553.658,0.319514,-0.333532,7.64059,422.792,574.453,0.646908,-0.567449,7.52932,489.012,526.835,0.481885,-0.478878,7.58492,455.397,545.198,0.721149,0.759579,7.62989,501.922,789.485,0.446677,1.24746,7.40845,450.533,892.838,0.789098,0.723334,7.61326,515.633,782.663,0.401328,1.23965,7.47208,440.649,889.115,0.741343,0.553338,7.56606,507.127,749.816,0.488254,1.12532,7.58518,456.655,862.767,0.755124,0.741457,7.62158,508.77,786.078,0.424003,1.24356,7.44027,445.57,890.969
65,2.16667,1,243.271,665.967,-0.438397,0.135335,5.68275,244.162,675.76,-0.5046,0.11163,5.65939,226.119,669.618,-0.372194,0.15904,5.70611,262.057,681.851,-0.368477,-0.249792,5.72439,263.345,574.477,-0.338512,-0.414846,5.74223,271.481,531.52,-0.652452,0.520622,5.61939,185.658,779.115,-0.458529,0.587129,5.70178,239.247,794.62,-0.723524,0.895582,5.45616,160.883,886.468,-0.523456,0.98422,5.59778,219.587,904.009,-0.824694,1.04666,5.49217,134.529,926.157,-0.562742,1.14155,5.68011,211.237,941.773,-0.305289,-0.547885,5.88373,282.089,500.177,-0.449901,-0.396787,5.65215,240.478,534.589,-0.206277,-0.397733,5.74292,306.066,536.008,-0.44339,-0.440756,5.66649,242.506,523.204,-0.217634,-0.433856,5.73737,303.042,526.453,-0.721238,-0.472924,5.61099,166.989,513.441,-0.051967,-0.588982,5.88865,346.749,489.814,-0.744497,-0.453865,5.59136,160.065,518.115,-0.0196905,-0.577986,5.90368,354.992,492.993,-0.715476,-0.492886,5.63134,169.223,508.575,-0.0733435,-0.604969,5.88663,341.292,485.685,-0.934654,-0.626202,5.62277,110.401,472.773,0.0561834,-0.802784,5.99827,374.065,439.037,-0.81435,1.06124,5.52685,138.754,928.322,-0.599583,1.14234,5.69255,201.844,941.321,-0.835038,1.03208,5.45749,130.25,923.964,-0.525902,1.14076,5.66767,220.671,942.227,-0.700828,0.917292,5.41178,165.547,894.513,-0.51724,1.00706,5.54634,219.967,912.642,-0.824694,1.04666,5.49217,134.529,926.157,-0.562742,1.14155,5.68011,211.237,941.773
65,2.16667,2,477.877,696.044,0.567134,0.337799,7.50151,473.522,707.616,0.635483,0.337521,7.45424,488.01,707.989,0.498784,0.338077,7.54878,459.215,707.248,0.642713,-0.0639595,7.56743,487.53,627.309,0.675105,-0.236142,7.59568,493.459,593.318,0.577863,0.653352,7.20043,480.506,776.249,0.456401,0.741126,7.49181,451.475,788.542,0.731104,0.648897,7.57124,504.996,768.692,0.476364,1.13554,7.5621,454.589,865.477,0.770305,0.795358,7.66056,510.989,795.899,0.444756,1.28481,7.46097,449.509,898.575,0.6615,-0.393385,7.49015,492.612,561.138,0.80085,-0.213189,7.48695,520.616,597.243,0.552747,-0.210978,7.72516,467.439,598.992,0.79976,-0.249806,7.50969,519.912,590.051,0.567145,-0.251174,7.72371,470.258,591.17,0.644038,-0.402174,7.32987,491.934,557.613,0.289184,-0.303705,7.65732,416.707,580.445,0.625128,-0.419109,7.30814,488.441,553.888,0.263987,-0.315647,7.64861,411.825,578.033,0.655063,-0.395483,7.36745,493.508,559.397,0.325037,-0.301519,7.65389,423.767,580.847,0.644865,-0.545942,7.54036,488.416,531.283,0.487204,-0.446593,7.5872,456.421,551.616,0.736692,0.814724,7.66773,504.265,799.546,0.470762,1.28847,7.43172,455.116,900.332,0.803918,0.775991,7.65339,517.725,792.246,0.418749,1.28115,7.49023,443.946,896.831,0.751286,0.607092,7.60372,508.362,759.887,0.490431,1.16209,7.61017,456.767,869.292,0.770305,0.795358,7.66056,510.989,795.899,0.444756,1.28481,7.46097,449.509,898.575
66,2.2,1,249.103,670.433,-0.421463,0.151596,5.7063,249.096,679.891,-0.487046,0.127433,5.67746,231.187,673.703,-0.35588,0.17576,5.73514,266.824,686.017,-0.347185,-0.226959,5.75301,269.383,580.763,-0.315351,-0.389197,5.77303,277.978,538.77,-0.635487,0.532443,5.63038,190.522,781.997,-0.441732,0.600475,5.75818,244.81,796.586,-0.715623,0.914771,5.48692,164.162,890.338,-0.493046,0.998162,5.64609,228.876,905.458,-0.832931,1.0436,5.54298,134.364,922.706,-0.550707,1.14978,5.72704,215.611,941.459,-0.283692,-0.518916,5.91875,288.029,508.353,-0.417809,-0.37638,5.67417,249.435,540.398,-0.185486,-0.370094,5.78274,311.836,543.9,-0.415827,-0.42001,5.69245,250.313,529.209,-0.196112,-0.406531,5.77721,309.028,534.338,-0.683555,-0.420954,5.58192,176.121,526.762,-0.037251,-0.555778,5.94009,350.584,499.508,-0.692923,-0.405339,5.55112,172.567,530.357,-0.00453404,-0.544782,5.95377,358.857,502.604,-0.690114,-0.432291,5.60538,175.133,524.199,-0.0588248,-0.571092,5.93967,345.129,495.627,-0.933658,-0.503433,5.53718,106.813,503.48,0.0683614,-0.765556,6.06707,376.919,450.53,-0.823928,1.05444,5.57932,138.257,923.781,-0.588744,1.14793,5.73474,205.846,940.569,-0.841934,1.03277,5.50664,130.42,921.617,-0.512669,1.15164,5.71934,225.403,942.351,-0.694357,0.944678,5.4448,168.511,900.522,-0.480438,1.02301,5.59636,231.094,914.485,-0.832931,1.0436,5.54298,134.364,922.706,-0.550707,1.14978,5.72704,215.611,941.459
66,2.2,2,477.534,706.113,0.564322,0.386444,7.4918,473.105,717.454,0.635758,0.390572,7.44988,488.14,718.722,0.492886,0.382315,7.53372,458.238,716.2,0.639561,-0.0155033,7.5479,487.233,636.916,0.671807,-0.187766,7.57195,493.223,602.765,0.580454,0.711692,7.19973,481.058,788.429,0.445968,0.78361,7.45946,449.771,797.738,0.721802,0.794619,7.5677,503.218,797.666,0.441309,1.18371,7.50695,448.272,876.768,0.758084,0.959948,7.62636,509.26,829.005,0.399244,1.31452,7.38597,441.166,907.24,0.649065,-0.35845,7.47955,490.303,568.039,0.804058,-0.16251,7.46564,521.72,607.314,0.544881,-0.16266,7.69864,466.275,608.274,0.800828,-0.200473,7.48707,520.609,599.794,0.559662,-0.203019,7.69648,469.188,600.392,0.652708,-0.338326,7.28591,494.517,570.274,0.273511,-0.250618,7.6481,413.699,590.796,0.635152,-0.353686,7.26132,491.342,566.862,0.24622,-0.261551,7.64129,408.384,588.604,0.659711,-0.332968,7.32506,495.234,571.745,0.309693,-0.250428,7.64233,420.848,590.796,0.618067,-0.486362,7.49342,483.851,542.541,0.45692,-0.41081,7.56844,450.652,558.496,0.724148,0.980034,7.62891,502.53,832.895,0.426445,1.31756,7.35765,447.03,908.89,0.792021,0.939862,7.62381,515.994,825.112,0.372043,1.31148,7.41429,435.347,905.603,0.741603,0.761874,7.60944,506.34,790.339,0.450164,1.21719,7.55265,449.498,881.993,0.758084,0.959948,7.62636,509.26,829.005,0.399244,1.31452,7.38597,441.166,907.24
67,2.23333,1,256.984,681.587,-0.394164,0.194406,5.72013,256.53,691.032,-0.460156,0.169746,5.69132,238.595,684.785,-0.328171,0.219065,5.74894,274.285,697.217,-0.315524,-0.183229,5.77944,278.024,592.395,-0.281821,-0.345073,5.80487,287.101,550.739,-0.614651,0.574747,5.6737,197.331,792.108,-0.415437,0.643937,5.7575,251.654,807.939,-0.706767,0.961115,5.56173,169.187,899.482,-0.45711,1.03212,5.62369,237.949,915.584,-0.835192,1.07372,5.62448,137.03,926.649,-0.526379,1.18861,5.68255,220.909,954.08,-0.26133,-0.465623,5.95874,294.147,522.666,-0.382996,-0.341056,5.70472,259.19,550.229,-0.151669,-0.320589,5.81688,320.848,557.244,-0.383923,-0.383191,5.72633,259.328,539.52,-0.161546,-0.357125,5.81189,318.263,547.733,-0.641759,-0.344551,5.59637,187.81,547.554,-0.00730294,-0.498168,5.97947,358.166,514.901,-0.645047,-0.334702,5.56226,185.866,549.645,0.0239286,-0.48597,5.99493,365.993,518.278,-0.652251,-0.348456,5.6208,185.755,546.912,-0.028205,-0.514301,5.97772,352.915,510.811,-0.898186,-0.37574,5.5443,116.745,538.239,0.096289,-0.703095,6.10841,383.67,467.166,-0.828042,1.08226,5.66183,140.397,927.024,-0.565039,1.1864,5.68568,210.776,953.322,-0.842343,1.06517,5.58713,133.618,926.269,-0.48772,1.19082,5.67941,231.053,954.838,-0.686638,0.996246,5.52289,173.317,910.859,-0.438552,1.05301,5.57443,241.869,923.644,-0.835192,1.07372,5.62448,137.03,926.649,-0.526379,1.18861,5.68255,220.909,954.08
67,2.23333,2,481.691,721.871,0.589069,0.462006,7.49942,477.945,732.504,0.659869,0.467386,7.46117,492.798,734.061,0.51827,0.456626,7.53767,463.243,730.963,0.655032,0.0621493,7.53103,490.602,652.392,0.683302,-0.109218,7.54457,495.994,618.263,0.626721,0.816802,7.24036,489.974,809.395,0.450049,0.853353,7.43816,450.853,812.269,0.750704,1.01442,7.57632,508.783,841.048,0.425378,1.26096,7.45894,445.633,893.844,0.788985,1.19235,7.57539,516.389,876.342,0.367437,1.37645,7.32753,435.295,922.063,0.653177,-0.276919,7.44663,491.708,584.161,0.818383,-0.0810637,7.4502,524.942,623.662,0.552908,-0.0976113,7.66328,468.338,620.874,0.814733,-0.120214,7.46843,523.805,615.83,0.567912,-0.137388,7.65987,471.327,613.068,0.676199,-0.263836,7.25431,499.965,585.389,0.289913,-0.210778,7.57807,417.445,598.235,0.662696,-0.27384,7.22091,497.805,583.056,0.257321,-0.219145,7.57027,411.04,596.533,0.676013,-0.266222,7.29393,499.167,585.194,0.327334,-0.213884,7.57261,424.907,597.589,0.583584,-0.475105,7.39244,478.538,543.496,0.43449,-0.411297,7.47652,447.262,557.396,0.755757,1.21258,7.56847,509.94,880.572,0.3926,1.3779,7.29727,440.785,923.531,0.822213,1.17212,7.58232,522.826,872.12,0.342274,1.375,7.35779,429.85,920.607,0.765837,0.999518,7.62947,510.725,836.716,0.434956,1.29972,7.50032,447.078,900.202,0.788985,1.19235,7.57539,516.389,876.342,0.367437,1.37645,7.32753,435.295,922.063
68,2.26667,1,268.639,690.938,-0.354775,0.234232,5.77024,267.679,700.953,-0.419101,0.209771,5.73446,250.259,694.928,-0.290449,0.258693,5.80601,284.884,706.903,-0.273414,-0.146981,5.8308,289.59,602.149,-0.238545,-0.310359,5.85676,298.842,560.43,-0.57948,0.610093,5.70672,207.527,800.528,-0.369276,0.682903,5.83009,264.892,815.884,-0.683546,0.994845,5.61033,177.054,906.262,-0.394711,1.07346,5.70789,256.164,922.391,-0.822277,1.09614,5.6707,142.267,930.249,-0.46395,1.23023,5.76735,239.208,960.297,-0.2136,-0.443809,6.00417,306.581,529.009,-0.338332,-0.306743,5.74705,271.602,559.856,-0.107002,-0.283722,5.87861,332.669,567.53,-0.34296,-0.348396,5.76926,270.738,549.323,-0.11776,-0.319726,5.87184,329.886,558.239,-0.567094,-0.257207,5.60473,208.07,571.092,0.0380135,-0.454413,6.03731,369.454,526.981,-0.565012,-0.246935,5.57013,207.688,573.433,0.0694092,-0.441221,6.05271,377.219,530.542,-0.58101,-0.259142,5.62975,205.034,570.882,0.0166746,-0.471181,6.03549,364.148,522.776,-0.814417,-0.241286,5.54415,139.426,574.651,0.138346,-0.653891,6.16102,393.717,480.634,-0.818219,1.10275,5.709,144.795,930.041,-0.502862,1.22878,5.76845,229.102,959.857,-0.826335,1.08953,5.63241,139.705,930.46,-0.425038,1.23169,5.76625,249.318,960.738,-0.662889,1.03337,5.57502,181.459,918.325,-0.373238,1.09511,5.66033,260.988,930.509,-0.822277,1.09614,5.6707,142.267,930.249,-0.46395,1.23023,5.76735,239.208,960.297
68,2.26667,2,489.61,734.026,0.624283,0.522784,7.45629,485.719,745.279,0.69591,0.527142,7.423,500.772,746.633,0.552655,0.518425,7.48959,470.8,743.937,0.68831,0.115407,7.47576,498.252,663.18,0.71575,-0.0591826,7.4841,503.603,628.126,0.684275,0.890486,7.21764,502.357,825.257,0.468126,0.901051,7.34543,455.695,824.194,0.771469,1.21795,7.44277,515.642,885.719,0.425433,1.30446,7.34835,446.933,906.553,0.779475,1.3638,7.33779,519.507,919.08,0.361719,1.40118,7.20563,435.378,931.987,0.694811,-0.23832,7.39658,501.052,591.619,0.849706,-0.0275801,7.39345,532.57,634.399,0.583976,-0.0519112,7.59397,475.47,629.736,0.84645,-0.0670254,7.41088,531.504,626.42,0.601079,-0.0902048,7.59151,478.89,622.158,0.703641,-0.2117,7.20139,506.716,595.859,0.34637,-0.207481,7.49346,429.407,598.424,0.693505,-0.21725,7.16454,505.346,594.468,0.309086,-0.212352,7.48663,421.992,597.409,0.699201,-0.218075,7.23835,505.046,594.761,0.382367,-0.214773,7.48784,436.677,596.931,0.578751,-0.444269,7.27738,479.415,548.333,0.420153,-0.449097,7.39028,445.367,548.752,0.743906,1.37105,7.32234,512.55,921.155,0.386636,1.3998,7.17524,440.911,932.935,0.815043,1.35656,7.35323,526.435,917.014,0.336803,1.40256,7.23602,429.891,931.047,0.785844,1.23766,7.49592,517.418,887.924,0.432758,1.34716,7.38591,447.98,913.878,0.779475,1.3638,7.33779,519.507,919.08,0.361719,1.40118,7.20563,435.378,931.987
69,2.3,1,280.974,701.032,-0.311259,0.276376,5.82461,279.759,711.249,-0.376235,0.251719,5.78488,262.342,705.338,-0.246283,0.301033,5.86434,296.939,717.079,-0.228519,-0.106837,5.89251,301.768,612.775,-0.193059,-0.271071,5.92161,311.045,571.264,-0.547971,0.649011,5.75839,217.111,809.236,-0.313079,0.728701,5.8903,280.19,825.761,-0.662376,1.03668,5.67434,184.72,914.33,-0.337815,1.12141,5.76582,272.025,932.042,-0.810188,1.12355,5.73573,147.901,934.135,-0.402423,1.27708,5.83411,256.426,968.691,-0.160836,-0.405728,6.06843,320.203,539.607,-0.289849,-0.269836,5.80617,285.041,570.217,-0.0624927,-0.243325,5.94672,344.22,578.56,-0.298958,-0.310274,5.82856,282.982,560.067,-0.0736727,-0.27885,5.93966,341.375,569.506,-0.482757,-0.174858,5.6427,231.535,593.469,0.0847057,-0.415557,6.09646,380.863,537.648,-0.477825,-0.162752,5.60891,232.082,596.43,0.115062,-0.400802,6.11291,388.264,541.548,-0.498874,-0.176538,5.66888,227.859,593.239,0.0645843,-0.433423,6.09369,375.914,533.199,-0.724924,-0.121916,5.59275,165.37,607.268,0.198181,-0.610133,6.21334,407.894,492.551,-0.808088,1.12778,5.77458,149.874,933.257,-0.44119,1.27552,5.83824,246.529,968.056,-0.812288,1.11932,5.69688,145.9,935.025,-0.363656,1.27865,5.82998,266.337,969.327,-0.642457,1.07915,5.64234,189.027,927.187,-0.320058,1.14389,5.71666,275.932,940.459,-0.810188,1.12355,5.73573,147.901,934.135,-0.402423,1.27708,5.83411,256.426,968.691
69,2.3,2,498.777,747.625,0.666666,0.588534,7.37189,495.791,759.877,0.739845,0.592355,7.34555,511.237,761.088,0.593488,0.584714,7.39822,480.456,758.675,0.722231,0.182015,7.3721,507.105,677.073,0.746044,0.00779223,7.37219,511.953,641.587,0.71964,0.94118,7.1083,512.017,838.815,0.493344,0.943156,7.19855,462.907,836.735,0.772732,1.32806,7.22395,520.619,916.048,0.428171,1.34469,7.19895,449.308,920.475,0.773274,1.45562,7.09524,523.647,948.051,0.368504,1.42433,7.04649,438.526,943.515,0.728516,-0.167211,7.28424,510.175,605.531,0.878671,0.0434048,7.29783,540.79,648.931,0.622806,0.0075053,7.46633,485.253,641.509,0.876962,0.00250483,7.31041,540.128,640.514,0.639715,-0.0278938,7.46633,488.654,634.39,0.74106,-0.12665,7.09888,516.749,613.211,0.448155,-0.211883,7.36129,451.415,596.78,0.734806,-0.129702,7.06206,516.237,612.422,0.409029,-0.210271,7.3538,443.519,597.065,0.732871,-0.134821,7.13287,514.279,611.618,0.477111,-0.223574,7.3582,457.362,594.376,0.60047,-0.358205,7.13832,486.31,564.651,0.398808,-0.470118,7.28331,442.22,543.078,0.738193,1.45752,7.07767,516.611,949.219,0.395316,1.42174,7.01807,444.58,944.19,0.808356,1.45371,7.11281,530.649,946.888,0.341693,1.42692,7.07491,432.52,942.846,0.783054,1.35955,7.27101,521.711,920.765,0.42991,1.39032,7.23418,449.234,928.58,0.773274,1.45562,7.09524,523.647,948.051,0.368504,1.42433,7.04649,438.526,943.515
70,2.33333,1,294.865,712.254,-0.260525,0.320049,5.84975,293.126,722.153,-0.323602,0.295576,5.80647,276.316,716.436,-0.197448,0.344521,5.89304,309.69,727.785,-0.176448,-0.062559,5.92547,315.287,624.147,-0.140415,-0.226534,5.95793,324.612,582.907,-0.506715,0.686839,5.77283,228.199,818.652,-0.244708,0.775207,5.88806,297.595,837.692,-0.627638,1.06981,5.6856,194.242,922.534,-0.263346,1.17184,5.78166,291.606,944.34,-0.785194,1.14614,5.73592,154.451,940.04,-0.313378,1.31443,5.88128,279.991,975.59,-0.109418,-0.369644,6.09659,333.051,548.959,-0.232346,-0.227967,5.83597,300.219,581.346,-0.0113042,-0.193169,5.99473,357.169,591.615,-0.24408,-0.267084,5.85755,297.431,571.534,-0.0212507,-0.22909,5.98597,354.669,582.534,-0.383429,-0.109901,5.6401,257.92,610.741,0.133367,-0.361054,6.15766,392.522,551.956,-0.37035,-0.100613,5.60729,260.825,613.057,0.159601,-0.346117,6.18015,398.778,555.906,-0.403588,-0.107467,5.66251,252.978,611.502,0.114993,-0.380448,6.14969,388.078,547.107,-0.597538,-0.0190518,5.53827,197.993,634.835,0.240219,-0.562798,6.26966,417.532,505.212,-0.786776,1.14913,5.77493,155.428,938.789,-0.351545,1.31334,5.88941,270.37,974.848,-0.783611,1.14316,5.69691,153.46,941.308,-0.275211,1.31553,5.87316,289.638,976.334,-0.606924,1.11391,5.65665,198.892,935.688,-0.250334,1.20078,5.73352,294.44,954.474,-0.785194,1.14614,5.73592,154.451,940.04,-0.313378,1.31443,5.88128,279.991,975.59
70,2.33333,2,510.233,762.037,0.736203,0.67,7.50708,507.255,774.013,0.811376,0.672166,7.47867,522.907,774.957,0.661029,0.667834,7.5355,491.72,773.076,0.79019,0.261749,7.49479,518.312,692.441,0.813327,0.0867841,7.48953,523.062,657.399,0.79184,1.03814,7.26511,523.658,854.564,0.546477,1.01324,7.31756,472.137,847.916,0.840319,1.43736,7.33898,531.93,934.086,0.471014,1.41388,7.29646,456.931,930.967,0.805333,1.55299,7.20495,527.837,963.654,0.409749,1.47667,7.13759,446.2,950.652,0.775456,-0.0592017,7.36685,518.059,627.933,0.940885,0.134832,7.41316,550.579,667.311,0.710112,0.0728427,7.59476,500.396,654.402,0.941837,0.0923326,7.42258,550.53,658.679,0.728739,0.0409396,7.59019,504.166,648.099,0.810305,-0.01817,7.20487,528.875,636.213,0.569122,-0.17457,7.5207,473.629,605.146,0.805557,-0.0186589,7.16789,528.751,636.091,0.530427,-0.177979,7.53022,465.769,604.51,0.80071,-0.0282919,7.23765,526.119,634.13,0.592871,-0.180471,7.50535,478.613,603.894,0.667041,-0.246712,7.22432,498.643,588.721,0.496469,-0.423527,7.43856,460.218,554.506,0.767442,1.55126,7.19476,520.167,963.751,0.436862,1.47219,7.1097,452.265,950.925,0.843223,1.55472,7.21514,535.485,963.557,0.382636,1.48114,7.16547,440.183,950.38,0.856872,1.47386,7.38091,534.321,939.839,0.470477,1.46274,7.32752,456.41,939.745,0.805333,1.55299,7.20495,527.837,963.654,0.409749,1.47667,7.13759,446.2,950.652
71,2.36667,1,308.528,721.984,-0.209511,0.361816,5.89536,306.637,732.155,-0.274277,0.33698,5.85393,289.647,726.437,-0.144746,0.386652,5.93679,323.39,737.794,-0.122029,-0.0199683,5.98626,329.391,634.991,-0.0845366,-0.18359,6.02522,338.932,594.247,-0.474748,0.721687,5.81948,237.504,826.212,-0.178757,0.820452,5.94278,314.834,847.303,-0.612364,1.09714,5.72373,199.353,927.823,-0.187455,1.21888,5.8396,311.799,953.415,-0.764548,1.18362,5.77868,161.336,947.557,-0.223813,1.35265,5.95459,303.561,981.096,-0.0506076,-0.322387,6.1685,347.681,561.523,-0.178709,-0.187871,5.89946,314.514,592.182,0.0455573,-0.153607,6.06553,371.278,601.974,-0.191218,-0.225207,5.9223,311.518,582.9,0.0341644,-0.188,6.05594,368.471,593.386,-0.300524,-0.0560873,5.69534,280.768,625.213,0.169893,-0.32506,6.23804,400.895,561.755,-0.284326,-0.0488141,5.66329,284.614,627.057,0.198492,-0.309131,6.25713,407.633,565.816,-0.321738,-0.0508381,5.71664,275.491,626.647,0.150394,-0.342818,6.23415,396.224,557.429,-0.496956,0.060719,5.58119,226.299,656.336,0.274085,-0.511405,6.38032,424.504,519.645,-0.763626,1.18871,5.81752,162.9,946.819,-0.261086,1.35139,5.96619,294.29,980.116,-0.765471,1.17852,5.73985,159.751,948.304,-0.186541,1.35391,5.943,312.869,982.079,-0.59328,1.13843,5.69098,203.464,940.373,-0.177267,1.25113,5.79218,314.045,964.343,-0.764548,1.18362,5.77868,161.336,947.557,-0.223813,1.35265,5.95459,303.561,981.096
71,2.36667,2,520.488,776.572,0.781542,0.739919,7.4691,517.118,788.75,0.858486,0.741639,7.44143,533.229,789.651,0.704598,0.738198,7.49677,501.127,787.857,0.839015,0.341168,7.46778,528.702,708.599,0.863646,0.170275,7.46721,533.668,674.24,0.847957,1.11094,7.25444,535.514,869.947,0.588655,1.03716,7.23479,482.174,855.259,0.885363,1.50164,7.32701,541.442,947.737,0.509971,1.42342,7.17604,466.71,937.845,0.843297,1.62219,7.19947,535.883,978.332,0.434902,1.46929,7.018,453.051,954.367,0.823119,0.00810063,7.3658,527.798,641.651,0.99493,0.224378,7.38171,562.385,685.642,0.748878,0.156729,7.57236,508.499,671.079,0.995476,0.180717,7.39087,562.245,676.715,0.769714,0.124611,7.56957,512.686,664.719,0.873406,0.10379,7.14843,543.463,661.802,0.597802,-0.075089,7.47181,480.136,624.91,0.867492,0.104491,7.11248,543.142,662.06,0.5587,-0.0800291,7.46678,472.354,623.906,0.864579,0.0915415,7.1824,540.75,659.138,0.628961,-0.0814825,7.46642,486.489,623.613,0.737126,-0.12441,7.18428,514.064,613.998,0.601094,-0.329675,7.38739,482.178,572.99,0.805303,1.61988,7.18982,528.184,978.304,0.459769,1.46288,6.98847,458.787,954.319,0.881292,1.6245,7.20912,543.561,978.36,0.410035,1.47571,7.04754,447.363,954.416,0.900681,1.53629,7.36979,543.51,953.012,0.510609,1.47425,7.20251,466.45,947.347,0.843297,1.62219,7.19947,535.883,978.332,0.434902,1.46929,7.018,453.051,954.367
72,2.4,1,326.382,735.176,-0.140031,0.417216,5.92266,324.498,745.776,-0.206421,0.392905,5.88579,307.339,740.236,-0.0736403,0.441527,5.95953,341.446,751.247,-0.0540621,0.0348368,6.02021,346.516,648.689,-0.0172184,-0.12904,6.06202,355.735,608.037,-0.420373,0.772237,5.84694,252.044,838.319,-0.0878341,0.877729,5.98606,337.967,860.172,-0.578672,1.13795,5.74812,208.836,937.262,-0.0779917,1.2704,5.86434,340.03,965.284,-0.732463,1.21975,5.8057,170.559,955.471,-0.0949458,1.40067,5.98524,336.18,991.396,0.0119067,-0.274371,6.19772,362.885,573.527,-0.108618,-0.132787,5.93629,332.525,606.412,0.109794,-0.103117,6.11255,386.971,614.669,-0.122453,-0.16963,5.95851,329.142,597.253,0.0977217,-0.136276,6.10256,384.045,606.469,-0.211966,0.00619626,5.72961,304.45,641.624,0.219288,-0.278682,6.28678,412.376,573.439,-0.191736,0.0103148,5.69965,309.488,642.717,0.247311,-0.261375,6.30425,418.905,577.745,-0.233339,0.014164,5.74711,299.035,643.701,0.201268,-0.295512,6.28472,408.087,569.396,-0.372964,0.137365,5.58018,259.64,676.963,0.335877,-0.44407,6.44593,438.241,536.555,-0.730449,1.22585,5.84431,172.328,954.953,-0.130789,1.40041,6.00065,327.272,990.428,-0.734478,1.21366,5.76709,168.766,955.996,-0.0591023,1.40094,5.96984,345.134,992.37,-0.562858,1.17881,5.71338,212.073,949.808,-0.0700087,1.30272,5.81596,341.925,976.336,-0.732463,1.21975,5.8057,170.559,955.471,-0.0949458,1.40067,5.98524,336.18,991.396
72,2.4,2,534.654,793.158,0.845169,0.825532,7.39828,531.536,807.551,0.923362,0.828074,7.37656,547.958,808.561,0.766976,0.822991,7.41999,515.211,806.546,0.89372,0.429031,7.37624,541.932,727.337,0.914527,0.259102,7.3668,546.406,692.812,0.897647,1.16636,7.13769,548.838,885.368,0.658765,1.06857,7.10353,499.251,865.876,0.93091,1.55461,7.19653,554.235,964.37,0.573482,1.4346,6.98735,483.239,948.292,0.889822,1.67544,7.06967,548.993,995.855,0.50701,1.46015,6.82101,471.612,961.432,0.866216,0.133013,7.23278,539.831,667.614,1.05368,0.318595,7.30803,576.497,705.461,0.795997,0.234263,7.46237,520.169,687.138,1.05204,0.274405,7.31129,576.064,696.356,0.816915,0.202902,7.45557,524.527,680.865,0.979727,0.242498,7.03825,569.018,691.735,0.635008,0.0202949,7.33649,489.967,644.154,0.977458,0.243214,7.00432,569.544,692.139,0.598145,0.0112594,7.33042,482.524,642.306,0.966722,0.229038,7.07129,565.28,688.635,0.667906,0.0183408,7.33042,496.814,643.757,0.84005,0.0196639,7.08165,538.12,644.169,0.692306,-0.210126,7.21758,504.029,596.285,0.852003,1.673,7.05974,541.215,995.836,0.533746,1.45157,6.79388,477.967,960.82,0.927641,1.67788,7.07959,556.75,995.874,0.480273,1.46873,6.84815,465.307,962.04,0.946051,1.58887,7.23881,556.241,969.583,0.570695,1.4874,7.00697,482.297,958.742,0.889822,1.67544,7.06967,548.993,995.855,0.50701,1.46015,6.82101,471.612,961.432
73,2.43333,1,349,751.468,-0.0467422,0.483072,5.8905,348.085,763.141,-0.115662,0.458458,5.85917,330.359,757.491,0.0221776,0.507686,5.92183,365.623,768.731,0.0331831,0.102862,5.99169,368.316,665.778,0.0674368,-0.0600851,6.03506,376.779,625.05,-0.34688,0.82215,5.80941,270.342,852.501,0.0237535,0.936606,5.98691,365.958,874.908,-0.523041,1.17151,5.69042,221.983,949.131,0.0473957,1.32996,5.87594,372.112,979.864,-0.678524,1.24719,5.75014,182.814,965.685,0.0467062,1.45467,6.00338,371.682,1003.84,0.10055,-0.211026,6.16242,384.501,588.581,-0.0265574,-0.0603005,5.91427,353.257,624.69,0.196406,-0.0385638,6.08527,408.464,630.484,-0.0412463,-0.0966556,5.93663,349.568,615.553,0.181744,-0.0721797,6.07815,404.898,622.169,-0.125991,0.0883183,5.71025,326.869,663.224,0.310178,-0.189973,6.28002,434.164,594.577,-0.103541,0.0917581,5.68226,332.639,664.247,0.346682,-0.182264,6.28324,442.85,596.443,-0.147002,0.0967822,5.72494,321.444,665.384,0.287713,-0.198165,6.28849,428.7,592.682,-0.262971,0.228591,5.53663,288.681,701.995,0.411077,-0.348225,6.46338,455.501,559.101,-0.675285,1.25498,5.78829,184.822,965.56,0.0123645,1.45485,6.02174,363.083,1002.77,-0.681762,1.2394,5.712,180.78,965.812,0.0810478,1.4545,5.98503,380.334,1004.91,-0.510944,1.21083,5.65273,224.276,961.639,0.0539947,1.36376,5.82886,373.909,991.315,-0.678524,1.24719,5.75014,182.814,965.685,0.0467062,1.45467,6.00338,371.682,1003.84
73,2.43333,2,554.513,812.023,0.934528,0.917481,7.35961,550.669,827.191,1.0165,0.921001,7.3444,567.823,828.298,0.852555,0.91396,7.37483,533.585,826.088,0.984583,0.520837,7.33913,561.442,746.561,1.00603,0.350846,7.33036,566.078,711.868,0.981775,1.23476,7.07281,568.431,902.139,0.756562,1.13866,7.03762,521.421,882.947,1.00162,1.61944,7.13239,570.868,980.935,0.66364,1.47636,6.87064,505.037,962.654,0.962301,1.70869,6.9857,566.844,1007.28,0.608066,1.48489,6.69832,496.31,972.868,0.966886,0.195709,7.21458,561.237,680.733,1.15073,0.413471,7.2819,597.286,725.259,0.882343,0.333137,7.4211,538.53,707.406,1.148,0.368612,7.28275,596.695,716,0.902205,0.30003,7.41346,542.737,700.77,1.11476,0.376373,7.00662,598.9,720.659,0.690008,0.155198,7.31099,501.716,671.875,1.11334,0.376955,6.9753,599.666,721.146,0.656829,0.144346,7.30409,495.03,669.674,1.10158,0.361372,7.03892,594.992,717.089,0.724635,0.155396,7.30562,508.938,671.939,0.999402,0.158073,7.06685,572.352,673.587,0.80275,-0.0424298,7.20371,527.327,631.156,0.92511,1.70229,6.97508,559.153,1006.46,0.637006,1.47565,6.67374,503.323,972.014,0.999492,1.71509,6.99632,574.512,1008.09,0.579126,1.49413,6.72289,489.348,973.715,1.01379,1.66052,7.17104,572.28,987.7,0.656935,1.52994,6.88458,503.281,973.687,0.962301,1.70869,6.9857,566.844,1007.28,0.608066,1.48489,6.69832,496.31,972.868
74,2.46667,1,379.895,768.195,0.0821674,0.555664,5.90727,380.886,781.244,0.0129036,0.530311,5.87785,363.296,775.474,0.151431,0.581018,5.93668,398.301,786.956,0.154726,0.173507,6.01687,398.613,683.3,0.185823,0.00972569,6.06385,406.014,642.408,-0.246949,0.874596,5.82606,296.353,865.411,0.165702,1.00487,6.03092,401.256,890.191,-0.443079,1.20816,5.68725,243.017,958.981,0.201715,1.3941,5.90134,411.325,994.719,-0.599784,1.28041,5.75088,203.396,974.317,0.216315,1.51564,6.03045,413.862,1017.39,0.206353,-0.137109,6.20062,409.971,606.797,0.0793831,0.0108976,5.94298,380.057,642.753,0.325824,0.034109,6.10728,440.108,648.386,0.0653594,-0.0223148,5.9676,376.446,634.385,0.308433,-0.001333,6.10312,435.884,639.672,-0.000863403,0.173564,5.73286,359.774,685.46,0.461283,-0.0788502,6.3214,469.571,621.27,0.0194215,0.172402,5.70217,365.114,685.399,0.497339,-0.0695918,6.32983,477.978,623.491,-0.019205,0.1865,5.75023,354.985,688.701,0.434732,-0.089018,6.32734,463.168,618.875,-0.127514,0.340058,5.57385,325.648,731.61,0.510846,-0.235175,6.52546,477.55,585.884,-0.595204,1.28987,5.78859,205.604,974.593,0.183407,1.51679,6.05139,405.51,1016.37,-0.604365,1.27096,5.71318,201.159,974.038,0.249223,1.5145,6.00952,422.272,1018.42,-0.434637,1.2456,5.64678,244.424,971.222,0.206907,1.42781,5.85324,413.079,1006.28,-0.599784,1.28041,5.75088,203.396,974.317,0.216315,1.51564,6.03045,413.862,1017.39
74,2.46667,2,582.718,829.534,1.08125,1.0093,7.41329,579.006,844.433,1.16583,1.01415,7.40187,596.503,845.733,0.996668,1.00445,7.42472,561.564,843.138,1.13233,0.610141,7.38208,590.323,764.106,1.15422,0.439073,7.3687,595.202,729.472,1.1214,1.34031,7.15704,595.271,921.199,0.901677,1.22416,7.09156,550.92,899.203,1.13005,1.71035,7.25292,593.952,994.09,0.81597,1.53979,6.89951,537.582,975.108,1.10706,1.76908,7.0925,594.376,1014.53,0.759617,1.53566,6.72745,529.546,982.758,1.13134,0.271709,7.25861,594.037,696.207,1.31045,0.497583,7.34249,627.991,741.757,1.01156,0.427173,7.44345,564.062,726.173,1.30366,0.452853,7.33856,626.745,732.659,1.03242,0.393262,7.43388,568.538,719.435,1.32363,0.53398,7.06748,641.219,753.449,0.784364,0.301012,7.34289,520.396,701.554,1.32729,0.541554,7.03779,643.187,755.544,0.754382,0.291351,7.33494,514.432,699.643,1.30555,0.512477,7.09287,636.385,748.491,0.819382,0.301782,7.33744,527.681,701.758,1.20552,0.315961,7.06258,616.303,707.176,0.926681,0.137988,7.22686,552.541,668.67,1.07126,1.75991,7.07938,587.217,1013.28,0.788203,1.52388,6.70354,536.554,981.341,1.14286,1.77825,7.10562,601.508,1015.78,0.731032,1.54744,6.75137,522.587,984.164,1.13768,1.75556,7.28873,594.376,1001.66,0.810575,1.59365,6.90926,536.159,986.341,1.10706,1.76908,7.0925,594.376,1014.53,0.759617,1.53566,6.72745,529.546,982.758
75,2.5,1,404.122,788.546,0.186502,0.641348,5.91503,407.344,802.809,0.119407,0.61744,5.88516,390.466,797.536,0.253596,0.665255,5.9449,424.053,808.03,0.248653,0.262122,6.03866,421.83,705.179,0.27529,0.0995964,6.09164,427.858,664.55,-0.167886,0.939037,5.85873,316.972,880.67,0.278355,1.08017,6.06277,428.94,907.525,-0.372261,1.26355,5.71549,262.201,971.957,0.326087,1.46118,5.9203,442.705,1010.6,-0.537385,1.31926,5.77245,220.213,983.173,0.364688,1.60541,6.02027,450.96,1040.42,0.287039,-0.0422236,6.23845,429.089,629.837,0.166865,0.0936046,5.97008,401.969,663.543,0.41814,0.138813,6.13541,462.334,673.973,0.15254,0.063462,5.99658,398.197,655.891,0.403029,0.100143,6.13514,458.64,664.51,0.100802,0.25972,5.75404,386.305,707.776,0.548452,0.087163,6.37663,489.149,660.525,0.117034,0.254507,5.72152,390.714,706.793,0.577655,0.103061,6.39365,495.663,664.204,0.0865919,0.276339,5.77309,382.522,711.875,0.522565,0.0696186,6.37575,483.07,656.396,-0.0123195,0.446199,5.60714,356.701,759.49,0.557615,-0.0767585,6.57975,487.253,622.483,-0.535657,1.32783,5.81058,221.576,983.134,0.335203,1.613,6.04462,443.269,1040.69,-0.539113,1.3107,5.73433,218.831,983.212,0.394173,1.59783,5.99591,458.713,1040.14,-0.364654,1.30273,5.67647,263.541,984.602,0.32675,1.48582,5.86804,443.611,1020.2,-0.537385,1.31926,5.77245,220.213,983.173,0.364688,1.60541,6.02027,450.96,1040.42
75,2.5,2,603.133,848.485,1.16422,1.09932,7.32881,598.531,865.233,1.24967,1.10493,7.31345,616.576,866.858,1.07877,1.09371,7.34417,580.562,863.616,1.22462,0.700033,7.30858,611.601,783.823,1.25051,0.528911,7.29991,617.224,748.795,1.18681,1.38088,7.01853,613.909,935.428,0.986245,1.28567,6.99535,571.699,915.97,1.18844,1.73995,7.12808,610.35,1006.53,0.907099,1.5843,6.78856,560.641,990.43,1.17394,1.79351,6.96612,613.045,1026.59,0.845765,1.58438,6.61782,551.901,999.491,1.20809,0.343239,7.22903,610.934,711.295,1.4119,0.592514,7.26931,651.644,762.391,1.10386,0.524593,7.38619,584.407,746.646,1.40441,0.548063,7.26188,650.394,753.325,1.12371,0.488636,7.37347,588.836,739.508,1.46219,0.708168,7.02371,672.594,791.395,0.834879,0.469671,7.35564,530.43,735.877,1.46591,0.717888,6.99769,674.554,794.044,0.807064,0.462966,7.35165,524.841,734.56,1.44377,0.682687,7.04469,667.737,785.513,0.867829,0.469623,7.34362,537.446,736.024,1.35393,0.485855,7.01365,649.864,744.017,0.972959,0.337797,7.20225,562.847,710.425,1.13881,1.78402,6.95138,605.994,1025.37,0.873057,1.5714,6.59298,558.84,997.887,1.20906,1.80299,6.98085,620.066,1027.82,0.818472,1.59737,6.64267,545.014,1001.08,1.19448,1.78486,7.16425,610.351,1014.09,0.903905,1.63742,6.79867,559.637,1001.64,1.17394,1.79351,6.96612,613.045,1026.59,0.845765,1.58438,6.61782,551.901,999.491
76,2.53333,1,429.413,812.084,0.291317,0.738463,5.9326,433.733,826.907,0.219512,0.716045,5.90456,415.823,822.094,0.363122,0.760881,5.96063,451.475,831.676,0.344436,0.356444,6.05554,445.408,728.385,0.367201,0.192722,6.10824,450.267,687.376,-0.0813421,1.0217,5.89901,339.295,900.068,0.403516,1.17723,6.05547,460.059,931.914,-0.286453,1.32766,5.7359,285.012,987.559,0.45745,1.5503,5.91081,476.209,1033.83,-0.454057,1.38358,5.78621,242.169,999.048,0.466252,1.67116,6.04054,475.901,1055.42,0.371367,0.0393972,6.2469,449.265,649.47,0.254989,0.193533,5.98794,423.942,688.531,0.515545,0.238453,6.14958,485.882,698.224,0.240149,0.163643,6.01347,419.965,680.861,0.501864,0.197797,6.1539,482.456,688.263,0.200926,0.370487,5.77554,412.238,736.321,0.647333,0.252822,6.39247,512.055,699.387,0.218966,0.365589,5.74357,417.245,735.577,0.671975,0.2689,6.41261,517.348,702.965,0.1863,0.386798,5.79432,408.278,740.236,0.620175,0.232935,6.38803,505.777,694.753,0.102154,0.5607,5.62687,387.26,789.626,0.595959,0.0792273,6.5764,496.073,658.09,-0.453398,1.39358,5.82405,243.105,999.294,0.432265,1.67289,6.05965,467.114,1054.54,-0.454716,1.37357,5.74836,241.221,998.799,0.500238,1.66944,6.02143,484.744,1056.31,-0.278617,1.36401,5.69524,286.542,999.623,0.465606,1.58301,5.86288,479.248,1045.43,-0.454057,1.38358,5.78621,242.169,999.048,0.466252,1.67116,6.04054,475.901,1055.42
76,2.53333,-2,429.468,811.609,0.291345,0.736975,5.9332,433.733,826.512,0.220486,0.714603,5.90485,416.068,821.718,0.362204,0.759347,5.96156,451.23,831.26,0.345582,0.353832,6.05449,445.707,727.753,0.368826,0.189628,6.10647,450.693,686.629,-0.0806627,1.02112,5.90118,339.475,899.824,0.401678,1.1772,6.05371,459.632,931.993,-0.285267,1.33048,5.74406,285.428,987.801,0.453894,1.55108,5.91039,475.314,1034.06,-0.452043,1.39078,5.79251,242.819,1000.52,0.462707,1.67165,6.04006,475.029,1055.57,0.372408,0.0403336,6.24747,449.507,649.694,0.255489,0.190398,5.98806,424.066,687.744,0.517008,0.23373,6.14473,486.339,697.115,0.24069,0.160725,6.01371,420.098,680.131,0.503434,0.193226,6.14993,482.918,687.178,0.200803,0.367997,5.77757,412.188,735.64,0.650904,0.254885,6.38444,513.086,699.947,0.217352,0.362845,5.74498,416.809,734.837,0.674609,0.270666,6.4049,518.155,703.455,0.187309,0.384646,5.79713,408.516,739.63,0.624148,0.234375,6.37934,506.911,695.167,0.101669,0.561638,5.63712,387.082,789.603,0.597697,0.0743641,6.55843,496.843,657.026,-0.451727,1.40038,5.83045,243.663,1000.65,0.428819,1.67314,6.05933,466.266,1054.62,-0.452359,1.38119,5.75458,241.964,1000.4,0.496594,1.67017,6.02079,483.848,1056.53,-0.276369,1.36703,5.70405,287.247,999.863,0.461689,1.58398,5.86248,478.253,1045.7,-0.452043,1.39078,5.79251,242.819,1000.52,0.462707,1.67165,6.04006,475.029,1055.57
77,2.56667,1,458.313,836.382,0.412237,0.836767,5.95493,463.947,850.994,0.337966,0.815996,5.93349,445.527,846.5,0.486508,0.857539,5.97637,482.235,855.456,0.45721,0.453569,6.06527,473.19,752.289,0.476484,0.289341,6.11256,477.049,711.077,0.0429146,1.12197,5.93127,370.864,924.037,0.521787,1.26871,6.07819,488.902,953.424,-0.157482,1.40547,5.74367,318.83,1007.43,0.563385,1.62385,5.9084,503.179,1052.69,-0.319792,1.47291,5.79301,277.109,1021.78,0.579091,1.7355,6.04231,503.909,1071.29,0.506215,0.12076,6.23255,481.958,669.094,0.352593,0.309142,6.00527,448.162,717.298,0.630431,0.333558,6.13949,514.187,721.58,0.337621,0.27801,6.02972,444.077,709.232,0.618815,0.292774,6.14988,511.09,711.484,0.308699,0.504666,5.81912,439.656,770.223,0.759466,0.424518,6.34724,539.666,740.428,0.330707,0.50251,5.79046,445.758,770.309,0.773061,0.433465,6.36928,542.249,742.189,0.292418,0.518306,5.83573,435.24,773.363,0.732757,0.407509,6.33526,533.675,736.586,0.232647,0.693519,5.66978,421.613,823.669,0.602562,0.244295,6.42582,500.804,697.086,-0.317126,1.4868,5.82941,278.314,1022.97,0.545866,1.73713,6.06253,495.2,1070.25,-0.322459,1.45902,5.75661,275.889,1020.57,0.612317,1.73388,6.02209,512.676,1072.33,-0.15025,1.43536,5.69869,320.41,1018.21,0.570309,1.65728,5.86079,506.116,1064.6,-0.319792,1.47291,5.79301,277.109,1021.78,0.579091,1.7355,6.04231,503.909,1071.29
77,2.56667,2,654.431,875.858,1.42199,1.22396,7.37107,649.673,889.334,1.50846,1.2305,7.35886,667.798,891.081,1.33552,1.21743,7.38328,631.608,887.592,1.47748,0.830464,7.33387,662.504,810.032,1.50126,0.661822,7.31793,668.043,775.799,1.45087,1.50187,7.0555,668.776,959.629,1.25574,1.43227,7.04201,627.761,945.401,1.44404,1.8652,7.1615,662.774,1031.08,1.19913,1.79263,6.95269,618.975,1027.15,1.41781,1.93091,7.00329,663.99,1054,1.15432,1.82395,6.7811,615.604,1043.88,1.47158,0.461044,7.25265,664.669,735.453,1.66681,0.750617,7.32952,701.47,793.775,1.32286,0.676575,7.37943,629.175,777.669,1.6699,0.712779,7.3083,703.096,786.447,1.33264,0.63816,7.36297,631.77,770.142,1.76367,1.001,7.36801,719.426,843.998,1.12108,0.851219,7.33698,589.437,814.207,1.77259,1.03013,7.37754,720.778,849.664,1.09863,0.872715,7.33486,584.907,818.658,1.75657,0.976806,7.3389,719.398,839.857,1.14485,0.829182,7.32169,594.791,810.052,1.84017,0.98318,7.13268,747.39,846.977,1.13443,0.736698,7.11944,599.262,795.377,1.38193,1.92209,6.98971,656.872,1052.91,1.18453,1.81689,6.75709,623.227,1043.75,1.45369,1.93974,7.01687,671.079,1055.09,1.1241,1.83101,6.80511,608.035,1044.02,1.45015,1.90839,7.19993,662.432,1038,1.19319,1.84291,6.97599,616.83,1036.68,1.41781,1.93091,7.00329,663.99,1054,1.15432,1.82395,6.7811,615.604,1043.88
78,2.6,1,487.964,853.395,0.542291,0.918686,6.04189,494.773,868.316,0.469588,0.901755,6.01497,477.227,865.112,0.614995,0.935617,6.06881,512.164,871.493,0.579171,0.529872,6.13019,501.865,769.789,0.594976,0.363237,6.16803,504.842,728.427,0.187113,1.21971,6.04858,406.451,942.793,0.636962,1.34183,6.19737,514.329,965.111,0.00358266,1.49994,5.84587,360.92,1025.27,0.674173,1.69142,6.02206,528.1,1061.74,-0.150755,1.58188,5.8987,321.624,1042.68,0.688286,1.80811,6.15188,527.998,1081.33,0.612978,0.197096,6.29564,506.2,687.009,0.471918,0.386005,6.05291,477.07,735.757,0.74723,0.414294,6.21453,540.546,740.102,0.455893,0.35533,6.07506,472.682,727.826,0.73701,0.37511,6.22984,537.639,730.412,0.448498,0.607631,5.89748,474.192,794.709,0.859542,0.590513,6.37847,562.345,779.013,0.470888,0.610021,5.86871,480.481,796.079,0.883031,0.613437,6.3871,567.594,784.214,0.43163,0.619084,5.91729,469.53,797.098,0.829039,0.575712,6.38193,555.059,775.455,0.375292,0.825732,5.79374,457.264,854.004,0.728324,0.598922,6.59061,525.936,776.454,-0.145058,1.5981,5.9338,323.293,1044.4,0.655157,1.80987,6.17231,519.383,1080.29,-0.156452,1.56567,5.8636,319.935,1040.94,0.721415,1.80635,6.13146,536.67,1082.36,0.0100566,1.52519,5.79824,362.604,1034.98,0.67975,1.7231,5.97323,530.877,1073.16,-0.150755,1.58188,5.8987,321.624,1042.68,0.688286,1.80811,6.15188,527.998,1081.33
78,2.6,2,683.79,884.298,1.53307,1.23697,7.18123,680.557,898.644,1.61892,1.24168,7.16457,699.296,900.234,1.44722,1.23225,7.1979,661.905,897.061,1.57417,0.844797,7.15083,690.55,817.394,1.59178,0.676724,7.1378,694.859,782.361,1.53221,1.49144,6.83827,696.446,967.494,1.36205,1.44739,6.84742,658.681,957.396,1.52328,1.86174,6.94525,689.332,1042.51,1.3189,1.82535,6.80203,651.15,1042.95,1.49478,1.92904,6.78734,690.689,1066.76,1.26272,1.87117,6.63841,645.618,1063.24,1.57134,0.473155,7.07556,693.466,740.412,1.76309,0.752821,7.13473,731.056,798.437,1.41968,0.697775,7.21747,655.358,785.169,1.76068,0.717175,7.1129,731.686,791.398,1.42072,0.664272,7.19825,656.362,778.568,1.86299,0.988757,7.193,748.905,846.406,1.32753,0.9263,7.30813,632.76,830.322,1.8734,1.01567,7.20502,750.425,851.669,1.32067,0.953188,7.32279,630.808,835.454,1.84751,0.970643,7.16319,747.278,843.468,1.33294,0.907462,7.27839,634.99,827.213,1.85472,1.0237,6.94876,760.786,861.211,1.24512,0.948352,7.07893,624.111,841.161,1.45847,1.92108,6.77445,683.269,1065.81,1.29085,1.86537,6.61172,653.16,1063.64,1.53109,1.93699,6.80023,698.08,1067.71,1.23458,1.87697,6.6651,638.135,1062.86,1.53053,1.90523,6.98362,689.081,1049.65,1.31725,1.87431,6.83105,649.55,1052,1.49478,1.92904,6.78734,690.689,1066.76,1.26272,1.87117,6.63841,645.618,1063.24
79,2.63333,1,515.863,864.34,0.649197,0.955946,6.04067,521.374,877.624,0.576641,0.940155,6.01614,503.923,874.652,0.721752,0.971737,6.0652,538.684,880.573,0.687484,0.571614,6.1295,528.415,780.03,0.703893,0.4069,6.16757,531.37,739.064,0.333707,1.2863,6.09581,442.201,956.85,0.73882,1.37853,6.20452,538.802,973.619,0.192495,1.56115,5.85806,409.341,1040.16,0.768441,1.71835,6.01329,551.885,1069.08,0.0499054,1.66408,5.90383,372.693,1063.24,0.79065,1.83869,6.13838,553.407,1089.78,0.717461,0.235438,6.29418,531.16,696.167,0.585548,0.431966,6.04927,505.346,747.223,0.853512,0.46818,6.21459,566.224,753.121,0.567568,0.400647,6.07005,500.401,739.109,0.846954,0.429878,6.23433,563.992,743.538,0.570835,0.66771,5.90088,505.257,809.908,0.938299,0.689169,6.34549,582.034,803.081,0.596413,0.673677,5.87582,512.413,812.158,0.954081,0.716308,6.3529,585.505,809.305,0.55079,0.676676,5.91848,499.739,811.677,0.91205,0.667445,6.35027,575.66,797.822,0.49599,0.891709,5.7969,488.475,870.978,0.79481,0.663898,6.55516,542.063,792.076,0.0586841,1.68379,5.93635,374.844,1065.9,0.758521,1.84205,6.16006,544.895,1089.01,0.0411267,1.64437,5.87131,370.518,1060.54,0.822779,1.83533,6.1167,561.98,1090.55,0.201227,1.57921,5.80748,412.028,1048.31,0.772048,1.74765,5.96309,554.409,1080.08,0.0499054,1.66408,5.90383,372.693,1063.24,0.79065,1.83869,6.13838,553.407,1089.78
79,2.63333,2,708.876,888.186,1.696,1.26774,7.35599,706.201,898.78,1.77546,1.26954,7.33627,723.395,899.845,1.61655,1.26594,7.37571,689.099,897.722,1.73464,0.870636,7.33672,715.017,818.188,1.75119,0.700449,7.32846,718.809,783.518,1.70386,1.58142,7.07066,721.841,975.838,1.52857,1.53886,7.07451,684.438,966.622,1.69667,1.95647,7.1852,714.57,1048.86,1.49411,1.92621,7.04539,678.435,1050.53,1.66368,2.03196,7.03125,715.289,1073.94,1.43013,1.99571,6.89213,671.576,1074.8,1.73128,0.496718,7.25865,718.141,742.753,1.91763,0.778206,7.30142,754.366,800.041,1.58068,0.735983,7.41438,680.119,789.051,1.91578,0.743831,7.28084,755.101,793.404,1.57787,0.700911,7.3978,680.267,782.267,1.97272,1.03873,7.33169,764.022,852.736,1.51289,0.991479,7.46921,664.141,839.32,1.98299,1.06633,7.35031,765.096,857.836,1.51358,1.01886,7.49413,663.268,844.144,1.95448,1.02445,7.30221,761.902,850.659,1.51107,0.978388,7.43677,665.099,837.547,1.9192,1.16083,7.11362,765.11,885.03,1.39881,1.13039,7.29053,648.1,872.817,1.62708,2.02464,7.01904,708.075,1073.13,1.45568,1.99136,6.86279,678.498,1075.7,1.70029,2.03928,7.04345,722.477,1074.75,1.40458,2.00005,6.92147,664.713,1073.9,1.7047,1.99907,7.22464,714.303,1055.48,1.49833,1.9726,7.07817,677.854,1058.47,1.66368,2.03196,7.03125,715.289,1073.94,1.43013,1.99571,6.89213,671.576,1074.8
80,2.66667,1,538.82,874.061,0.731826,0.985004,6.0106,542.824,886.072,0.658037,0.970501,5.98625,525.059,883.435,0.805615,0.999508,6.03496,560.445,888.688,0.774071,0.60345,6.11036,550.22,788.292,0.792176,0.439926,6.15311,553.317,747.356,0.458695,1.34232,6.08737,473.145,971.107,0.819541,1.41017,6.17417,559.313,982.953,0.380709,1.62118,5.82377,458.159,1057.99,0.843431,1.7438,5.96923,572.165,1078.65,0.251308,1.73627,5.8728,424.254,1083.93,0.86636,1.86789,6.09106,573.574,1100.47,0.801839,0.269784,6.28509,551.566,704.454,0.668827,0.458208,6.03341,526.454,754.036,0.943357,0.512521,6.19897,588.507,764.147,0.652477,0.428547,6.05609,521.776,746.255,0.938476,0.476773,6.22222,586.475,755.056,0.657139,0.693117,5.88262,527.737,816.921,0.998443,0.768432,6.27529,598.909,823.872,0.678667,0.699753,5.8538,534.085,819.494,1.01381,0.798505,6.274,602.635,831.107,0.639122,0.702426,5.90493,522.522,818.619,0.972642,0.748081,6.28545,592.359,818.713,0.564766,0.928698,5.81294,505.886,879.895,0.846081,0.819162,6.47973,556.064,829.826,0.263018,1.75546,5.90475,426.885,1086.41,0.834427,1.87183,6.11298,564.964,1099.79,0.239598,1.71709,5.84086,421.596,1081.43,0.898294,1.86395,6.06914,582.246,1101.16,0.392684,1.63766,5.77204,462.154,1066.03,0.845914,1.7714,5.91793,574.634,1089.46,0.251308,1.73627,5.8728,424.254,1083.93,0.86636,1.86789,6.09106,573.574,1100.47
80,2.66667,2,731.906,892.526,1.76655,1.24789,7.1732,729.791,901.219,1.84333,1.24933,7.15626,746.775,902.141,1.68978,1.24644,7.19014,712.886,900.301,1.79754,0.855832,7.15359,737.308,819.642,1.81081,0.687808,7.14518,740.542,784.543,1.82709,1.64722,7.10487,746.142,988.127,1.60266,1.54078,6.93132,707.191,973.786,1.83683,1.95973,7.32671,736.446,1041.63,1.5998,1.91972,6.96872,704.711,1053.65,1.83584,2.052,7.18398,743.717,1068.9,1.5182,1.99433,6.83279,693.638,1078.27,1.78853,0.537294,7.00457,743.404,755.179,1.97729,0.748443,7.13963,775.85,797.408,1.64926,0.738448,7.22869,702.589,793.392,1.97626,0.714869,7.11767,776.916,790.81,1.64271,0.701444,7.21114,702.057,786.06,2.03121,1.0057,7.1754,785.06,850.458,1.58056,0.992396,7.28018,685.996,844.685,2.04281,1.03136,7.19472,786.34,855.247,1.58319,1.01745,7.30718,685.331,849.078,2.01161,0.994341,7.14697,782.634,848.908,1.57684,0.98265,7.24852,686.649,843.56,1.96676,1.14844,6.97418,783.45,887.262,1.46051,1.16079,7.13415,667.401,884.316,1.80106,2.05057,7.16626,737.381,1069.66,1.53916,1.9908,6.80018,699.865,1079.59,1.87061,2.05342,7.20171,750.023,1068.14,1.49725,1.99786,6.8654,687.47,1076.96,1.84284,1.99369,7.37396,735.258,1045.97,1.61128,1.96336,7.00427,705.423,1060.9,1.83584,2.052,7.18398,743.717,1068.9,1.5182,1.99433,6.83279,693.638,1078.27
81,2.7,1,557.506,877.547,0.821916,1.01066,6.13272,561.241,887.454,0.750363,0.997586,6.1054,544.544,885.346,0.89347,1.02373,6.16004,577.791,889.543,0.862441,0.628714,6.2306,567.846,791.519,0.879808,0.465024,6.27255,570.614,751.32,0.583375,1.38488,6.22225,500.781,974.202,0.887367,1.45076,6.25568,572.996,988.228,0.556825,1.71557,6.0089,499.145,1068.7,0.913976,1.78238,6.04228,587.131,1082.94,0.431035,1.83113,6.06421,466.729,1093.41,0.931529,1.90337,6.16707,586.809,1103.43,0.889663,0.295137,6.40902,568.438,709.147,0.750274,0.480427,6.15019,543.178,757.296,1.03409,0.549842,6.31851,605.747,770.667,0.737061,0.450947,6.17452,539.243,749.664,1.03004,0.514746,6.34216,603.87,761.87,0.731055,0.715951,5.99649,543.061,819.279,1.06264,0.822179,6.35453,611.098,834.279,0.748579,0.727791,5.96691,548.378,823.147,1.07366,0.853522,6.34919,613.916,841.855,0.712788,0.72141,6.02314,537.697,819.846,1.03968,0.799793,6.36784,605.159,828.594,0.597288,0.939356,5.98098,509.953,875.831,0.904818,0.872328,6.55353,567.314,839.87,0.440861,1.84533,6.09925,468.535,1094.3,0.898575,1.90734,6.18744,578.065,1102.87,0.421208,1.81693,6.02916,464.902,1092.5,0.964484,1.8994,6.1467,595.611,1104,0.575665,1.73965,5.96178,504.989,1078.16,0.91826,1.81088,5.99095,590.151,1093.88,0.431035,1.83113,6.06421,466.729,1093.41,0.931529,1.90337,6.16707,586.809,1103.43
81,2.7,2,747.533,890.71,1.86955,1.2456,7.25698,746.833,897.73,1.93741,1.24669,7.22236,762.796,899.192,1.80169,1.24451,7.2916,731.022,896.281,1.89071,0.857357,7.2437,751.929,817.723,1.89978,0.690969,7.23801,754.119,783.345,1.90036,1.64602,7.17458,757.725,984.494,1.71062,1.5813,7.08814,722.379,974.986,1.93093,2.00024,7.32311,755.925,1050.14,1.75559,1.9515,7.1785,727.224,1048.2,1.88029,2.07471,7.17696,753.393,1074.07,1.6678,2.03371,7.0528,715.078,1072.98,1.82888,0.535818,7.11888,745.759,753.018,2.05512,0.746161,7.18213,789.661,795.999,1.77199,0.751259,7.35801,721.613,793.311,2.04869,0.711377,7.16126,789.566,789.16,1.75861,0.712757,7.3454,719.498,785.703,2.11144,1.01084,7.16277,802.63,851.907,1.68848,1.00676,7.40648,702.314,844.107,2.13006,1.03781,7.17503,805.769,857.188,1.69129,1.03318,7.43249,701.686,848.73,2.08346,0.998333,7.14406,797.907,849.833,1.68303,0.995558,7.37552,702.642,842.683,1.99094,1.1515,6.98531,787.971,887.526,1.54546,1.16332,7.26502,679.42,880.44,1.84205,2.07008,7.17046,745.743,1073.49,1.68592,2.03068,7.01849,720.692,1074.45,1.91852,2.07935,7.18345,761.029,1074.65,1.64967,2.03674,7.08712,709.519,1071.53,1.94587,2.04141,7.36171,756.896,1056.38,1.77353,1.99272,7.21553,729.073,1054.69,1.88029,2.07471,7.17696,753.393,1074.07,1.6678,2.03371,7.0528,715.078,1072.98
82,2.73333,1,558.346,874.532,0.830932,1.00664,6.22309,560.494,882.891,0.758412,0.993328,6.19704,543.765,880.686,0.903453,1.01996,6.24914,577.084,885.078,0.873072,0.629364,6.3242,567.294,789.43,0.891132,0.467673,6.36753,570.142,750.284,0.63753,1.40522,6.3239,511.376,973.658,0.88656,1.45749,6.34207,569.904,985.079,0.653196,1.76372,6.13641,519.835,1071.58,0.911264,1.78704,6.1067,584.068,1079.41,0.540861,1.88757,6.20099,490.969,1097.07,0.927029,1.91128,6.22757,583.521,1100.84,0.90067,0.300927,6.50895,567.777,709.421,0.765708,0.477011,6.24864,544.001,754.627,1.04149,0.546749,6.41078,603.943,768.062,0.751324,0.447405,6.27444,539.802,747.07,1.03783,0.512367,6.43588,602.138,759.541,0.716753,0.692937,6.07215,537.243,811.354,1.07812,0.818359,6.46017,610.592,830.214,0.727698,0.705655,6.0408,540.884,815.404,1.08903,0.849562,6.45702,613.252,837.563,0.701197,0.697403,6.10224,532.542,811.608,1.0553,0.795241,6.47244,604.822,824.49,0.551065,0.892477,6.08865,495.902,860.099,0.924954,0.852244,6.66522,568.376,831.996,0.552829,1.89959,6.23619,493.111,1097.39,0.893738,1.91568,6.24731,574.813,1100.44,0.528893,1.87556,6.16578,488.802,1096.76,0.960321,1.90689,6.20783,592.284,1101.24,0.675358,1.78996,6.09052,526.503,1081.3,0.915817,1.81429,6.05351,587.166,1090.03,0.540861,1.88757,6.20099,490.969,1097.07,0.927029,1.91128,6.22757,583.521,1100.84
82,2.73333,2,746.224,888.936,1.873,1.2481,7.31212,744.626,896.301,1.94289,1.24787,7.27604,760.956,897.524,1.80311,1.24834,7.3482,728.456,895.09,1.90042,0.856375,7.30962,750.39,815.919,1.91217,0.688491,7.30854,752.861,781.452,1.91086,1.63927,7.19413,758.835,982.149,1.71828,1.59884,7.17248,719.722,974.718,1.95,1.98634,7.35307,758.208,1045.63,1.80668,1.93557,7.3306,730.07,1036.47,1.90795,2.06291,7.20577,757.584,1069.88,1.73019,2.04067,7.21713,719.975,1064.57,1.84192,0.530676,7.1957,744.363,750.739,2.06353,0.741621,7.25601,787.026,793.471,1.79282,0.745449,7.42936,722.35,790.664,2.05892,0.705976,7.23523,787.297,786.514,1.77852,0.706528,7.41845,719.989,783.007,2.12998,0.998386,7.22387,802.74,847.525,1.69816,0.987262,7.49792,700.081,837.713,2.14731,1.02631,7.2332,805.766,853.055,1.69928,1.0142,7.52187,699.22,842.46,2.10243,0.983137,7.20545,798.13,844.878,1.69203,0.973869,7.46705,700.252,835.837,2.01028,1.10217,7.0276,789.528,875.498,1.53262,1.10333,7.35045,673.086,865.389,1.8698,2.05969,7.19786,750.062,1069.68,1.74858,2.04004,7.18278,725.541,1066.47,1.9461,2.06613,7.21368,765.089,1070.07,1.7118,2.04129,7.25147,714.462,1062.69,1.96526,2.02628,7.39286,759.163,1051.56,1.82847,1.9685,7.37394,732.332,1040.85,1.90795,2.06291,7.20577,757.584,1069.88,1.73019,2.04067,7.21713,719.975,1064.57
83,2.76667,1,537.624,867.567,0.740993,0.98341,6.2513,537.986,876.215,0.666934,0.97033,6.2262,520.843,874.012,0.815052,0.99649,6.27639,554.992,878.4,0.778865,0.604778,6.35483,544.035,782.901,0.795096,0.442507,6.3992,546.568,743.833,0.596604,1.38762,6.36977,500.639,967.106,0.798123,1.43237,6.37339,548.036,977.464,0.63638,1.76848,6.21712,513.699,1067.12,0.820016,1.76441,6.12994,560.867,1072.2,0.544363,1.87629,6.3237,489.259,1085.52,0.836372,1.89062,6.25015,560.933,1094.21,0.809997,0.283256,6.54623,545.795,704.973,0.671398,0.449522,6.27631,520.627,747.545,0.947006,0.518887,6.44585,580.605,760.875,0.65796,0.418757,6.30259,516.756,739.767,0.941879,0.482403,6.46838,578.647,751.984,0.596998,0.657608,6.09979,506.96,801.881,0.99486,0.779553,6.53902,588.45,819.009,0.605842,0.674166,6.06945,509.883,806.786,1.0097,0.811524,6.53688,591.933,826.412,0.579573,0.657185,6.13058,501.955,800.964,0.971071,0.757456,6.55143,582.565,813.606,0.389213,0.816826,6.13056,455.33,840.066,0.872985,0.82705,6.76585,553.744,823.549,0.562899,1.88145,6.35779,492.943,1084.35,0.803208,1.89492,6.27027,552.347,1093.78,0.525826,1.87113,6.2896,485.534,1086.71,0.869535,1.88633,6.23003,569.575,1094.64,0.654251,1.80276,6.17252,519.157,1078.55,0.824036,1.7915,6.07611,563.64,1082.72,0.544363,1.87629,6.3237,489.259,1085.52,0.836372,1.89062,6.25015,560.933,1094.21
83,2.76667,2,725.855,888.221,1.75123,1.23609,7.19999,725.22,897.787,1.82626,1.23516,7.16838,742.547,898.729,1.6762,1.23702,7.2316,708.044,896.853,1.78604,0.842937,7.17859,733.589,816.319,1.80095,0.674443,7.16942,737.191,781.255,1.71164,1.55095,6.94623,730.003,975.268,1.59804,1.57052,7.01975,701.828,975.942,1.6911,1.91421,7.06442,719.447,1046.87,1.73189,1.84273,7.2519,718.6,1021.55,1.64785,2.0037,6.92077,717.525,1074.73,1.67985,1.99304,7.18465,711.08,1056.54,1.79008,0.524607,7.02711,742.506,752.099,1.95766,0.74127,7.15051,771.096,795.662,1.65586,0.711917,7.27843,701.609,786.871,1.95729,0.706635,7.12866,772.279,788.843,1.64799,0.674114,7.2607,700.816,779.411,2.03615,0.99197,7.1677,786.553,847.808,1.55195,0.928867,7.38807,675.419,828.784,2.04803,1.01987,7.1789,788.371,853.318,1.54803,0.953841,7.41063,673.665,833.27,2.0141,0.974313,7.14292,783.396,844.817,1.54919,0.915158,7.3557,676.245,826.816,1.95152,1.05757,6.94312,782.046,868.716,1.38991,0.998405,7.21608,649.219,847.753,1.61033,1.99882,6.9108,709.888,1074.3,1.69896,2.00092,7.15158,716.716,1060.12,1.68537,2.00859,6.93074,725.14,1075.16,1.66074,1.98516,7.21771,705.496,1052.99,1.70094,1.95305,7.10563,719.442,1052.72,1.75738,1.85388,7.30338,721.314,1021.15,1.64785,2.0037,6.92077,717.525,1074.73,1.67985,1.99304,7.18465,711.08,1056.54
84,2.8,1,516.79,854.876,0.652197,0.933945,6.27389,516.093,863.525,0.578833,0.921531,6.24999,499.065,861.398,0.725562,0.946359,6.29779,532.993,865.637,0.683497,0.553903,6.3805,520.851,770.353,0.696911,0.391028,6.42619,522.842,731.369,0.550165,1.34297,6.39613,489.157,955.277,0.7036,1.38562,6.37751,525.66,966.24,0.594084,1.73583,6.28239,501.993,1054.88,0.726033,1.71472,6.13206,537.784,1059.88,0.512921,1.82021,6.41361,480.085,1066.15,0.735849,1.838,6.25496,536.647,1081.23,0.716218,0.240697,6.58066,523.425,694.922,0.576317,0.394231,6.30271,497.302,733.922,0.847419,0.460363,6.47343,556.565,746.784,0.562867,0.363021,6.32996,493.52,726.114,0.84036,0.422439,6.494,554.31,737.677,0.481748,0.584839,6.11562,478.283,783.595,0.921346,0.694734,6.61032,569.287,797.812,0.489165,0.601609,6.08498,480.709,788.456,0.939061,0.724919,6.61421,573.186,804.571,0.463457,0.582668,6.14599,473.23,782.355,0.895422,0.672819,6.61852,563.146,792.644,0.252953,0.71016,6.1351,421.91,813.811,0.802932,0.705687,6.84137,536.229,794.886,0.534819,1.82034,6.4461,484.581,1064.03,0.701878,1.84133,6.27394,527.983,1080.69,0.491022,1.82008,6.38113,475.544,1068.29,0.76982,1.83466,6.23599,545.365,1081.77,0.608198,1.77709,6.24197,506.307,1067.5,0.731292,1.74252,6.07849,540.65,1070.45,0.512921,1.82021,6.41361,480.085,1066.15,0.735849,1.838,6.25496,536.647,1081.23
84,2.8,2,704.202,877.759,1.72372,1.25065,7.55895,702.41,888.438,1.80263,1.25214,7.52575,719.666,889.83,1.6448,1.24917,7.59215,685.306,887.058,1.76693,0.848064,7.57132,710.421,808.19,1.78545,0.675526,7.57662,713.847,773.878,1.68966,1.51925,7.22162,711.324,955.89,1.58453,1.60599,7.37849,682.459,966.826,1.62837,1.9168,7.26623,696.502,1036.1,1.75201,1.85359,7.65224,703.788,1003.72,1.5766,2.01852,7.12509,692.256,1065.39,1.72702,2.02019,7.60235,701.108,1039.01,1.78835,0.465114,7.54878,715.729,732.518,1.9437,0.748281,7.5382,747.173,789.053,1.63185,0.704775,7.67445,679.282,777.894,1.94343,0.710545,7.52219,747.942,781.837,1.6303,0.666273,7.66153,679.517,770.581,2.04573,0.997479,7.52126,768.414,839.139,1.47881,0.914647,7.75009,646.515,817.211,2.05933,1.02723,7.52975,770.666,844.846,1.46721,0.941401,7.76931,643.565,821.943,2.02467,0.976536,7.49652,765.544,835.601,1.48338,0.896965,7.71865,648.572,814.493,1.99653,1.03006,7.27291,772.202,852.666,1.33245,0.933592,7.54475,625.185,825.804,1.53941,2.01159,7.11436,684.909,1064.57,1.74872,2.02886,7.5709,706.829,1042.39,1.61378,2.02545,7.13583,699.581,1066.21,1.70532,2.01153,7.63381,695.435,1035.66,1.6344,1.95652,7.30726,695.851,1042.04,1.77728,1.85521,7.70645,706.294,1001.48,1.5766,2.01852,7.12509,692.256,1065.39,1.72702,2.02019,7.60235,701.108,1039.01
85,2.83333,1,502.566,840.069,0.596352,0.892037,6.38488,500.247,849.784,0.519953,0.883053,6.36845,482.595,848.207,0.67275,0.901021,6.40131,517.808,851.353,0.618514,0.505248,6.47991,503.325,757.079,0.628013,0.339481,6.52064,504.617,718.175,0.530819,1.29454,6.52942,482.071,937.702,0.669188,1.33819,6.46626,515.395,950.747,0.57683,1.69259,6.4485,494.317,1034.13,0.665727,1.67086,6.22916,520.476,1042.77,0.514913,1.77581,6.59173,477.294,1044.52,0.678551,1.80163,6.34569,520.563,1066.31,0.646956,0.187132,6.67216,505.597,682.114,0.505905,0.345418,6.40038,478.688,721.037,0.782527,0.399776,6.57011,538.842,731.366,0.494153,0.313069,6.42795,475.433,713.132,0.772464,0.360369,6.58651,536.102,722.155,0.387703,0.523922,6.21435,453.68,766.594,0.882069,0.597974,6.74654,556.32,773.09,0.392432,0.541429,6.18336,455.298,771.48,0.906909,0.624242,6.75292,561.658,778.805,0.370497,0.519709,6.24547,449.076,764.951,0.852131,0.581785,6.75232,549.494,769.375,0.147133,0.621542,6.24132,395.398,789.533,0.772867,0.629374,6.97958,526.272,775.401,0.540225,1.77365,6.62159,482.505,1042.21,0.645859,1.80449,6.36692,512.318,1065.57,0.489602,1.77797,6.56187,472.036,1046.85,0.711242,1.79877,6.32447,528.864,1067.07,0.58851,1.73513,6.40931,497.875,1046.5,0.666128,1.69693,6.1751,521.978,1052.63,0.514913,1.77581,6.59173,477.294,1044.52,0.678551,1.80163,6.34569,520.563,1066.31
85,2.83333,2,689.673,867.708,1.66697,1.21219,7.67239,686.242,877.237,1.74749,1.21274,7.63594,703.633,878.478,1.58645,1.21163,7.70885,669.014,876.007,1.722,0.811122,7.70748,695.478,798.021,1.74559,0.639236,7.72252,699.411,764.292,1.64393,1.48611,7.34011,696.297,944.011,1.57254,1.60105,7.56349,672.193,957.852,1.59326,1.88302,7.3931,683.595,1022.45,1.77822,1.82192,7.83219,700.913,989.293,1.51309,1.97758,7.26101,672.903,1048.96,1.77478,1.99218,7.78532,702.303,1024.23,1.75837,0.426325,7.71858,702.071,722.937,1.90115,0.720469,7.6689,732.242,781.067,1.58754,0.671343,7.82449,664.658,768.834,1.90146,0.67999,7.65764,732.851,773.337,1.58981,0.631201,7.81498,665.465,761.278,2.00305,0.96602,7.60701,755.384,830.684,1.40798,0.865296,7.88784,628.029,804.721,2.01682,0.998264,7.61345,757.767,836.882,1.39277,0.89262,7.90369,624.601,809.582,1.98376,0.941366,7.58382,752.775,826.386,1.41483,0.843782,7.85854,630.337,801.224,1.98173,0.97449,7.35428,764.621,838.966,1.26,0.826337,7.68769,606.103,801.4,1.47478,1.96896,7.25753,665.127,1047.37,1.79672,1.99864,7.75338,707.963,1027.07,1.5514,1.9862,7.26448,680.673,1050.55,1.75283,1.98573,7.81726,696.689,1021.42,1.60592,1.92402,7.43176,684.47,1028.74,1.80573,1.81938,7.88522,703.861,986.458,1.51309,1.97758,7.26101,672.903,1048.96,1.77478,1.99218,7.78532,702.303,1024.23
86,2.86667,1,487.716,825.142,0.535197,0.836769,6.44019,484.784,835.097,0.457387,0.829934,6.42842,466.837,833.857,0.613006,0.843605,6.45196,502.664,836.331,0.551368,0.445332,6.52965,486.793,742.409,0.558299,0.277573,6.56799,487.637,703.458,0.490976,1.23857,6.58908,471.887,922.254,0.612324,1.28169,6.49673,501.524,936.232,0.536987,1.63774,6.53262,483.429,1016.44,0.594191,1.60569,6.25335,502.678,1025.56,0.497598,1.72071,6.68409,471.784,1026.55,0.606104,1.74441,6.36006,503.096,1051.84,0.573839,0.121673,6.71502,488.318,667.207,0.434679,0.287102,6.45192,461.163,706.817,0.714814,0.332051,6.61646,522.222,715.357,0.424369,0.253493,6.47945,458.344,698.745,0.703292,0.291195,6.6287,519.312,705.963,0.296875,0.45416,6.27095,431.086,748.747,0.826309,0.482888,6.82845,541.703,746.186,0.299452,0.471295,6.23948,432.065,753.419,0.853227,0.507671,6.83629,547.408,751.508,0.281244,0.449354,6.3025,427.006,747.058,0.797486,0.466426,6.83456,535.209,742.474,0.0545836,0.534329,6.30236,373.005,767.306,0.761833,0.476757,7.07576,521.67,741.174,0.52639,1.71691,6.71042,477.788,1024.19,0.574027,1.7476,6.38216,495.054,1051.17,0.468805,1.7245,6.65775,465.732,1028.94,0.638181,1.74122,6.33796,511.195,1052.52,0.545171,1.68099,6.49382,486.059,1028.69,0.59206,1.62838,6.198,503.435,1034.5,0.497598,1.72071,6.68409,471.784,1026.55,0.606104,1.74441,6.36006,503.096,1051.84
86,2.86667,2,676.254,856.004,1.63949,1.19448,7.92497,670.638,866.32,1.72065,1.19385,7.88913,687.497,867.228,1.55833,1.19511,7.96081,653.931,865.42,1.69999,0.789176,7.96493,680.485,788.776,1.72592,0.615475,7.98206,684.675,755.781,1.64607,1.43943,7.55838,687.012,925.959,1.57281,1.59843,7.84951,660.867,945.77,1.59801,1.83674,7.59835,675.794,1002.97,1.76368,1.87143,8.07666,687.893,987.925,1.5105,1.92141,7.46428,663.861,1026.52,1.74346,2.01937,7.98357,687.912,1019.81,1.72436,0.411259,7.96154,685.216,717.564,1.88137,0.696308,7.91549,716.894,772.089,1.56804,0.64351,8.08219,651.321,759.555,1.88246,0.659453,7.90292,717.669,765.296,1.57129,0.602921,8.07386,652.225,752.13,1.92851,0.9697,7.87104,727.902,824.99,1.3597,0.817841,8.12088,611.41,791.22,1.94969,0.998374,7.88828,731.13,830.044,1.33955,0.844225,8.13292,607.317,795.867,1.90067,0.957427,7.85023,723.551,823.133,1.37072,0.793691,8.09446,614.275,787.233,1.83699,1.13763,7.69792,718.324,861.907,1.22271,0.723315,7.92526,591.661,777.043,1.47235,1.91126,7.46264,656.252,1024.57,1.76559,2.01895,7.951,693.435,1021.28,1.54865,1.93155,7.46592,671.468,1028.48,1.72133,2.01979,8.01613,682.435,1018.34,1.6108,1.88006,7.6344,676.817,1009.78,1.79052,1.88597,8.12867,690.752,988.384,1.5105,1.92141,7.46428,663.861,1026.52,1.74346,2.01937,7.98357,687.912,1019.81
87,2.9,1,472.864,808.892,0.471032,0.772167,6.44083,469.812,820.016,0.392592,0.767592,6.43358,451.629,819.152,0.549472,0.776741,6.44809,487.955,820.879,0.482212,0.373651,6.51777,471.092,726.081,0.487003,0.202858,6.55074,471.631,686.499,0.435704,1.17728,6.58245,459.391,908.555,0.548586,1.21038,6.50989,486.536,919.184,0.481737,1.57555,6.52528,470.855,1002.56,0.517483,1.52649,6.25916,484.143,1006.2,0.430793,1.6509,6.67609,456.892,1011.31,0.533535,1.66692,6.36214,485.922,1033.42,0.499483,0.0514785,6.69706,471.99,651.542,0.359676,0.215415,6.4448,443.8,690.189,0.648175,0.2428,6.58182,507.873,695.392,0.351023,0.181116,6.47204,441.44,682.02,0.635796,0.20192,6.59164,504.833,685.997,0.20356,0.37278,6.26883,408.758,729.291,0.76881,0.347458,6.81007,529.516,716.611,0.207031,0.389727,6.23654,409.846,733.834,0.789652,0.366505,6.82948,533.616,720.581,0.187551,0.367876,6.29911,404.708,727.693,0.740565,0.326652,6.80559,523.395,712.071,-0.040396,0.446508,6.2761,350.335,746.827,0.661041,0.209884,6.99353,501.93,685.064,0.457939,1.64645,6.70409,462.568,1008.77,0.502441,1.67031,6.38565,478.147,1032.77,0.403647,1.65535,6.64809,451.169,1013.88,0.564629,1.66353,6.33863,493.755,1034.07,0.491779,1.62016,6.48776,473.82,1014.98,0.512483,1.54756,6.20311,484.055,1014.61,0.430793,1.6509,6.67609,456.892,1011.31,0.533535,1.66692,6.36214,485.922,1033.42
87,2.9,2,662.476,842.615,1.58762,1.14562,8.03426,656.718,854.11,1.66686,1.14298,7.99922,672.892,854.553,1.50838,1.14825,8.06929,640.685,853.671,1.64309,0.74095,8.06967,665.736,777.872,1.66686,0.567521,8.08485,669.577,745.403,1.60995,1.36064,7.64603,676.168,907.207,1.51511,1.54287,7.92933,646.913,932.17,1.60907,1.75341,7.70987,673.38,981.491,1.69855,1.83349,8.13324,673.587,978.499,1.56246,1.85056,7.56476,670.139,1007.33,1.64052,1.95631,8.02461,666.974,1006.06,1.6655,0.367156,8.05895,670.319,708.409,1.82052,0.638545,8.01678,700.987,759.601,1.51089,0.591313,8.18408,637.209,748.49,1.81989,0.600735,8.00423,701.404,752.695,1.51521,0.550241,8.17585,638.28,741.056,1.85318,0.89686,7.90268,712.117,810.409,1.27519,0.736744,8.20146,593.468,774.886,1.87413,0.929644,7.9084,715.839,816.51,1.25021,0.759653,8.20966,588.664,778.942,1.82334,0.878353,7.88977,707.014,807.166,1.29159,0.712404,8.17814,597.144,770.802,1.72323,1.00538,7.70397,695.87,835.956,1.16911,0.594994,8.01106,579.133,751.523,1.52429,1.84595,7.55564,662.928,1006.85,1.65955,1.95497,7.99015,671.873,1007.39,1.60063,1.85518,7.57389,677.332,1007.8,1.6215,1.95765,8.05906,662.117,1004.75,1.62198,1.7934,7.74922,674.29,987.506,1.72683,1.85869,8.18059,676.962,981.166,1.56246,1.85056,7.56476,670.139,1007.33,1.64052,1.95631,8.02461,666.974,1006.06
88,2.93333,1,461.07,795.885,0.429293,0.726133,6.51543,458.936,807.346,0.350503,0.723723,6.5076,440.875,806.991,0.508083,0.728543,6.52325,476.954,807.7,0.430047,0.324294,6.58423,458.074,713.956,0.43037,0.152077,6.61372,457.71,674.527,0.391831,1.13136,6.64665,448.519,895.587,0.51277,1.15455,6.59874,476.682,902.722,0.43573,1.52494,6.57194,459.556,988.418,0.473114,1.44694,6.32566,472.306,983.469,0.373634,1.60295,6.71534,443.545,998.422,0.485662,1.60891,6.39191,474.09,1017.96,0.447605,-0.00372243,6.75535,459.492,639.173,0.299892,0.167089,6.50891,429.183,678.546,0.594198,0.193753,6.64808,494.208,683.762,0.29371,0.131418,6.53559,427.48,670.193,0.580869,0.151793,6.65201,491.12,674.264,0.124277,0.313857,6.34197,389.424,714.311,0.720083,0.241897,6.89362,516.848,692.69,0.128073,0.33047,6.30871,390.483,718.656,0.74267,0.261496,6.91406,521.289,696.79,0.108678,0.309312,6.37157,385.612,712.894,0.693827,0.219305,6.88869,511.237,687.803,-0.118895,0.385275,6.33404,331.815,731.334,0.667185,0.0770931,7.07656,501.569,656.358,0.399012,1.59996,6.74516,448.825,996.173,0.455123,1.61659,6.41516,466.528,1018.39,0.348256,1.60594,6.68552,438.218,1000.69,0.516202,1.60122,6.36865,481.707,1017.53,0.44707,1.56859,6.53304,462.755,1000.53,0.466058,1.45577,6.26707,471.665,988.796,0.373634,1.60295,6.71534,443.545,998.422,0.485662,1.60891,6.39191,474.09,1017.96
88,2.93333,2,651.366,835.623,1.55273,1.11976,8.12789,646.854,846.866,1.63273,1.11643,8.09208,662.968,847.164,1.47273,1.12309,8.16369,630.882,846.571,1.59617,0.714938,8.15199,654.008,771.688,1.61479,0.541443,8.16232,657.061,739.605,1.58231,1.34605,7.7578,666.264,900.534,1.47241,1.51707,8.05514,634.471,922.797,1.64048,1.71787,7.85293,673.676,968.475,1.6382,1.77865,8.29255,656.634,962.065,1.62419,1.84612,7.72536,675.69,998.825,1.59979,1.9132,8.18875,653.351,990.821,1.59654,0.340037,8.1219,655.165,702.865,1.77481,0.618559,8.09708,689.129,754.708,1.4552,0.561001,8.26161,624.485,741.963,1.7734,0.580196,8.08433,689.387,747.764,1.46428,0.519676,8.25322,626.406,734.548,1.77993,0.869877,7.96773,695.437,803.933,1.19243,0.656366,8.25703,576.845,759.362,1.79002,0.905642,7.96367,697.51,810.76,1.1624,0.673853,8.26087,571.287,762.485,1.75401,0.840015,7.96234,690.775,798.412,1.21536,0.632429,8.23869,581.509,755.265,1.60318,0.852352,7.78197,669.339,804.464,1.13566,0.459538,8.10381,570.426,725.148,1.58663,1.84987,7.71328,668.873,1000.12,1.62252,1.91317,8.15644,658.698,992.205,1.66175,1.84236,7.73745,682.485,997.536,1.57706,1.91324,8.22106,648.046,989.449,1.65749,1.74765,7.89805,675.118,972.26,1.6617,1.79839,8.34439,659.021,963.617,1.62419,1.84612,7.72536,675.69,998.825,1.59979,1.9132,8.18875,653.351,990.821
89,2.96667,1,449.232,780.294,0.384257,0.663628,6.56406,447.901,791.808,0.304114,0.66335,6.55672,429.645,791.914,0.464399,0.663906,6.57139,466.115,791.702,0.373849,0.256261,6.6232,444.756,698.097,0.369389,0.0816753,6.64855,443.426,658.446,0.339881,1.0771,6.68489,436.344,881.938,0.481931,1.09067,6.65176,468.791,886.207,0.382629,1.46653,6.59035,447.179,974.138,0.435673,1.35991,6.35738,462.902,961.2,0.313433,1.54042,6.73086,429.922,983.647,0.434366,1.52821,6.40644,461.808,998.187,0.38646,-0.0790519,6.78196,445.564,622.498,0.240117,0.101347,6.54899,415.054,663.237,0.53135,0.119075,6.67967,479.445,666.768,0.233306,0.0647864,6.57468,413.284,654.796,0.5182,0.0773319,6.68114,476.463,657.38,0.0517298,0.244166,6.39159,372.153,697.361,0.659537,0.126806,6.93039,502.897,667.474,0.0542215,0.2594,6.35751,372.806,701.267,0.681763,0.146524,6.95231,507.247,671.646,0.0378297,0.241288,6.42159,368.846,696.42,0.635867,0.102884,6.92398,497.896,662.312,-0.190807,0.324384,6.3878,315.148,716.252,0.645941,-0.0581573,7.10378,496.536,627.707,0.337693,1.53747,6.76157,434.992,981.43,0.403151,1.5356,6.42885,454.162,998.663,0.289173,1.54338,6.70015,424.806,985.884,0.465581,1.52083,6.38403,469.507,997.707,0.394846,1.51024,6.55115,450.501,986.154,0.428787,1.36208,6.29826,462.227,964.731,0.313433,1.54042,6.73086,429.922,983.647,0.434366,1.52821,6.40644,461.808,998.187
89,2.96667,2,640.053,823.19,1.48975,1.04556,8.04894,637.918,835.054,1.56723,1.04077,8.01039,653.779,835.093,1.41227,1.05036,8.08748,622.208,835.015,1.51199,0.633886,8.05737,641.771,758.13,1.52152,0.457452,8.06099,643.42,725.212,1.51287,1.3001,7.70058,654.999,893.51,1.38119,1.42484,7.9294,621.551,909.816,1.64867,1.65438,7.78584,677.959,959.061,1.55572,1.66442,8.18353,645.453,945.396,1.6006,1.75325,7.64561,674.349,984.33,1.50603,1.78774,8.07544,640.033,972.414,1.5049,0.251145,8.02463,641.596,686.994,1.68007,0.52557,7.99394,675.579,738.722,1.37069,0.472757,8.16074,612.204,726.986,1.67507,0.484544,7.98249,675.091,731.146,1.38247,0.43193,8.15156,614.658,719.564,1.66347,0.732036,7.80718,679.936,780.793,1.09703,0.508885,8.11845,562.903,734.122,1.66378,0.759664,7.78905,680.74,786.447,1.06479,0.518428,8.11618,556.994,735.913,1.64421,0.698992,7.81795,675.797,774.252,1.12636,0.48902,8.1069,568.625,730.576,1.48521,0.581127,7.70204,649.55,753.294,1.10981,0.286727,7.99602,568.409,693.844,1.56127,1.75608,7.64332,666.717,984.989,1.5272,1.78649,8.04227,645.141,973.552,1.63993,1.75042,7.6479,681.977,983.671,1.48486,1.78898,8.10861,634.967,971.286,1.67935,1.6894,7.81983,682.467,964.398,1.58012,1.68652,8.23425,648.143,947.546,1.6006,1.75325,7.64561,674.349,984.33,1.50603,1.78774,8.07544,640.033,972.414
90,3,1,437.281,763.293,0.335352,0.59155,6.60009,436.294,774.581,0.254335,0.592149,6.59495,417.908,774.822,0.416369,0.59095,6.60523,454.653,774.34,0.319488,0.183436,6.66613,431.965,681.319,0.312689,0.00853074,6.69443,430.136,641.913,0.28448,1.00747,6.72555,423.513,864.929,0.447266,1.01832,6.68801,460.418,868.628,0.330722,1.39089,6.6116,435.11,955.884,0.388736,1.24016,6.35887,451.795,932.846,0.26202,1.47663,6.74621,418.32,968.666,0.395837,1.41479,6.37227,453.275,973.382,0.336871,-0.149337,6.8295,434.066,607.166,0.181613,0.0336131,6.60078,401.314,647.646,0.473387,0.0419859,6.71333,465.882,649.391,0.173886,-0.00354922,6.62672,399.401,639.196,0.460739,0.000314832,6.71506,463.026,640.07,-0.0152676,0.175352,6.45194,356.447,680.81,0.6041,0.0284445,6.96283,490.276,646.134,-0.0128138,0.190177,6.4177,357.002,684.496,0.624062,0.0475614,6.98699,494.116,650.221,-0.0286686,0.173125,6.48132,353.358,680.109,0.58362,0.00300837,6.95356,486.028,640.65,-0.258174,0.262063,6.44174,299.82,701.086,0.619287,-0.177873,7.11455,490.703,602.459,0.285806,1.47502,6.77736,423.322,966.799,0.366747,1.42773,6.39498,446.113,975.235,0.238234,1.47824,6.71506,413.272,970.55,0.424926,1.40186,6.34957,460.488,971.515,0.344385,1.43139,6.5699,438.71,967.145,0.377717,1.23046,6.30136,450.007,933.209,0.26202,1.47663,6.74621,418.32,968.666,0.395837,1.41479,6.37227,453.275,973.382
90,3,2,628.511,805.387,1.42213,0.956278,7.96909,627.963,820.185,1.50272,0.951313,7.93412,644.394,820.039,1.34155,0.961243,8.00405,611.675,820.329,1.42921,0.537688,7.96849,629.316,741.32,1.43224,0.358292,7.96824,629.896,707.518,1.43746,1.18739,7.59709,644.112,874.688,1.28664,1.28877,7.75246,609.206,889.619,1.54374,1.55808,7.67743,661.926,944.73,1.45536,1.53428,8.01224,632.747,927.536,1.50401,1.64708,7.52891,659.958,968.492,1.41963,1.66235,7.90523,629.652,955.755,1.41179,0.162008,7.90591,628.14,670.77,1.59246,0.412347,7.91162,662.235,718.26,1.28632,0.372759,8.06664,599.441,709.387,1.58344,0.369614,7.90366,660.827,710.22,1.30181,0.333131,8.05768,602.594,702.079,1.59563,0.552544,7.67503,672.172,748.101,1.01831,0.333786,8.00404,551.035,702.618,1.5943,0.567118,7.64944,672.956,751.323,0.985311,0.334751,7.99935,544.953,702.836,1.57931,0.525081,7.69695,668.099,742.435,1.05182,0.321007,7.9962,557.516,700.28,1.45617,0.341926,7.65855,645.5,707.039,1.08921,0.114773,7.90728,566.837,661.795,1.46505,1.64748,7.52289,652.422,968.835,1.44261,1.66047,7.87342,635.125,956.673,1.54296,1.64667,7.53493,667.481,968.149,1.39665,1.66423,7.93703,624.223,954.845,1.56882,1.59712,7.71232,665.443,950.953,1.47783,1.55452,8.06502,635.145,929.423,1.50401,1.64708,7.52891,659.958,968.492,1.41963,1.66235,7.90523,629.652,955.755
91,3.03333,1,427.704,745.612,0.289979,0.511495,6.51078,426.877,757.964,0.208819,0.512282,6.50219,408.223,758.302,0.371139,0.510707,6.51936,445.482,757.628,0.272067,0.0968856,6.5555,422.318,662.192,0.26439,-0.0808039,6.57467,420.383,621.546,0.229173,0.932975,6.61769,412,851.693,0.413082,0.925635,6.64903,453.287,849.038,0.280839,1.3189,6.50043,424.872,944.657,0.3627,1.15551,6.31979,446.176,914.545,0.202668,1.40374,6.63073,405.895,957.882,0.368868,1.33206,6.32039,447.633,956.462,0.289052,-0.237115,6.7104,424.68,586.942,0.131586,-0.0467727,6.48139,390.485,629.164,0.425086,-0.0534055,6.5974,456.749,627.845,0.123753,-0.0858598,6.50509,388.566,620.181,0.410892,-0.0940176,6.59462,453.558,618.593,-0.0747762,0.0994337,6.35375,342.328,663.499,0.558793,-0.124061,6.83551,482.75,612.747,-0.0740702,0.114594,6.31895,342.399,667.231,0.580757,-0.106408,6.86105,487.1,616.712,-0.0859835,0.097384,6.38413,339.777,662.905,0.538051,-0.147755,6.82491,478.377,607.492,-0.312715,0.193519,6.3587,286.155,685.698,0.593268,-0.334174,6.97526,487.713,568.062,0.224501,1.40251,6.66339,410.59,956.047,0.33982,1.34641,6.34243,440.452,958.76,0.180834,1.40497,6.59807,401.153,959.736,0.397915,1.31771,6.29835,454.865,954.148,0.296886,1.3599,6.45935,429.015,956.126,0.351822,1.14269,6.26301,444.35,913.96,0.202668,1.40374,6.63073,405.895,957.882,0.368868,1.33206,6.32039,447.633,956.462
91,3.03333,2,623.169,781.59,1.34448,0.800599,7.67531,623.028,796.625,1.4226,0.794611,7.6361,639.74,796.252,1.26636,0.806587,7.71451,606.486,796.995,1.35121,0.382432,7.67445,624.374,714.825,1.3541,0.203217,7.67409,624.951,679.763,1.35131,1.03179,7.29069,638.311,852.504,1.2043,1.14386,7.46343,602.292,870.133,1.45816,1.41609,7.35261,657.787,929.196,1.37946,1.41355,7.70995,628.658,915.298,1.42052,1.51571,7.20743,655.945,955.776,1.33592,1.54116,7.60242,623.858,944.396,1.33953,-0.00510037,7.63341,623.497,638.997,1.50309,0.260261,7.61102,656.542,691.346,1.21969,0.219012,7.772,595.645,682.313,1.49775,0.214404,7.60782,655.612,682.317,1.23217,0.17854,7.76637,598.229,674.519,1.54657,0.303773,7.33659,676.532,702.172,0.959985,0.136539,7.69092,547.425,666.658,1.55356,0.312335,7.30614,679.287,704.191,0.924557,0.136848,7.68548,540.637,666.737,1.52449,0.282099,7.36097,670.98,697.545,0.994421,0.124589,7.68433,554.315,664.345,1.41558,0.085647,7.31958,650.395,657.57,1.01917,-0.0906523,7.59888,561.391,622.087,1.3816,1.51739,7.20121,648.084,956.398,1.35793,1.53984,7.56986,629.359,945.444,1.45945,1.51404,7.21365,663.792,955.155,1.31391,1.54248,7.63498,618.404,943.358,1.48343,1.4543,7.38862,661.471,935.552,1.40316,1.43619,7.7617,631.452,917.842,1.42052,1.51571,7.20743,655.945,955.776,1.33592,1.54116,7.60242,623.858,944.396
92,3.06667,1,415.193,718.728,0.231423,0.376471,6.1758,416.267,731.534,0.15144,0.377234,6.15745,396.93,731.993,0.311406,0.375708,6.19415,435.49,731.078,0.20484,-0.0367914,6.2186,409.461,631.116,0.193447,-0.213904,6.23694,406.573,588.502,0.156037,0.802806,6.26762,397.382,832.331,0.346696,0.783341,6.35497,441.918,825.089,0.215553,1.19147,6.14964,412.632,930.92,0.314644,1.03433,6.03382,438.301,897.401,0.14064,1.26964,6.28574,393.597,943.297,0.343307,1.20555,6.06156,445.044,938.637,0.212745,-0.370293,6.37256,410.129,552.748,0.0625286,-0.173457,6.13618,375.301,597.554,0.351413,-0.190779,6.27141,444.139,594.322,0.0530991,-0.213286,6.15823,372.947,587.995,0.336204,-0.230565,6.26636,440.562,584.752,-0.141472,-0.00357485,6.02942,324.768,639.11,0.480354,-0.284003,6.50908,470.811,574.484,-0.142359,0.0142856,5.99563,324.347,643.578,0.501723,-0.265613,6.53562,475.271,578.975,-0.150793,-0.00734866,6.06083,322.641,638.179,0.461004,-0.307638,6.49807,466.528,568.912,-0.375181,0.104464,6.06238,267.073,665.874,0.530901,-0.490885,6.65627,479.764,529.263,0.163043,1.26636,6.31791,398.75,940.973,0.31535,1.22021,6.08482,437.819,941.113,0.118237,1.27292,6.25358,388.39,945.644,0.371264,1.19089,6.0383,452.323,936.141,0.231653,1.23423,6.10986,416.931,943.326,0.303886,1.03015,5.97479,436.371,898.893,0.14064,1.26964,6.28574,393.597,943.297,0.343307,1.20555,6.06156,445.044,938.637
92,3.06667,2,620.89,742.907,1.27065,0.573448,7.36655,619.004,756.889,1.34779,0.56703,7.3266,636.224,756.211,1.19352,0.579866,7.40651,601.969,757.559,1.28186,0.155727,7.3743,621.012,671.709,1.28666,-0.0232956,7.37761,621.872,635.259,1.30972,0.847962,7.00931,640.573,821.654,1.14625,0.947838,7.19817,599.111,837.722,1.4039,1.245,7.03401,659.691,905.772,1.32285,1.25054,7.41178,627.997,893.347,1.36246,1.35238,6.89255,656.815,934.62,1.27604,1.37801,7.30261,622.379,923.347,1.26316,-0.226904,7.33174,618.699,593.53,1.43604,0.0280142,7.31743,654.679,645.749,1.15987,-0.00724041,7.48161,592.786,638.547,1.4289,-0.0175009,7.32012,653.108,636.41,1.17449,-0.0466658,7.47618,595.891,630.627,1.51626,0.00473487,7.0482,683.026,641.009,0.89775,-0.11641,7.44598,541.041,616.525,1.52804,0.00824153,7.01725,686.972,641.764,0.860412,-0.114399,7.44626,533.505,616.931,1.49196,-0.0137532,7.07305,676.732,637.08,0.929967,-0.130749,7.43592,547.791,613.597,1.40646,-0.228443,7.04761,659.659,591.328,0.913148,-0.361609,7.37708,545.866,566.397,1.32346,1.3538,6.88681,648.559,935.174,1.2966,1.37573,7.26918,627.833,924.178,1.40146,1.35097,6.89828,665.058,934.068,1.25548,1.38029,7.33604,616.975,922.522,1.42848,1.28349,7.06933,663.416,912.619,1.34879,1.27584,7.46106,631.448,896.766,1.36246,1.35238,6.89255,656.815,934.62,1.27604,1.37801,7.30261,622.379,923.347
93,3.1,1,404.545,697.649,0.180286,0.277854,5.80391,406.643,711.885,0.101047,0.279088,5.78274,386.238,712.469,0.259525,0.27662,5.82509,426.899,711.306,0.15003,-0.13308,5.84175,398.564,605.793,0.137063,-0.309194,5.85796,395.133,560.745,0.0957858,0.699479,5.90638,384.351,817.826,0.295287,0.669993,6.01488,433.716,807.258,0.159224,1.08373,5.78837,401.304,921.131,0.276001,0.952198,5.72391,432.404,889.791,0.0870126,1.16482,5.92414,382.055,935.241,0.319942,1.10966,5.78438,443.053,928.054,0.16046,-0.453927,6.00215,400.142,526.441,0.00462626,-0.267284,5.7581,361.206,570.299,0.293564,-0.287314,5.88846,434.859,566.735,-0.00528541,-0.306832,5.77997,358.627,560.289,0.278151,-0.326741,5.88327,430.991,556.607,-0.189372,-0.0760689,5.6646,309.802,619.836,0.424584,-0.386259,6.12435,464.099,545.298,-0.18894,-0.0575217,5.63146,309.621,624.663,0.444156,-0.368864,6.15223,468.404,549.972,-0.198537,-0.0795484,5.69514,307.654,619.027,0.407062,-0.410042,6.11154,460.012,539.256,-0.412754,0.0552973,5.69653,251.201,654.576,0.484985,-0.600448,6.25935,476.343,495.958,0.10948,1.16125,5.95615,387.6,932.752,0.293076,1.12211,5.81,435.744,930.002,0.0645456,1.1684,5.89212,376.449,937.756,0.346809,1.0972,5.75877,450.428,926.089,0.175835,1.12548,5.74842,405.93,933.99,0.265634,0.95937,5.66488,430.41,894.295,0.0870126,1.16482,5.92414,382.055,935.241,0.319942,1.10966,5.78438,443.053,928.054
93,3.1,2,622.51,711.473,1.20921,0.390074,7.07178,616.753,722.825,1.28749,0.385432,7.03451,634.823,722.273,1.13093,0.394715,7.10905,598.872,723.371,1.23137,-0.0281779,7.09038,620.772,634.033,1.24086,-0.207429,7.09836,622.487,596.121,1.31353,0.749695,6.8307,648.746,804.802,1.14204,0.804579,7.02662,604.048,811.935,1.38982,1.15121,6.81984,666.003,893.467,1.28705,1.15014,7.19282,628.682,880.1,1.34625,1.27486,6.6879,662.26,926.231,1.25333,1.29213,7.08831,625.5,913.72,1.22554,-0.407856,7.03517,621.575,552.949,1.39451,-0.153465,7.04873,657.067,607.308,1.11008,-0.19589,7.20021,591.5,599.148,1.38765,-0.199133,7.05263,655.442,597.603,1.12789,-0.234235,7.19471,595.394,591.114,1.52155,-0.190594,6.7977,696.099,597.899,0.856642,-0.334837,7.20672,538.486,570.235,1.54068,-0.183479,6.76823,701.805,599.294,0.817557,-0.328654,7.21352,530.182,571.588,1.49443,-0.212267,6.81689,689.18,593.244,0.885412,-0.351833,7.19282,544.837,566.552,1.45058,-0.435717,6.75332,682.527,543.121,0.812789,-0.584488,7.16282,530.387,517.472,1.3071,1.27671,6.68229,653.715,926.886,1.27513,1.29073,7.05545,631.377,914.698,1.38541,1.27302,6.6935,670.79,925.578,1.23152,1.29353,7.12118,619.676,912.752,1.41259,1.18747,6.85658,669.351,900.05,1.3121,1.17395,7.24168,632.063,883.419,1.34625,1.27486,6.6879,662.26,926.231,1.25333,1.29213,7.08831,625.5,913.72
94,3.13333,1,394.153,685.031,0.133673,0.216914,5.57322,396.015,698.442,0.0553037,0.217241,5.55123,374.959,698.762,0.212042,0.216587,5.5952,416.905,698.125,0.108603,-0.193276,5.60172,389.111,588.192,0.0978587,-0.369072,5.61393,386.174,541.284,0.0479131,0.646258,5.66105,372.709,811.416,0.243792,0.618424,5.77874,423.347,800.693,0.105819,1.0311,5.53021,388.732,919.963,0.240079,0.936182,5.51993,425.308,894.665,0.0315962,1.12448,5.65828,368.385,938.409,0.284195,1.08372,5.60278,436.165,930.441,0.117923,-0.527238,5.74731,390.809,502.252,-0.0393814,-0.319345,5.52165,349.291,553.157,0.254543,-0.345744,5.64522,427.705,548.036,-0.0492822,-0.360047,5.54165,346.647,542.442,0.239809,-0.385342,5.63924,423.854,537.395,-0.23185,-0.111473,5.46018,296.241,609.345,0.383617,-0.453598,5.88096,457.947,524.185,-0.232218,-0.091338,5.42798,295.761,614.733,0.404243,-0.435142,5.90791,462.743,529.404,-0.239134,-0.115703,5.49025,294.598,608.356,0.366127,-0.477024,5.86984,453.659,517.973,-0.445187,0.0365894,5.50604,238.593,649.978,0.454133,-0.658939,6.02946,473.096,475.9,0.0535203,1.12321,5.69081,374.122,936.366,0.256361,1.09355,5.62847,428.392,931.738,0.009672,1.12576,5.62574,362.582,940.476,0.312029,1.07389,5.5771,444.01,929.132,0.12277,1.07019,5.48798,393.591,932.815,0.23261,0.951997,5.46199,423.947,901.714,0.0315962,1.12448,5.65828,368.385,938.409,0.284195,1.08372,5.60278,436.165,930.441
94,3.13333,2,621.509,686.893,1.15603,0.257863,6.845,613.593,696.566,1.23177,0.25297,6.81109,631.554,695.769,1.08028,0.262756,6.87891,595.81,697.356,1.18816,-0.156102,6.8661,619.841,605.862,1.20193,-0.333515,6.87515,622.507,567.159,1.28618,0.661706,6.69997,648.252,788.298,1.12017,0.684964,6.82869,606.314,790.617,1.37042,1.06596,6.75077,664.82,877.099,1.20862,1.08696,6.88733,623.501,876.976,1.34627,1.20375,6.62725,665.03,912.738,1.19088,1.23996,6.7823,623.653,914.52,1.19695,-0.535591,6.828,623.224,522.217,1.35205,-0.271783,6.82861,657.306,580.237,1.06693,-0.329246,6.97097,589.819,569.08,1.34792,-0.31818,6.83118,656.286,570.061,1.08648,-0.366865,6.96645,594.182,560.925,1.51291,-0.285352,6.58895,704.777,574.971,0.81187,-0.478319,6.96923,534.922,536.943,1.53469,-0.272043,6.56245,711.153,577.754,0.772845,-0.466833,6.97564,526.361,539.511,1.48842,-0.312845,6.6026,698.496,568.853,0.837044,-0.498191,6.95686,540.667,532.471,1.50602,-0.538748,6.50826,707.463,515.702,0.708227,-0.721125,6.94152,513.201,484.009,1.30821,1.20698,6.61697,656.866,913.895,1.21565,1.23942,6.75164,630.361,915.646,1.38433,1.20052,6.63752,673.168,911.585,1.1661,1.24051,6.81296,617.005,913.404,1.38865,1.0976,6.79416,666.901,882.579,1.22902,1.11253,6.93377,626.153,880.926,1.34627,1.20375,6.62725,665.03,912.738,1.19088,1.23996,6.7823,623.653,914.52
95,3.16667,1,381.021,677.057,0.0836844,0.182288,5.42055,383.182,690.496,0.00534672,0.182054,5.39821,361.487,690.64,0.162022,0.182522,5.4429,404.698,690.353,0.0611787,-0.227262,5.45079,376.853,577.395,0.0515334,-0.402784,5.46375,374.163,529.306,-0.00950968,0.614319,5.49593,357.402,807.84,0.186512,0.588394,5.61979,409.834,797.214,0.0454572,1.00175,5.35916,372.736,920.677,0.198939,0.943297,5.40664,415.25,901.978,-0.0245362,1.10732,5.48243,353.28,943.279,0.234828,1.07599,5.51606,423.924,932.901,0.0809115,-0.561545,5.59591,381.711,489.32,-0.0853119,-0.355433,5.37154,336.152,540.642,0.206866,-0.381721,5.49289,416.55,535.651,-0.0967194,-0.394815,5.39235,333.067,530.059,0.191609,-0.420613,5.48694,412.436,524.895,-0.260644,-0.137317,5.30344,286.204,601.121,0.339388,-0.502603,5.71927,449.104,508.044,-0.261151,-0.118099,5.27062,285.6,606.355,0.363628,-0.48342,5.74314,455.072,513.608,-0.266959,-0.140214,5.33469,284.859,600.534,0.320145,-0.524687,5.71173,444.163,502.065,-0.460767,0.0254447,5.36067,230.936,647.127,0.418749,-0.6948,5.88241,466.891,462.643,-0.00230365,1.10728,5.51483,359.373,941.487,0.204829,1.08183,5.54056,415.511,933.19,-0.0467687,1.10736,5.45004,347.115,945.093,0.264826,1.07014,5.49157,432.412,932.61,0.0626629,1.03859,5.3152,377.702,933.405,0.196113,0.969034,5.35167,415.025,911.889,-0.0245362,1.10732,5.48243,353.28,943.279,0.234828,1.07599,5.51606,423.924,932.901
95,3.16667,2,614.038,667.408,1.08991,0.16442,6.68207,604.92,676.947,1.16428,0.157308,6.64851,622.952,675.528,1.01555,0.171531,6.71562,587.068,678.353,1.12752,-0.247453,6.71299,612.204,584.65,1.14364,-0.423969,6.72624,615.305,545.354,1.21984,0.568085,6.52136,640.871,770.803,1.06481,0.596007,6.64224,600.714,774.735,1.29794,0.978532,6.5498,657.558,864.331,1.14905,1.00555,6.65971,619.076,866.719,1.28235,1.10724,6.41616,660.106,899.126,1.12179,1.14582,6.53997,617.561,903.076,1.15106,-0.62029,6.68658,618.486,500.706,1.29086,-0.356096,6.67109,650.553,559.848,1.00936,-0.430984,6.82491,582.07,545.179,1.28859,-0.402315,6.67183,650.009,549.455,1.03243,-0.465624,6.81756,587.392,537.447,1.45877,-0.310602,6.43951,700.155,567.574,0.771759,-0.598595,6.87616,528.53,509.284,1.48049,-0.285233,6.42027,706.254,573.29,0.739517,-0.584841,6.89952,520.943,512.72,1.43775,-0.342496,6.44155,695.148,560.162,0.786261,-0.616113,6.8536,532.263,505.015,1.501,-0.505563,6.26788,719.585,518.885,0.61417,-0.810419,6.87543,494.132,463.009,1.24514,1.10954,6.40294,651.999,900.2,1.14633,1.14365,6.50918,624.438,903.822,1.31956,1.10495,6.42938,668.18,898.056,1.09726,1.14798,6.57076,610.748,902.337,1.31272,1.01364,6.59242,658.998,870.876,1.16847,1.03726,6.70299,621.754,872.359,1.28235,1.10724,6.41616,660.106,899.126,1.12179,1.14582,6.53997,617.561,903.076
96,3.2,1,375.164,666.91,0.0598519,0.139825,5.29863,376.961,679.624,-0.0168633,0.139786,5.27451,355.199,679.795,0.136567,0.139863,5.32276,398.526,679.456,0.0417418,-0.266003,5.32643,371.767,565.012,0.0339803,-0.439929,5.33834,369.558,516.257,-0.035395,0.574009,5.35995,350.084,800.805,0.160022,0.553448,5.47957,403.851,791.661,0.0163122,0.956353,5.2077,364.703,915.749,0.183558,0.942992,5.33898,411.625,905.211,-0.0555329,1.07132,5.323,344.335,942.207,0.223242,1.04029,5.48022,421.167,925.037,0.0681359,-0.600571,5.46736,378.713,475.059,-0.1006,-0.394118,5.242,331.183,527.106,0.186519,-0.41981,5.37123,412.143,522.639,-0.11289,-0.433071,5.26257,327.789,516.432,0.171428,-0.457892,5.36345,407.993,511.808,-0.266648,-0.168827,5.17517,282.633,591.015,0.314407,-0.556938,5.59223,444.421,490.458,-0.269779,-0.148845,5.14337,281.24,596.546,0.335265,-0.537111,5.61835,449.603,496.452,-0.270391,-0.172402,5.20795,282.041,590.293,0.298453,-0.579434,5.58288,440.271,484.157,-0.455064,-0.00505757,5.26713,230.27,638.558,0.411928,-0.744573,5.7553,467.472,445.741,-0.0339734,1.07298,5.35579,350.475,940.824,0.193091,1.04102,5.50519,412.666,923.943,-0.0770924,1.06966,5.29022,338.118,943.608,0.253393,1.03957,5.45525,429.746,926.141,0.0340573,0.990331,5.16233,369.906,928.056,0.182659,0.982251,5.29266,411.822,918.671,-0.0555329,1.07132,5.323,344.335,942.207,0.223242,1.04029,5.48022,421.167,925.037
96,3.2,2,613.675,649.12,1.05635,0.0831944,6.50615,603.796,659.201,1.13247,0.0727981,6.47514,622.616,656.882,0.980229,0.0935907,6.53716,585.155,661.497,1.09627,-0.325247,6.53469,611.903,565.264,1.11337,-0.500293,6.54692,615.356,525.256,1.18899,0.485863,6.36194,640.627,754.674,1.02679,0.501577,6.40296,600.793,757.625,1.26755,0.894472,6.39878,657.448,849.9,1.12358,0.907643,6.40297,623.491,852.851,1.26876,1.01909,6.26091,664.289,884.408,1.11358,1.03191,6.26535,626.883,887.31,1.14213,-0.696849,6.5123,623.344,479.326,1.26124,-0.424066,6.48746,651.922,541.847,0.97748,-0.521214,6.64334,580.935,522.193,1.26058,-0.470208,6.48612,651.829,531.145,1.00306,-0.553434,6.63351,587.052,514.725,1.40376,-0.332476,6.25596,696.931,560.199,0.751727,-0.699622,6.69263,528.658,483.033,1.42058,-0.301017,6.24019,701.83,567.567,0.721201,-0.687897,6.7194,521.164,486.278,1.38732,-0.366585,6.25375,693.103,551.981,0.764467,-0.714958,6.66789,532.152,478.997,1.46112,-0.483626,6.0499,722.643,519.966,0.593886,-0.909806,6.68884,493.32,435.76,1.23308,1.02226,6.24405,656.53,885.832,1.14143,1.02566,6.2381,634.752,886.884,1.30444,1.01591,6.27778,672.006,882.992,1.08574,1.03817,6.29261,619.082,887.732,1.27863,0.930315,6.44227,658.021,856.837,1.13867,0.943737,6.44515,625.282,859.867,1.26876,1.01909,6.26091,664.289,884.408,1.11358,1.03191,6.26535,626.883,887.31
97,3.23333,1,378.675,658.323,0.0712505,0.107107,5.24509,380.398,670.662,-0.00488103,0.10669,5.2204,358.596,670.688,0.147382,0.107524,5.26979,401.995,670.637,0.057638,-0.298504,5.27189,376.417,554.979,0.0518041,-0.472337,5.28338,374.723,505.76,-0.0288121,0.543124,5.27063,351.792,794.732,0.170693,0.526641,5.40157,407.45,786.399,0.0166814,0.918211,5.10124,364.91,910.277,0.19492,0.933109,5.32333,414.982,903.204,-0.0469716,1.04591,5.2097,346.462,941.455,0.239053,0.991781,5.48263,425.471,911.625,0.0899207,-0.638845,5.40517,384.98,462.529,-0.0859145,-0.42897,5.19311,335.158,515.966,0.201639,-0.454059,5.30656,417.056,511.518,-0.0981442,-0.467461,5.21389,331.735,505.375,0.186304,-0.490135,5.29763,412.806,501.076,-0.245296,-0.201006,5.13763,288.308,581.253,0.335953,-0.634002,5.48641,451.946,466.482,-0.253562,-0.179133,5.10906,285.478,587.352,0.356396,-0.618398,5.51536,457.029,471.641,-0.243174,-0.206954,5.17206,289.401,579.917,0.321237,-0.65451,5.47372,448.122,460.454,-0.401522,-0.0520546,5.29095,246.049,625.227,0.450794,-0.838423,5.61316,480.591,415.716,-0.0243904,1.04863,5.24174,353.013,940.394,0.20915,0.987672,5.50759,417.021,909.274,-0.0695528,1.04318,5.17767,339.829,942.53,0.268956,0.995891,5.45768,433.997,913.997,0.0335333,0.948313,5.05361,369.964,921.769,0.194258,0.982148,5.28718,415.169,918.93,-0.0469716,1.04591,5.2097,346.462,941.455,0.239053,0.991781,5.48263,425.471,911.625
97,3.23333,2,620.251,630.899,1.03768,0.00918904,6.27868,608.163,642.198,1.11607,-0.000128746,6.26252,627.598,639.969,0.959288,0.0185068,6.29484,588.827,644.415,1.08858,-0.388358,6.33082,618.191,547.888,1.11039,-0.558736,6.35317,622.439,507.944,1.15995,0.379901,6.05099,647.843,734.273,1.00897,0.385407,6.06244,609.905,735.458,1.23951,0.785673,6.11397,664.416,832.957,1.10393,0.790179,6.02174,635.271,837.036,1.26797,0.907143,5.97862,678.456,867.834,1.11509,0.903695,5.87519,644.991,870.963,1.145,-0.754669,6.34465,630.983,461.396,1.25642,-0.476539,6.29575,659.66,526.344,0.975754,-0.578842,6.4353,587.674,504.938,1.2612,-0.521277,6.29169,660.996,515.593,1.00108,-0.610072,6.4287,593.823,497.505,1.33916,-0.334745,6.06414,691.593,557.113,0.776581,-0.776727,6.49797,539.453,460.513,1.35167,-0.299357,6.05501,695.196,565.763,0.743466,-0.766267,6.5199,531.223,463.525,1.32383,-0.366628,6.05591,688.243,549.095,0.792901,-0.793359,6.47757,543.802,456.092,1.35752,-0.407407,5.81313,710.655,534.765,0.651114,-1.00663,6.52042,509.942,408.188,1.23576,0.911228,5.95621,671.535,869.721,1.14674,0.896076,5.85315,654.185,869.878,1.30017,0.903058,6.00103,685.325,865.961,1.08344,0.911314,5.89724,635.866,872.04,1.2456,0.821021,6.15929,663.662,840.155,1.11234,0.82983,6.06193,635.53,845.552,1.26797,0.907143,5.97862,678.456,867.834,1.11509,0.903695,5.87519,644.991,870.963
98,3.26667,1,380.564,654.138,0.0759386,0.0929222,5.18611,381.987,666.904,0.000312477,0.0913698,5.16138,360.091,666.582,0.151565,0.0944747,5.21084,403.675,667.224,0.0688674,-0.312607,5.20809,379.855,549.871,0.0658368,-0.486406,5.21751,378.947,500.016,-0.0314422,0.527139,5.20737,350.934,792.002,0.169849,0.512864,5.34363,407.727,784.115,0.00939254,0.896719,5.03434,362.801,907.459,0.193482,0.920276,5.29643,414.853,900.902,-0.0552366,1.03364,5.13158,343.837,942.456,0.232689,0.969979,5.46027,423.989,906.741,0.0989313,-0.654228,5.33754,387.831,455.952,-0.0694238,-0.445112,5.12757,339.67,509.653,0.21383,-0.470141,5.23891,421.287,505.25,-0.0814751,-0.483802,5.14782,336.235,498.88,0.198671,-0.505024,5.22887,417.052,494.974,-0.231673,-0.218646,5.07815,291.497,575.348,0.3349,-0.667993,5.40982,452.955,454.591,-0.243443,-0.195826,5.05287,287.656,581.806,0.356269,-0.656967,5.44005,458.337,458.664,-0.225213,-0.226444,5.11262,293.856,573.494,0.318404,-0.686261,5.39489,448.621,448.993,-0.360886,-0.0893734,5.26736,257.123,614.522,0.426452,-0.893867,5.51279,476.156,396.531,-0.0336415,1.03809,5.16406,350.218,941.847,0.202127,0.964491,5.4841,415.343,904.08,-0.0768316,1.02919,5.0991,337.375,943.072,0.263252,0.975466,5.43645,432.711,909.426,0.0273683,0.923481,4.98608,368.242,918.107,0.193662,0.971139,5.26381,415.244,917.028,-0.0552366,1.03364,5.13158,343.837,942.456,0.232689,0.969979,5.46027,423.989,906.741
98,3.26667,2,623.628,620.776,1.03118,-0.0259524,6.1929,610.026,633.707,1.10963,-0.0332,6.18745,629.284,631.943,0.952736,-0.0187048,6.19834,590.802,635.469,1.08136,-0.427606,6.23655,620.356,537.046,1.10286,-0.599744,6.25525,624.739,496.033,1.16484,0.339032,5.96288,653.328,725.374,1.01221,0.328966,5.93829,615.947,723.183,1.23163,0.738924,6.04159,666.106,823.65,1.10186,0.720627,5.84514,643.058,825.122,1.28018,0.863513,5.91492,684.986,859.211,1.11524,0.819531,5.68774,654.422,856.356,1.11803,-0.801248,6.26455,627.981,447.948,1.24921,-0.511574,6.21046,662.033,516.312,0.969679,-0.621362,6.32028,590.374,492.378,1.25738,-0.555553,6.20203,664.421,505.496,0.994403,-0.651351,6.31603,596.408,485.149,1.30642,-0.336213,5.99649,687.137,555.81,0.789946,-0.842794,6.35758,546.573,440.946,1.31991,-0.302039,5.98858,690.951,564.268,0.754268,-0.834986,6.37507,537.657,443.331,1.28615,-0.365795,5.98811,682.51,548.274,0.808908,-0.857659,6.34021,551.575,436.88,1.25579,-0.386518,5.74499,688.225,538.976,0.67409,-1.07824,6.37396,518.8,385.991,1.25177,0.868045,5.88802,679.224,861.368,1.1475,0.810575,5.66724,664.035,854.765,1.3086,0.858981,5.94182,690.696,857.074,1.08298,0.828487,5.70824,644.879,857.935,1.23101,0.772326,6.08776,663.632,830.496,1.10936,0.763589,5.88035,643.279,834.984,1.28018,0.863513,5.91492,684.986,859.211,1.11524,0.819531,5.68774,654.422,856.356
99,3.3,1,374.147,656.394,0.0517995,0.101375,5.15833,375.079,669.51,-0.0228731,0.098868,5.13211,353.308,668.927,0.126472,0.103882,5.18455,396.629,670.086,0.0512229,-0.304857,5.1748,374.863,551.54,0.0509758,-0.478956,5.18186,374.771,501.212,-0.0641811,0.534185,5.17126,341.364,795.109,0.139598,0.526147,5.30397,399.52,788.953,-0.018566,0.902532,4.99375,354.417,911.38,0.161247,0.935977,5.26619,405.977,906.877,-0.0874547,1.04658,5.07948,334.147,949.382,0.190407,0.991836,5.43155,412.638,914.195,0.0766855,-0.644619,5.30515,381.705,457.548,-0.079666,-0.442678,5.08763,336.487,509.348,0.199562,-0.464673,5.2047,417.574,505.942,-0.0915264,-0.480991,5.10737,333.091,498.589,0.183977,-0.498834,5.19335,413.194,495.771,-0.240782,-0.215369,5.04277,288.303,575.871,0.311055,-0.668846,5.37517,446.894,453.157,-0.25385,-0.190462,5.02168,284.095,583.049,0.335394,-0.66297,5.40473,453.18,455.811,-0.232266,-0.227036,5.07688,291.304,572.851,0.290053,-0.684436,5.35937,441.266,448.238,-0.351377,-0.120067,5.26313,259.753,605.745,0.357188,-0.917514,5.45393,458.34,387.393,-0.0680268,1.05236,5.11313,340.023,949.043,0.158695,0.986516,5.45391,403.692,911.606,-0.106883,1.0408,5.04583,328.193,949.726,0.222118,0.997156,5.40919,421.659,916.805,0.00255147,0.926956,4.94601,360.775,921.415,0.162108,0.986228,5.23315,406.514,922.981,-0.0874547,1.04658,5.07948,334.147,949.382,0.190407,0.991836,5.43155,412.638,914.195
99,3.3,2,617.82,619.562,0.988155,-0.0248227,6.08284,603.928,633.872,1.0671,-0.0306858,6.08694,623.237,632.43,0.909213,-0.0189596,6.07874,584.592,635.317,1.03511,-0.421592,6.12237,613.87,536.601,1.05524,-0.591636,6.13932,618.092,495.297,1.12843,0.348328,5.89233,647.562,728.765,0.975829,0.294955,5.79185,612.988,716.468,1.1864,0.727616,6.00794,656.516,821.852,1.05816,0.656607,5.64254,641.592,814.732,1.23459,0.850408,5.88305,675.11,857.054,1.07291,0.728285,5.47256,654.386,839.826,1.06838,-0.790932,6.14508,621.06,446.735,1.2076,-0.512906,6.12171,656.206,514.192,0.915444,-0.616784,6.18256,582.334,490.202,1.21573,-0.554616,6.11081,658.733,503.719,0.940926,-0.645244,6.18157,588.559,483.264,1.244,-0.315695,5.9316,674.913,560.083,0.746267,-0.844464,6.17739,541.398,434.733,1.25591,-0.284268,5.92092,678.503,567.909,0.707834,-0.8409,6.18712,531.785,435.921,1.21985,-0.344312,5.92783,668.995,552.784,0.769917,-0.856952,6.16393,547.555,431.243,1.11547,-0.377709,5.71308,653.177,540.727,0.660102,-1.09097,6.15955,520.918,374.046,1.20611,0.854723,5.85629,669.249,859.152,1.10546,0.716516,5.45418,664.338,837.26,1.26306,0.846092,5.90982,680.918,854.974,1.04037,0.740053,5.49095,644.5,842.376,1.1859,0.758794,6.05523,654.076,828.164,1.06475,0.703907,5.67036,641.955,826.401,1.23459,0.850408,5.88305,675.11,857.054,1.07291,0.728285,5.47256,654.386,839.826
100,3.33333,1,357.898,653.774,0.000258733,0.0956396,5.17859,360.075,667.731,-0.073692,0.0927798,5.15094,338.518,667.046,0.0742095,0.0984995,5.20623,381.403,668.409,0.00422526,-0.317955,5.17864,361.225,547.808,0.0059252,-0.49521,5.17867,361.718,496.413,-0.135321,0.525155,5.20121,320.934,791.609,0.0683573,0.525599,5.31028,379.329,788.621,-0.0815738,0.866601,4.98476,335.428,901.046,0.0885904,0.928586,5.24578,385.358,905.8,-0.154256,1.0231,5.04182,314.059,944.702,0.0934207,1.00708,5.40472,385.954,919.792,0.0323182,-0.663143,5.29626,369.163,451.99,-0.125345,-0.454938,5.08929,323.018,505.774,0.152906,-0.480364,5.19603,404.187,501.184,-0.136915,-0.494271,5.10715,319.745,494.679,0.137717,-0.514249,5.18454,399.886,491.062,-0.29132,-0.229007,5.06892,273.703,572.162,0.266256,-0.692382,5.35497,434.659,445.853,-0.306628,-0.202213,5.05503,268.918,579.934,0.294131,-0.691713,5.38176,442.065,447.006,-0.278402,-0.246273,5.10004,278.033,567.492,0.240566,-0.70429,5.34035,427.64,441.973,-0.36331,-0.192281,5.31643,257.388,585.693,0.269764,-0.946538,5.40946,434.881,377.259,-0.137425,1.03357,5.07575,319.345,945.761,0.0588911,1.00392,5.42295,376.306,917.974,-0.171086,1.01264,5.00789,308.702,943.628,0.12795,1.01025,5.38649,395.668,921.622,-0.0574337,0.883581,4.93611,342.529,908.785,0.0938135,0.974189,5.20759,387.05,920.898,-0.154256,1.0231,5.04182,314.059,944.702,0.0934207,1.00708,5.40472,385.954,919.792
100,3.33333,2,600.609,613.416,0.916431,-0.0435606,6.03738,587.926,629.166,0.992757,-0.0500789,6.04713,606.511,627.565,0.840106,-0.0370423,6.02764,569.281,630.772,0.954757,-0.435475,6.08376,595.648,532.518,0.971183,-0.603439,6.10364,598.921,491.548,1.05305,0.345808,5.91112,627.5,727.843,0.905056,0.225699,5.70266,598.309,699.429,1.09088,0.711385,6.06619,630.025,816.089,0.974145,0.529839,5.45522,628.135,785.839,1.13097,0.862336,5.97092,644.414,856.859,0.990596,0.573103,5.27378,642.044,803.175,0.985621,-0.80024,6.09613,602.772,442.89,1.12381,-0.530713,6.07699,637.682,508.866,0.836775,-0.630451,6.14804,564.369,486.022,1.13085,-0.572743,6.066,639.926,498.225,0.86108,-0.658057,6.14831,570.296,479.287,1.1246,-0.345473,5.86542,647.901,551.558,0.692721,-0.87986,6.12711,529.764,424.374,1.13526,-0.315812,5.84984,651.403,558.936,0.653923,-0.881359,6.13506,520.048,424.287,1.09857,-0.372243,5.86942,641.044,544.77,0.717863,-0.889103,6.1146,536.286,421.663,0.93893,-0.40804,5.68469,608.01,532.22,0.633061,-1.13892,6.09723,515.904,359.518,1.10299,0.869399,5.94433,638.62,859.613,1.02359,0.559278,5.25798,652.315,799.717,1.15894,0.855274,5.99752,650.157,854.129,0.9576,0.586927,5.28958,631.835,806.612,1.08717,0.732427,6.1173,626.858,819.782,0.978869,0.580256,5.47198,628.61,799.227,1.13097,0.862336,5.97092,644.414,856.859,0.990596,0.573103,5.27378,642.044,803.175
101,3.36667,1,325.837,652.514,-0.105012,0.095758,5.16766,329.487,667.824,-0.176612,0.0934024,5.13595,308.365,667.307,-0.0334114,0.0981136,5.19937,350.351,668.335,-0.0989977,-0.323084,5.15631,331.171,545.915,-0.0964203,-0.502587,5.15144,331.895,493.504,-0.263612,0.516097,5.20261,283.917,788.954,-0.0509621,0.519603,5.31216,345.595,786.873,-0.200392,0.82091,4.94691,299.174,889.175,-0.0280422,0.912655,5.22019,351.934,902.52,-0.26624,0.989667,4.97372,279.622,938.779,-0.0221413,0.990307,5.378,353.818,916.498,-0.0680691,-0.674779,5.26464,340.586,447.542,-0.22677,-0.455433,5.0612,292.722,504.882,0.0484358,-0.486258,5.16852,374.072,498.732,-0.23838,-0.496343,5.07703,289.498,493.204,0.0340268,-0.520745,5.15678,369.908,488.369,-0.403911,-0.234976,5.07104,240.4,570.422,0.16526,-0.700637,5.32872,406.568,442.57,-0.421567,-0.209538,5.06896,235.121,577.929,0.192884,-0.704628,5.35515,414.084,442.426,-0.383585,-0.257946,5.09443,246.94,563.972,0.137348,-0.709468,5.31261,398.82,439.476,-0.399418,-0.290839,5.3238,247.345,557.97,0.130785,-0.9542,5.35315,396.685,372.347,-0.250294,1.00456,5.00641,284.93,941.296,-0.0567585,0.987734,5.39616,344.206,914.851,-0.282187,0.974773,4.94104,274.245,936.229,0.012476,0.992879,5.35983,363.495,918.156,-0.175014,0.828509,4.89801,306.347,893.992,-0.0221399,0.957121,5.18061,353.583,917.414,-0.26624,0.989667,4.97372,279.622,938.779,-0.0221413,0.990307,5.378,353.818,916.498
101,3.36667,2,567.6,611.487,0.789477,-0.0412586,6.08008,554.972,629.811,0.865989,-0.0449648,6.09795,573.241,628.928,0.712965,-0.0375524,6.06222,536.595,630.699,0.825156,-0.432512,6.1345,561.976,534.133,0.840448,-0.600192,6.15782,564.94,493.645,0.92477,0.351033,5.96337,592.854,728.389,0.788078,0.163435,5.69843,567.662,683.066,0.897691,0.710637,6.1275,579.982,814.144,0.85759,0.398099,5.38791,599.002,750.946,0.934542,0.872066,6.04971,591.957,856.45,0.875219,0.405615,5.20078,612.692,757.108,0.843643,-0.797638,6.14481,566.155,445.087,0.995337,-0.534482,6.12721,603.922,509.018,0.707436,-0.624237,6.20025,531.325,488.824,1.0004,-0.576981,6.1167,605.585,498.36,0.730157,-0.652008,6.20293,536.751,482.167,0.960134,-0.369435,5.90124,604.305,545.998,0.58122,-0.883019,6.16629,501.534,424.975,0.967775,-0.342791,5.88013,607.132,552.464,0.54198,-0.887952,6.16749,491.952,423.816,0.93443,-0.393546,5.91491,597.215,540.094,0.609503,-0.890319,6.15859,508.606,422.926,0.730362,-0.438131,5.78575,549.549,526.293,0.556162,-1.14693,6.13634,496.093,359.347,0.910609,0.878294,6.01922,587.161,859.1,0.908642,0.389633,5.18817,622.979,752.768,0.958475,0.865839,6.08021,596.704,853.826,0.841797,0.421596,5.21338,602.455,761.428,0.882664,0.72709,6.17796,574.532,816.72,0.860829,0.450162,5.39357,599.653,765.324,0.934542,0.872066,6.04971,591.957,856.45,0.875219,0.405615,5.20078,612.692,757.108
102,3.4,1,292.531,651.128,-0.211288,0.0946007,5.1616,298.534,667.52,-0.279306,0.0934284,5.12495,278.166,667.374,-0.143269,0.0957729,5.19825,318.615,667.665,-0.208672,-0.324718,5.14736,299.128,545.275,-0.20755,-0.504427,5.14126,299.383,492.677,-0.394803,0.502084,5.21474,246.318,784.573,-0.176717,0.513097,5.31281,310.054,785.017,-0.31576,0.787144,4.9453,264.124,879.004,-0.158275,0.902414,5.21546,314.432,899.81,-0.38409,0.957653,4.95073,243.505,930.457,-0.155791,0.986316,5.37046,316.442,915.77,-0.184157,-0.676274,5.25566,307.386,446.786,-0.335601,-0.45852,5.04382,260.091,503.497,-0.0621087,-0.48623,5.16502,341.944,498.644,-0.3478,-0.498618,5.05933,256.776,492.015,-0.0758964,-0.521479,5.15318,337.885,488.049,-0.500725,-0.230683,5.05976,211.402,571.541,0.0548526,-0.686794,5.33882,375.427,446.837,-0.516573,-0.203902,5.05868,206.667,579.476,0.0804886,-0.691255,5.36655,382.521,446.587,-0.483965,-0.257216,5.08239,217.016,564.007,0.0270814,-0.695521,5.32059,367.643,443.712,-0.52377,-0.311221,5.30516,211.753,551.913,0.00534573,-0.938662,5.35191,361.5,376.644,-0.370921,0.975593,4.98318,248.232,933.971,-0.190785,0.984508,5.38809,306.832,914.364,-0.397259,0.939712,4.91829,238.716,926.896,-0.120796,0.988124,5.35284,326.115,917.185,-0.287041,0.790544,4.89844,272.011,882.332,-0.152313,0.945333,5.17447,315.801,914.323,-0.38409,0.957653,4.95073,243.505,930.457,-0.155791,0.986316,5.37046,316.442,915.77
102,3.4,2,532.47,615.477,0.651458,-0.0112996,6.1093,520.117,637.223,0.728511,-0.0140442,6.12573,538.575,636.557,0.574405,-0.00855494,6.09286,501.56,637.892,0.686877,-0.401437,6.1538,527.602,542.047,0.702056,-0.568638,6.17287,530.776,501.678,0.769314,0.387495,6.01457,552.062,736.74,0.660695,0.105739,5.69948,534.064,667.858,0.72069,0.721185,6.22095,533.954,814.073,0.748868,0.29025,5.36251,569.691,721.273,0.749239,0.886747,6.15363,542.823,856.377,0.765603,0.288498,5.17507,582.142,723.708,0.707014,-0.770975,6.16353,532.243,452.175,0.855829,-0.51004,6.11309,570.218,514.719,0.574244,-0.584878,6.23282,498.342,499.096,0.855484,-0.553596,6.10503,570.41,503.84,0.59508,-0.614835,6.23358,503.344,491.897,0.775622,-0.366325,5.87547,558.221,546.38,0.430733,-0.836275,6.17784,464.692,436.739,0.780433,-0.341445,5.85074,560.294,552.37,0.392831,-0.844523,6.17405,455.538,434.608,0.752487,-0.388723,5.89459,551.685,540.979,0.462314,-0.841538,6.17351,472.447,435.316,0.533225,-0.438788,5.79109,498.259,526.228,0.455502,-1.09877,6.13879,471.417,371.24,0.724547,0.893465,6.12392,537.656,859.074,0.797389,0.269228,5.163,591.905,718.3,0.77393,0.880028,6.18333,547.941,853.706,0.733817,0.307768,5.18713,572.424,729.092,0.706102,0.732933,6.27351,529.005,815.427,0.756613,0.341256,5.36488,571.766,735.513,0.749239,0.886747,6.15363,542.823,856.377,0.765603,0.288498,5.17507,582.142,723.708
103,3.43333,1,271.243,652.014,-0.280792,0.0994124,5.18304,278.653,668.8,-0.347058,0.0971625,5.14258,258.664,668.37,-0.214526,0.101662,5.22349,298.332,669.224,-0.280939,-0.321115,5.17469,278.479,546.821,-0.281001,-0.501341,5.17111,278.404,494.423,-0.482198,0.491647,5.25167,222.13,780.572,-0.253992,0.523097,5.30484,288.107,788.065,-0.38538,0.775497,4.99054,244.046,873.332,-0.240177,0.906358,5.19474,290.576,901.986,-0.467489,0.936403,5.0101,219.891,920.646,-0.242592,0.990606,5.34903,291.9,918.079,-0.259189,-0.669988,5.29034,286.434,449.837,-0.407697,-0.454332,5.06725,239.189,505.37,-0.134951,-0.483208,5.20046,321.035,500.481,-0.42013,-0.494028,5.08296,235.889,494.059,-0.149031,-0.519206,5.18883,316.873,489.75,-0.565565,-0.220611,5.08017,192.834,574.793,-0.0169313,-0.667788,5.39177,355.285,454.027,-0.580439,-0.194053,5.0807,188.456,582.649,0.00678608,-0.670421,5.42116,361.88,454.306,-0.549772,-0.2488,5.10154,198.183,566.77,-0.0433373,-0.678243,5.37184,347.886,450.415,-0.589525,-0.320749,5.31789,193.542,549.433,-0.061094,-0.919989,5.40652,343.032,384.49,-0.456269,0.952442,5.04425,224.179,923.521,-0.277969,0.988518,5.36587,282.215,916.622,-0.478709,0.920364,4.97596,215.543,917.732,-0.207215,0.992695,5.33219,301.648,919.546,-0.354916,0.783876,4.94434,252.215,878.057,-0.234102,0.94876,5.1532,291.787,916.453,-0.467489,0.936403,5.0101,219.891,920.646,-0.242592,0.990606,5.34903,291.9,918.079
103,3.43333,2,508.123,623.399,0.563591,0.0354928,6.20637,496.354,648.587,0.640888,0.0359924,6.22114,514.687,648.687,0.486294,0.0349932,6.19161,477.934,648.486,0.597881,-0.356972,6.24702,503.709,554.197,0.612577,-0.525172,6.26444,506.832,514.119,0.667403,0.428036,6.07369,524.998,745.821,0.57747,0.0838364,5.78486,509.892,661.761,0.597481,0.766198,6.26689,503.158,823.583,0.667411,0.209952,5.42201,544.831,698.144,0.628016,0.93363,6.20331,512.016,865.992,0.684592,0.168129,5.23849,556.231,688.192,0.607016,-0.719276,6.22513,506.418,466.504,0.76861,-0.48175,6.19119,546.412,523.16,0.484618,-0.538252,6.33798,474.813,512.48,0.761085,-0.524356,6.18599,544.742,512.72,0.506091,-0.567907,6.33686,479.921,505.431,0.660371,-0.344712,5.95727,526.45,553.114,0.333694,-0.783992,6.27461,439.856,452.385,0.662784,-0.320861,5.93061,527.809,558.762,0.297889,-0.797058,6.27012,431.338,449.122,0.639157,-0.365485,5.98052,520.476,548.236,0.367802,-0.784985,6.27002,448.082,452.01,0.405599,-0.4112,5.90706,463.102,535.474,0.420235,-1.03106,6.22197,461.416,391.172,0.604674,0.940492,6.17251,507.096,868.79,0.716845,0.147403,5.23069,565.783,682.315,0.651358,0.926767,6.23411,516.887,863.223,0.65234,0.188855,5.24629,546.708,694.053,0.580238,0.776948,6.31862,497.888,824.634,0.674228,0.260319,5.41356,547.01,712.205,0.628016,0.93363,6.20331,512.016,865.992,0.684592,0.168129,5.23849,556.231,688.192
104,3.46667,1,255.025,652.902,-0.335309,0.105699,5.15473,262.325,670.79,-0.403572,0.10327,5.11652,241.563,670.307,-0.267047,0.108128,5.19294,282.782,671.266,-0.334492,-0.315257,5.14885,262.452,548.062,-0.334141,-0.495667,5.14633,262.507,495.378,-0.542838,0.482417,5.26194,205.095,777.664,-0.3075,0.525489,5.28497,272.633,789.302,-0.440158,0.769985,5.00788,228.023,870.872,-0.298503,0.905777,5.1665,273.245,903.249,-0.524597,0.927519,5.03492,203.55,916.613,-0.301546,0.990182,5.32037,274.895,919.458,-0.316243,-0.666059,5.26484,269.806,450.036,-0.464385,-0.448382,5.04544,221.795,506.558,-0.185139,-0.474499,5.17492,306.28,502.319,-0.476542,-0.487565,5.06154,218.629,495.359,-0.198771,-0.511954,5.16459,302.209,491.154,-0.608917,-0.209168,5.06843,179.604,578.033,-0.0670713,-0.63308,5.38571,341.3,463.494,-0.622434,-0.183218,5.07183,175.723,585.757,-0.0455846,-0.633316,5.41622,347.362,464.423,-0.593642,-0.239341,5.08694,184.769,569.351,-0.0917567,-0.645875,5.3645,334.317,459.215,-0.625264,-0.334256,5.29397,182.653,545.193,-0.104673,-0.885004,5.40372,330.914,394.079,-0.513268,0.94258,5.06947,207.972,919.189,-0.336816,0.987677,5.33737,265.244,917.862,-0.535925,0.912458,5.00037,199.067,914.002,-0.266277,0.992688,5.30336,284.608,921.063,-0.409385,0.780309,4.96167,236.107,876.146,-0.293224,0.947955,5.12451,274.081,917.765,-0.524597,0.927519,5.03492,203.55,916.613,-0.301546,0.990182,5.32037,274.895,919.458
104,3.46667,2,489.372,635.544,0.495765,0.100873,6.18131,480.431,664.504,0.575476,0.101221,6.19487,499.488,664.535,0.416054,0.100525,6.16775,461.29,664.473,0.521735,-0.295639,6.2192,485.968,568.621,0.532866,-0.465573,6.23543,488.32,527.885,0.581014,0.508246,6.11025,502.781,764.899,0.493244,0.0609068,5.76114,488.557,655.875,0.510694,0.848223,6.29968,481.726,842.178,0.584399,0.144057,5.38652,522.909,680.158,0.555111,1.01713,6.24781,493.412,884.45,0.593927,0.0912903,5.20612,531.302,666.33,0.514692,-0.655862,6.19036,484.846,480.911,0.687475,-0.424456,6.15367,527.751,536.428,0.405012,-0.474695,6.31091,456.365,527.055,0.678692,-0.467289,6.14925,525.727,525.895,0.424984,-0.505866,6.31012,461.13,519.624,0.54332,-0.289243,5.93677,497.419,566.843,0.245847,-0.704088,6.21968,419.352,470.019,0.542633,-0.264583,5.91031,497.86,572.781,0.213287,-0.718979,6.21064,411.567,466.171,0.525447,-0.310618,5.96158,492.346,561.764,0.281235,-0.702436,6.2189,427.904,470.396,0.288538,-0.354981,5.90819,433.331,549.782,0.377093,-0.926188,6.16708,451.814,414.492,0.534995,1.0269,6.2156,489.243,888.076,0.624419,0.0679311,5.19891,540.346,659.62,0.575227,1.00736,6.28002,497.537,880.861,0.563435,0.11465,5.21333,522.283,673.022,0.489103,0.85849,6.34938,475.668,843.024,0.594357,0.193271,5.37489,526.043,693.993,0.555111,1.01713,6.24781,493.412,884.45,0.593927,0.0912903,5.20612,531.302,666.33
105,3.5,1,239.253,650.915,-0.390491,0.0999555,5.13268,245.762,669.242,-0.460871,0.097358,5.09759,224.245,668.678,-0.320111,0.102553,5.16777,266.988,669.798,-0.388017,-0.320752,5.12729,246.367,546.066,-0.386956,-0.501056,5.12498,246.626,493.196,-0.593493,0.466402,5.27415,191.032,772.786,-0.360579,0.519852,5.26358,257.136,788.3,-0.492603,0.764521,5.03261,213.024,868.107,-0.357705,0.898301,5.1413,255.529,902.357,-0.58187,0.916958,5.06707,187.571,911.728,-0.358673,0.984751,5.29401,258.268,919.308,-0.36861,-0.6716,5.24254,254.423,447.641,-0.52068,-0.452381,5.02737,204.485,504.884,-0.234723,-0.477079,5.15522,291.632,501.041,-0.53289,-0.490751,5.04404,201.364,493.908,-0.248018,-0.516268,5.14684,287.642,489.382,-0.646139,-0.202431,5.0513,167.928,579.825,-0.114602,-0.594501,5.38934,328.07,474.362,-0.65774,-0.175461,5.05433,164.596,587.873,-0.0949687,-0.590866,5.42007,333.69,476.308,-0.632949,-0.233258,5.07013,172.547,570.919,-0.13743,-0.610921,5.36829,321.56,469.12,-0.669759,-0.319991,5.2785,169.475,548.973,-0.140933,-0.844928,5.42189,320.969,406.002,-0.570724,0.931239,5.10198,192.031,914.072,-0.393548,0.982072,5.31173,248.749,917.62,-0.593015,0.902678,5.03216,183.049,909.352,-0.323798,0.98743,5.2763,267.852,921.009,-0.461751,0.777667,4.98678,220.963,874.162,-0.35369,0.939864,5.09871,255.839,916.788,-0.58187,0.916958,5.06707,187.571,911.728,-0.358673,0.984751,5.29401,258.268,919.308
105,3.5,2,471.617,646.497,0.424723,0.153641,6.22111,462.513,677.084,0.504617,0.158205,6.23905,481.447,678.075,0.34483,0.149078,6.20317,443.471,676.086,0.45336,-0.243913,6.29126,468.205,581.784,0.465632,-0.414294,6.32133,470.606,541.589,0.506832,0.558677,6.12042,484.344,777.064,0.433948,0.0603685,5.80487,472.25,655.616,0.437753,0.915106,6.2767,464.723,858.919,0.532463,0.147139,5.43426,507.127,680.657,0.490318,1.0526,6.17643,479.202,895.898,0.551129,0.0887483,5.25704,517.418,665.349,0.437924,-0.604449,6.27739,464.752,495.415,0.621763,-0.376748,6.24572,509.48,549.425,0.334921,-0.413943,6.38916,438.712,542.717,0.613428,-0.419721,6.23991,507.614,538.999,0.350636,-0.448583,6.39089,442.383,534.604,0.480172,-0.232602,6.03785,479.414,582.154,0.17607,-0.609476,6.2497,402.303,493.567,0.480988,-0.207652,6.0117,480.138,588.134,0.147289,-0.622583,6.23378,395.478,490.035,0.46129,-0.252685,6.06245,474.253,577.414,0.211306,-0.608665,6.25592,410.718,493.907,0.221238,-0.276387,6.01053,415.27,570.952,0.329003,-0.819387,6.21067,439.543,441.896,0.468501,1.05429,6.14388,474.501,897.668,0.58295,0.066605,5.25197,526.668,659.043,0.512136,1.05091,6.20898,483.853,894.148,0.519308,0.110892,5.2621,508.186,671.643,0.419308,0.938957,6.32536,459.538,862.897,0.540178,0.197069,5.42188,509.599,694.577,0.490318,1.0526,6.17643,479.202,895.898,0.551129,0.0887483,5.25704,517.418,665.349
106,3.53333,1,228.917,647.534,-0.433312,0.0872778,5.16609,234.055,665.368,-0.505768,0.0849115,5.13396,212.075,664.835,-0.360857,0.0896442,5.19822,255.763,665.895,-0.431651,-0.333247,5.16103,234.415,543.044,-0.430939,-0.513473,5.15886,234.569,490.546,-0.615625,0.462761,5.31944,186.223,770.627,-0.396459,0.509261,5.30729,247.832,784.082,-0.533329,0.777866,5.09039,202.679,869.454,-0.397136,0.881402,5.16327,244.507,896.325,-0.62542,0.921986,5.14551,177.49,909.054,-0.393399,0.976212,5.31063,248.768,916.02,-0.416652,-0.686942,5.27316,241.356,444.39,-0.566886,-0.467342,5.06491,191.939,501.45,-0.277584,-0.489587,5.18857,279.668,498.315,-0.578572,-0.505171,5.08278,189.078,490.762,-0.290777,-0.529971,5.18313,275.761,486.467,-0.68642,-0.212895,5.09723,157.792,577.285,-0.146348,-0.569181,5.43509,319.568,482.752,-0.6967,-0.186732,5.10261,154.98,585.05,-0.127386,-0.562769,5.46505,325,485.375,-0.669062,-0.243129,5.11323,163.522,568.602,-0.168325,-0.588466,5.41512,313.325,476.824,-0.650092,-0.332082,5.32392,176.648,546.339,-0.163927,-0.820312,5.47887,315.074,415.182,-0.611925,0.933967,5.18046,182.633,910.711,-0.427696,0.974373,5.32957,239.5,914.521,-0.638915,0.910006,5.11055,172.277,907.374,-0.359102,0.97805,5.2917,258.102,917.529,-0.506135,0.795981,5.04352,209.313,876.98,-0.394735,0.920102,5.11772,244.183,909.962,-0.62542,0.921986,5.14551,177.49,909.054,-0.393399,0.976212,5.31063,248.768,916.02
106,3.53333,2,457.834,656.207,0.363237,0.199958,6.18708,448.155,688.528,0.446349,0.208646,6.21021,467.922,690.448,0.280126,0.19127,6.16395,428.24,686.594,0.39175,-0.192524,6.26115,453.95,593.828,0.403969,-0.360731,6.2929,456.392,553.925,0.46917,0.602575,6.06824,476.094,789.104,0.370144,0.0488856,5.77992,456.159,652.7,0.342033,0.931754,6.24544,442.233,864.017,0.479179,0.182694,5.42976,492.513,690.523,0.443003,1.02865,6.14845,468.189,891.215,0.504768,0.143774,5.24928,504.389,681.127,0.391602,-0.555336,6.25045,454.076,506.59,0.564727,-0.318104,6.22942,496.124,563.323,0.26396,-0.358868,6.34514,422.465,555.075,0.558737,-0.360402,6.21973,494.89,552.992,0.27558,-0.396904,6.34691,425.197,546.1,0.439104,-0.154986,6.03468,469.259,601.436,0.13433,-0.493517,6.13594,392.873,519.229,0.442376,-0.127811,6.01127,470.501,608.074,0.111015,-0.500543,6.11166,387.275,517.023,0.418644,-0.176694,6.05591,463.803,596.189,0.166594,-0.496948,6.1509,400.669,518.685,0.192564,-0.189074,5.98836,408.285,592.59,0.284843,-0.693289,6.10515,430.057,469.486,0.429897,1.02858,6.11142,465.625,892.72,0.537593,0.123365,5.24304,513.962,675.331,0.456109,1.02872,6.18548,470.723,889.728,0.471943,0.164183,5.25553,494.839,686.909,0.3139,0.963262,6.28801,434.959,870.025,0.485538,0.234614,5.42378,494.42,704.952,0.443003,1.02865,6.14845,468.189,891.215,0.504768,0.143774,5.24928,504.389,681.127
107,3.56667,1,222.036,642.598,-0.463837,0.0678802,5.18885,225.774,659.643,-0.537603,0.0647362,5.1605,203.573,658.836,-0.390072,0.0710242,5.21721,247.734,660.441,-0.461269,-0.350289,5.18501,226.418,538.557,-0.460168,-0.529505,5.18336,226.695,486.609,-0.624025,0.451154,5.34534,184.705,766.734,-0.422087,0.487615,5.34519,241.428,776.98,-0.562448,0.792647,5.14544,195.864,871.313,-0.422775,0.856714,5.18832,237.644,887.943,-0.653292,0.926286,5.22309,172.188,906.293,-0.420192,0.962101,5.32866,241.594,911.11,-0.439529,-0.71205,5.28309,235.077,437.621,-0.599612,-0.478784,5.09885,183.42,499.003,-0.307553,-0.507965,5.20972,271.356,493.593,-0.611533,-0.517266,5.11647,180.53,488.195,-0.320259,-0.548842,5.20638,267.635,481.71,-0.717761,-0.225428,5.14972,150.715,574.27,-0.166152,-0.566113,5.45784,314.288,484.251,-0.727765,-0.199496,5.15663,148.082,581.909,-0.145969,-0.557098,5.48626,320.049,487.525,-0.698494,-0.25567,5.1632,156.864,565.646,-0.18888,-0.586971,5.44065,307.871,478.002,-0.656774,-0.347174,5.36863,176.306,542.898,-0.18148,-0.811284,5.52529,310.681,419.525,-0.637353,0.935222,5.25791,177.984,907.082,-0.454482,0.961092,5.34764,232.386,909.864,-0.669232,0.91735,5.18827,166.315,905.494,-0.385903,0.963111,5.30968,250.868,912.365,-0.539012,0.817039,5.0988,201.265,880.612,-0.420252,0.892572,5.14044,237.241,900.727,-0.653292,0.926286,5.22309,172.188,906.293,-0.420192,0.962101,5.32866,241.594,911.11
107,3.56667,2,446.864,664.487,0.307596,0.237067,6.27651,433.588,696.715,0.386605,0.254496,6.3068,452.045,700.592,0.228587,0.219637,6.24621,414.951,692.8,0.350678,-0.152641,6.3511,442.909,603.912,0.369142,-0.319659,6.38307,446.837,564.803,0.441071,0.633962,6.13716,467.915,795.109,0.34482,0.0641341,5.87466,448.136,656.393,0.297068,0.963645,6.29336,430.879,869.92,0.444221,0.276481,5.56727,479.812,714.57,0.415871,1.02919,6.19543,460.793,889.44,0.481198,0.253409,5.3878,494.108,710.624,0.354144,-0.518556,6.33304,443.967,517.051,0.539899,-0.272529,6.35892,487.489,575.646,0.216033,-0.314007,6.40443,410.65,566.379,0.537659,-0.312481,6.34401,487.258,566.039,0.225149,-0.354183,6.40334,412.797,556.945,0.476588,-0.0604205,6.17329,475.923,625.304,0.0987841,-0.374267,6.15081,384.116,548.632,0.481929,-0.0310531,6.15507,477.569,632.424,0.0824055,-0.375834,6.12249,380.21,547.826,0.452466,-0.0840998,6.19137,469.734,619.604,0.127119,-0.383256,6.17171,390.928,546.755,0.22195,-0.0810595,6.13538,414.32,620.162,0.25304,-0.579633,6.13933,421.889,498.233,0.40584,1.02509,6.15761,458.966,889.973,0.516496,0.237358,5.38194,504.102,706.223,0.425903,1.03329,6.23325,462.598,888.914,0.445899,0.269459,5.39365,484.136,715.016,0.267695,1.00196,6.32985,423.502,877.684,0.444346,0.3304,5.56745,479.842,729.11,0.415871,1.02919,6.19543,460.793,889.44,0.481198,0.253409,5.3878,494.108,710.624
108,3.6,1,215.022,638.995,-0.493646,0.0552283,5.22205,218.056,655.88,-0.568421,0.0514785,5.1969,195.764,654.874,-0.418871,0.0589781,5.24719,240.134,656.877,-0.492877,-0.359358,5.21983,218.217,536.625,-0.492547,-0.537038,5.21889,218.286,485.485,-0.637339,0.435639,5.39305,182.549,761.293,-0.451396,0.470349,5.39044,234.259,771.02,-0.595753,0.809427,5.24058,189.302,871.921,-0.451258,0.839222,5.22106,230.22,881.358,-0.674728,0.923309,5.35338,170.747,898.977,-0.453063,0.956932,5.35252,232.901,908.451,-0.473633,-0.71986,5.31781,226.263,436.737,-0.635956,-0.483838,5.14003,174.218,498.656,-0.338005,-0.519431,5.24349,263.207,491.252,-0.647222,-0.522723,5.15764,171.572,487.818,-0.351598,-0.560023,5.24086,259.264,479.548,-0.758194,-0.234414,5.20491,141.269,572.374,-0.185586,-0.576222,5.48717,309.214,482.317,-0.769299,-0.207982,5.21206,138.37,580.082,-0.162525,-0.56486,5.51369,315.739,486.17,-0.738393,-0.264828,5.21806,147.518,563.793,-0.210211,-0.597467,5.47368,302.334,476.101,-0.701627,-0.355103,5.42591,165.833,541.729,-0.1989,-0.811023,5.58643,306.538,422.008,-0.653998,0.926691,5.38666,177.694,898.32,-0.487668,0.956664,5.371,223.664,907.452,-0.695458,0.919926,5.3201,163.712,899.642,-0.418458,0.957201,5.33404,242.202,909.457,-0.578507,0.843035,5.19584,192.816,883.631,-0.447941,0.871894,5.17078,229.921,893.192,-0.674728,0.923309,5.35338,170.747,898.977,-0.453063,0.956932,5.35252,232.901,908.451
108,3.6,2,436.414,673.374,0.254403,0.264258,6.20656,421.548,703.932,0.330898,0.283108,6.24095,439.613,708.115,0.177908,0.245408,6.17217,403.281,699.703,0.29918,-0.11904,6.28567,431.47,611.563,0.31837,-0.28331,6.31957,435.646,572.684,0.413126,0.658564,6.07159,462.17,802.869,0.30585,0.0965128,5.80086,439.17,664.982,0.260332,0.970642,6.26433,422.402,872.663,0.374856,0.397611,5.56113,461.215,747.359,0.382537,1.02219,6.16725,453.138,888.876,0.416417,0.416315,5.38366,476.143,756.115,0.310334,-0.488014,6.27198,434.296,523.166,0.493754,-0.216793,6.31768,477.353,588.474,0.155142,-0.268656,6.31332,396.899,576.103,0.496598,-0.257345,6.30406,478.284,578.703,0.162157,-0.310114,6.30939,398.591,566.197,0.490982,0.0123609,6.13123,480.243,643.027,0.0567655,-0.233297,6.0439,374.103,582.039,0.503124,0.0425924,6.11701,483.503,650.455,0.0460127,-0.228553,6.01544,371.486,582.949,0.46155,-0.0109059,6.13899,472.892,637.332,0.0816799,-0.248217,6.06568,380.22,578.554,0.258674,0.0101449,6.00512,424.681,642.537,0.219783,-0.439758,6.02703,414.756,530.44,0.372262,1.01865,6.12953,451.193,889.539,0.453268,0.405624,5.376,486.601,753.294,0.392813,1.02573,6.20497,455.058,888.22,0.379567,0.427006,5.39132,465.715,758.927,0.23329,1.01015,6.30212,415.584,880.68,0.36801,0.450919,5.57325,459.15,761.488,0.382537,1.02219,6.16725,453.138,888.876,0.416417,0.416315,5.38366,476.143,756.115
109,3.63333,1,205.287,637.013,-0.535691,0.0466198,5.27026,207.375,653.283,-0.61102,0.0416287,5.24877,185.2,651.909,-0.460363,0.0516109,5.29176,229.37,654.645,-0.533487,-0.366181,5.26651,207.895,535.597,-0.532542,-0.543095,5.2649,208.118,485.108,-0.659706,0.429767,5.44283,178.001,758.564,-0.495379,0.463466,5.43258,223.078,768.102,-0.63839,0.825422,5.33417,180.294,872.355,-0.493954,0.830722,5.24841,218.681,877.668,-0.690446,0.919421,5.47648,170.691,892.09,-0.492107,0.950549,5.3777,222.594,905.412,-0.507496,-0.729943,5.35697,217.749,435.397,-0.682177,-0.48455,5.19385,162.78,499.915,-0.375466,-0.531501,5.28344,253.292,488.947,-0.691143,-0.525175,5.21078,160.837,488.663,-0.391168,-0.57111,5.28001,248.757,477.585,-0.818975,-0.247377,5.27302,126.786,569.556,-0.215591,-0.601405,5.5185,301.339,476.36,-0.832595,-0.220848,5.27999,123.221,577.194,-0.190073,-0.590039,5.54368,308.517,480.182,-0.797424,-0.276801,5.28634,133.495,561.376,-0.241555,-0.62196,5.50694,294.136,470.412,-0.764762,-0.360983,5.49916,151.18,541.433,-0.223986,-0.833702,5.62652,300.224,417.508,-0.663445,0.917975,5.50509,179.04,890.385,-0.526373,0.950705,5.39684,213.548,904.514,-0.717448,0.920867,5.44787,162.255,893.812,-0.457842,0.950393,5.35856,231.705,906.316,-0.629253,0.866263,5.29221,181.462,885.785,-0.490721,0.862739,5.19708,218.219,889.266,-0.690446,0.919421,5.47648,170.691,892.09,-0.492107,0.950549,5.3777,222.594,905.412
109,3.63333,2,426.295,679.203,0.205714,0.280791,6.1769,410.008,708.258,0.284406,0.296637,6.21361,428.729,711.684,0.127023,0.264945,6.14019,391.063,704.791,0.250262,-0.0990937,6.24904,420.135,616.189,0.269354,-0.261901,6.27996,424.403,577.378,0.402216,0.639095,5.99088,460.812,800.183,0.263001,0.16351,5.75034,428.676,682.697,0.221481,0.940252,6.19089,413.719,868.052,0.272979,0.548061,5.64769,432.577,785.714,0.336789,1.0014,6.09059,443.031,886.882,0.297108,0.619585,5.48359,441.357,809.66,0.263706,-0.464054,6.22824,423.577,528.122,0.445588,-0.17961,6.31365,465.973,597.284,0.0936935,-0.255571,6.24774,382.518,578.577,0.450885,-0.218457,6.29989,467.467,587.931,0.106137,-0.293988,6.2409,385.537,569.266,0.489994,0.0876316,6.20035,478.664,661.222,0.00628786,-0.116077,6.01167,361.571,611.007,0.502274,0.121108,6.19913,481.661,669.335,-0.00358996,-0.0994809,5.98698,359.1,615.05,0.463896,0.0611837,6.18912,472.547,654.844,0.0308926,-0.13864,6.02676,367.697,605.458,0.339059,0.0963196,5.98406,445.079,664.169,0.176587,-0.293806,5.91906,404.797,565.467,0.326404,0.996787,6.05295,440.971,887.274,0.334333,0.616376,5.47174,451.748,809.146,0.347174,1.00601,6.12824,445.066,886.494,0.259884,0.622795,5.49544,431.01,810.171,0.190965,0.978127,6.22868,406.036,875.799,0.259012,0.594807,5.67787,428.498,797.302,0.336789,1.0014,6.09059,443.031,886.882,0.297108,0.619585,5.48359,441.357,809.66
110,3.66667,1,196.079,639.398,-0.576967,0.0554493,5.309,196.815,655.683,-0.654085,0.0499582,5.29515,174.519,654.167,-0.499848,0.0609404,5.32284,218.994,657.191,-0.572431,-0.357554,5.30754,198.053,538.844,-0.570487,-0.534556,5.30692,198.584,488.751,-0.685138,0.437726,5.4904,172.623,759.713,-0.534601,0.470561,5.46586,213.137,769.271,-0.675116,0.830239,5.38339,171.693,871.574,-0.534598,0.821987,5.26123,207.425,874.596,-0.692079,0.918498,5.53588,172.28,889.135,-0.535623,0.949222,5.38273,210.583,904.794,-0.544526,-0.724053,5.39608,208.476,438.519,-0.72199,-0.480202,5.24303,153.228,502.474,-0.410637,-0.518219,5.31423,243.973,493.575,-0.728265,-0.52197,5.25956,152.087,490.982,-0.42666,-0.557416,5.30927,239.333,482.352,-0.884331,-0.262711,5.32635,110.697,565.939,-0.246763,-0.621477,5.53052,293.003,471.266,-0.901071,-0.23542,5.33042,106.172,573.683,-0.220684,-0.613188,5.55636,300.362,474.291,-0.86566,-0.292296,5.343,116.721,557.855,-0.272412,-0.640744,5.51697,285.857,465.608,-0.896493,-0.374522,5.56063,117.916,538.866,-0.244162,-0.868109,5.60605,294.602,407.48,-0.659757,0.914855,5.558,181.759,887.159,-0.569907,0.949588,5.40176,201.579,903.963,-0.724401,0.922142,5.51377,162.724,891.126,-0.501339,0.948856,5.36371,219.651,905.63,-0.673447,0.871899,5.34123,170.676,885.113,-0.531076,0.850472,5.20827,206.889,885.194,-0.692079,0.918498,5.53588,172.28,889.135,-0.535623,0.949222,5.38273,210.583,904.794
110,3.66667,2,413.205,686.527,0.156965,0.295259,6.23651,397.792,711.089,0.231729,0.30492,6.27722,415.431,712.939,0.0822017,0.285599,6.19581,379.922,709.215,0.196376,-0.0957085,6.28164,406.942,617.122,0.213266,-0.263266,6.30097,410.823,577.262,0.369052,0.659612,6.07751,451.181,802.969,0.212953,0.291265,5.78664,415.259,715.58,0.190653,0.94755,6.29867,405.45,865.89,0.182949,0.689211,5.79745,407.385,818.508,0.311479,1.0227,6.20946,435.321,887.307,0.202612,0.807203,5.66239,413.729,854.055,0.222212,-0.471014,6.26111,413.292,527.04,0.37483,-0.180075,6.37479,448.29,597.584,0.0380245,-0.245776,6.24165,369.148,580.873,0.38405,-0.217967,6.36088,450.66,588.546,0.050333,-0.283582,6.23269,372.126,571.68,0.453711,0.0924102,6.35797,467.153,661.824,-0.0353954,-0.0512199,6.05013,351.215,627.288,0.461946,0.124941,6.36784,468.929,669.462,-0.0490544,-0.0246022,6.03332,347.791,633.877,0.440178,0.0680093,6.3304,464.41,656.132,-0.00872226,-0.0763664,6.05524,357.837,621.063,0.44781,0.121703,6.09659,470.293,669.975,0.134057,-0.149041,5.87705,394.251,601.921,0.302386,1.0231,6.17114,433.576,888.941,0.240029,0.80957,5.65077,423.782,855.124,0.320572,1.02229,6.24777,437.045,885.693,0.165195,0.804837,5.674,403.717,852.991,0.160167,0.981651,6.33899,397.94,872.53,0.164991,0.723382,5.84022,402.42,825.986,0.311479,1.0227,6.20946,435.321,887.307,0.202612,0.807203,5.66239,413.729,854.055
111,3.7,1,193.412,644.094,-0.591729,0.0757842,5.32094,193.015,661.386,-0.669278,0.0702674,5.31571,170.945,659.849,-0.51418,0.0813009,5.32617,215.042,662.92,-0.586929,-0.336447,5.30694,193.933,544.805,-0.584871,-0.513118,5.30094,194.328,494.653,-0.680417,0.448604,5.52709,175.149,761.874,-0.540986,0.488038,5.47378,211.598,773.878,-0.685885,0.84141,5.41516,169.812,873.313,-0.554317,0.843522,5.27325,202.158,880.193,-0.694699,0.932811,5.56641,172.602,891.629,-0.54556,0.964719,5.39967,208.289,908.273,-0.555555,-0.700761,5.38844,205.187,444.724,-0.739653,-0.459722,5.24633,148.303,508.422,-0.425032,-0.501936,5.29347,239.434,497.62,-0.741217,-0.50374,5.25983,148.399,496.194,-0.443609,-0.538856,5.28694,234.009,486.958,-0.933357,-0.287047,5.35817,98.4384,559.559,-0.2518,-0.642472,5.48041,291.01,463.971,-0.953229,-0.267061,5.3696,93.4383,565.319,-0.224135,-0.638925,5.50574,298.873,465.748,-0.909952,-0.316996,5.36598,105.369,551.295,-0.278818,-0.658759,5.46556,283.4,459.018,-0.912745,-0.477392,5.53618,112.439,510.518,-0.253296,-0.898606,5.51785,291.071,395.464,-0.660948,0.930044,5.58641,182.345,889.985,-0.578206,0.96384,5.42136,199.854,906.955,-0.728449,0.935577,5.54641,162.789,893.286,-0.512913,0.965598,5.37797,216.792,909.6,-0.687973,0.882391,5.37215,167.706,886.635,-0.554457,0.874313,5.22107,200.54,891.449,-0.694699,0.932811,5.56641,172.602,891.629,-0.54556,0.964719,5.39967,208.289,908.273
111,3.7,2,407.09,696.126,0.135496,0.313158,6.25749,392.514,715.146,0.207299,0.318538,6.30218,409.391,715.895,0.0636926,0.307778,6.2128,375.394,714.386,0.167885,-0.0830755,6.29797,400.027,620.193,0.181766,-0.25289,6.31532,403.218,579.872,0.355084,0.684323,6.12946,446.987,807.641,0.194583,0.444375,5.82591,410.151,754.532,0.196834,0.956389,6.38778,406.269,864.816,0.103858,0.819291,5.94187,386.246,847.042,0.31031,1.04484,6.29876,433.975,889.079,0.113073,0.961707,5.83406,389.102,887.523,0.191339,-0.460406,6.28185,405.736,529.948,0.32885,-0.171556,6.41011,437.033,599.813,0.0148783,-0.230532,6.23543,363.583,584.485,0.33963,-0.211167,6.39877,439.699,590.447,0.026176,-0.268734,6.22792,366.311,575.208,0.447042,0.0810201,6.41712,464.605,658.958,-0.0443736,-0.0348042,6.04181,348.972,631.35,0.456709,0.112662,6.42834,466.68,666.316,-0.063267,-0.00462437,6.02954,344.244,638.848,0.439523,0.0564526,6.38723,463.327,653.271,-0.0158021,-0.0581079,6.04237,356.073,625.56,0.53249,0.0836769,6.17104,489.567,660.361,0.105754,-0.0675331,5.83462,387.216,622.62,0.298332,1.04894,6.2614,431.544,891.549,0.150382,0.969768,5.82462,398.768,890.002,0.322288,1.04074,6.33613,436.377,886.639,0.0757631,0.953647,5.84349,379.468,885.052,0.169892,0.986255,6.43383,399.65,870.177,0.0804029,0.84136,5.99116,380.151,850.87,0.31031,1.04484,6.29876,433.975,889.079,0.113073,0.961707,5.83406,389.102,887.523
112,3.73333,1,185.049,648.77,-0.627399,0.0957346,5.34663,183.8,666.886,-0.705051,0.0903483,5.34897,162.079,665.363,-0.549747,0.101121,5.34429,205.54,668.411,-0.62134,-0.320263,5.31446,184.445,549.512,-0.618743,-0.498548,5.30068,184.724,498.773,-0.709695,0.466432,5.55852,168.285,766,-0.561236,0.506234,5.48962,206.487,778.469,-0.727022,0.855268,5.44443,159.489,875.881,-0.591557,0.847589,5.27287,191.542,881.368,-0.733038,0.94924,5.59404,163.237,894.796,-0.572747,0.976642,5.38953,200.429,912.099,-0.582926,-0.687847,5.37547,197.168,447.86,-0.770417,-0.4443,5.25439,139.836,513.031,-0.464099,-0.48774,5.28207,228.068,501.348,-0.768636,-0.490611,5.26278,140.695,500.021,-0.483483,-0.52255,5.27378,222.342,491.219,-1.00517,-0.343323,5.37801,79.3536,544.143,-0.287071,-0.673349,5.42614,280.56,453.666,-1.02956,-0.332358,5.39124,73.2497,547.432,-0.256365,-0.672776,5.44905,289.355,454.607,-0.977096,-0.369837,5.38015,87.2996,536.781,-0.315019,-0.687105,5.41287,272.612,449.393,-0.961998,-0.578366,5.4868,96.732,481.72,-0.275735,-0.932757,5.44391,283.946,382.724,-0.698813,0.94693,5.6132,173.064,893.309,-0.603135,0.976633,5.41424,192.73,910.855,-0.767264,0.951549,5.57488,153.342,896.294,-0.542359,0.976652,5.36481,208.199,913.356,-0.730832,0.895099,5.40088,156.813,888.857,-0.596435,0.874489,5.21911,188.403,891.594,-0.733038,0.94924,5.59404,163.237,894.796,-0.572747,0.976642,5.38953,200.429,912.099
112,3.73333,2,392.782,702.338,0.0818341,0.323969,6.32285,379.434,716.937,0.149007,0.325773,6.37125,395.118,716.777,0.0146611,0.322165,6.27445,363.509,717.098,0.107851,-0.0774338,6.3516,385.497,621.694,0.119002,-0.249464,6.36392,388.078,581.139,0.310446,0.690997,6.19971,435.19,807.358,0.132475,0.581895,5.94653,393.451,786.935,0.130629,0.981908,6.4246,390.531,869.492,-0.00981109,0.952627,6.02821,357.556,877.289,0.269364,1.05858,6.36386,423.557,889.773,0.00383274,1.07713,5.89951,360.976,914.154,0.132827,-0.456655,6.32845,391.516,531.649,0.251842,-0.173309,6.47225,418.427,599.792,-0.0376012,-0.225336,6.27335,351,586.065,0.261631,-0.215888,6.46215,420.793,589.836,-0.0265037,-0.263903,6.2658,353.649,576.757,0.435102,0.0420229,6.46151,461.111,649.766,-0.0885523,-0.0302669,6.07307,338.106,632.517,0.451592,0.0718166,6.46931,464.817,656.669,-0.104075,-0.000928998,6.05772,334.202,639.77,0.426242,0.0141033,6.43529,459.456,643.291,-0.0614138,-0.0551162,6.07692,344.825,626.381,0.563751,-0.0323601,6.24504,495.549,632.219,0.0769888,-0.0948451,5.88294,379.651,615.792,0.265917,1.06493,6.32509,423.128,892.812,0.0415504,1.08593,5.89281,370.588,916.707,0.272811,1.05223,6.40263,423.98,886.77,-0.0338849,1.06833,5.90622,351.385,911.607,0.0976512,1.01444,6.46453,382.682,875.63,-0.0408046,0.980032,6.07043,349.907,882.417,0.269364,1.05858,6.36386,423.557,889.773,0.00383274,1.07713,5.89951,360.976,914.154
113,3.76667,1,178.451,649.339,-0.649763,0.0910801,5.40394,179.454,665.308,-0.727884,0.0883423,5.40456,157.77,664.544,-0.571643,0.0938179,5.40333,201.143,666.072,-0.653509,-0.322399,5.36525,177.104,549.771,-0.655115,-0.499605,5.34867,176.086,499.743,-0.744181,0.483634,5.57919,159.714,770.163,-0.578422,0.510464,5.519,202.628,778.883,-0.74821,0.867899,5.44527,153.677,879.328,-0.623657,0.845896,5.29375,183.101,879.937,-0.768622,0.967164,5.58993,153.534,899.798,-0.599037,0.986998,5.39595,193.303,914.657,-0.617834,-0.68839,5.42569,189.014,449.488,-0.807218,-0.443948,5.30543,131.539,514.352,-0.503687,-0.489114,5.32285,217.911,502.022,-0.802138,-0.491037,5.31003,133.173,501.145,-0.524079,-0.522238,5.31402,211.913,492.433,-1.06475,-0.408196,5.43217,65.6832,527.167,-0.322957,-0.707284,5.42166,270.555,444.114,-1.09241,-0.401525,5.44502,58.7485,529.272,-0.290325,-0.708014,5.44289,279.906,444.676,-1.03418,-0.432244,5.43187,74.1162,520.512,-0.350256,-0.720096,5.40908,262.769,440.101,-1.01929,-0.660067,5.50393,81.9226,459.923,-0.283382,-0.969055,5.41643,281.44,371.355,-0.736465,0.96521,5.61242,162.964,898.235,-0.627798,0.989462,5.42243,186.152,913.998,-0.800778,0.969118,5.56745,144.028,901.374,-0.570277,0.984535,5.36948,200.524,915.322,-0.74746,0.905846,5.39976,152.147,891.897,-0.632945,0.867957,5.23867,178.579,888.783,-0.768622,0.967164,5.58993,153.534,899.798,-0.599037,0.986998,5.39595,193.303,914.657
113,3.76667,2,382.029,704.571,0.0388264,0.333385,6.3529,369.177,718.798,0.100571,0.332409,6.40939,383.561,717.875,-0.0229179,0.334361,6.29642,354.535,719.738,0.0604875,-0.0766981,6.3562,374.289,621.881,0.0697709,-0.252448,6.35761,376.479,580.376,0.280221,0.701933,6.28602,426.937,807.673,0.0930048,0.651019,6.03121,383.155,802.081,0.0991097,1.00138,6.48824,382.937,871.747,-0.0748556,1.00571,6.11692,341.625,886.878,0.243239,1.07852,6.43668,416.743,891.599,-0.0299257,1.09794,5.9722,352.476,916.05,0.0909257,-0.453762,6.30572,381.652,531.947,0.18127,-0.194138,6.49272,401.922,595.102,-0.0747104,-0.229277,6.25471,342.064,584.958,0.186878,-0.238268,6.48035,403.302,584.791,-0.0616742,-0.268132,6.24987,345.182,575.58,0.425554,-0.0515168,6.54184,457.678,628.175,-0.118785,-0.0680399,6.02168,330.38,623.034,0.450612,-0.030529,6.55149,463.277,633.003,-0.12766,-0.045099,5.99772,328.04,628.709,0.411244,-0.0781014,6.51547,454.776,622.001,-0.0950648,-0.0932324,6.03643,336.353,616.808,0.538482,-0.21448,6.37282,486.877,589.464,0.0596937,-0.217039,5.90912,375.169,584.849,0.242783,1.08456,6.39756,416.983,894.556,0.00911259,1.10365,5.97119,362.292,917.532,0.243694,1.07248,6.47581,416.506,888.679,-0.0689639,1.09224,5.97321,342.664,914.569,0.063494,1.03496,6.52442,374.613,878.19,-0.111394,1.04065,6.14967,332.801,894.096,0.243239,1.07852,6.43668,416.743,891.599,-0.0299257,1.09794,5.9722,352.476,916.05
114,3.8,1,174.787,648.346,-0.660072,0.0796458,5.42402,177.269,662.049,-0.73937,0.0796741,5.42038,155.179,662.071,-0.580773,0.0796175,5.42765,199.329,662.026,-0.671298,-0.329721,5.37881,172.599,547.954,-0.676109,-0.505164,5.35943,170.574,498.467,-0.766845,0.495425,5.56054,152.922,773.784,-0.583543,0.50768,5.52767,201.484,777.908,-0.764535,0.87722,5.40288,147.522,883.796,-0.640738,0.841305,5.29255,178.215,878.688,-0.791338,0.977217,5.54441,145.686,904.654,-0.623578,0.995441,5.37783,185.889,917.94,-0.637779,-0.697165,5.4294,183.615,447.191,-0.818395,-0.450968,5.30824,128.498,512.433,-0.528909,-0.491419,5.34134,211.313,501.852,-0.813247,-0.49798,5.31076,130.063,499.202,-0.547309,-0.523995,5.33059,205.83,492.397,-1.08858,-0.461517,5.41135,57.938,511.937,-0.356047,-0.725128,5.41266,261.227,438.838,-1.11933,-0.455158,5.42047,49.9278,513.914,-0.32322,-0.724638,5.43333,270.675,439.738,-1.05816,-0.484512,5.41427,66.5359,505.628,-0.380994,-0.738198,5.40092,254.076,434.767,-1.06895,-0.717413,5.48492,67.3619,443.6,-0.282056,-0.981961,5.40621,281.66,367.263,-0.760244,0.975185,5.5682,154.988,902.975,-0.652221,0.999472,5.40412,178.777,917.708,-0.822432,0.979249,5.52061,136.305,906.348,-0.594934,0.991411,5.35154,193.071,918.175,-0.761753,0.914562,5.35608,146.445,896.395,-0.652086,0.857874,5.23614,173.002,886.011,-0.791338,0.977217,5.54441,145.686,904.654,-0.623578,0.995441,5.37783,185.889,917.94
114,3.8,2,373.238,704.543,0.00234973,0.335847,6.405,360.551,718.735,0.0621425,0.332494,6.46216,374.44,717.259,-0.057443,0.3392,6.34783,346.412,720.237,0.0243891,-0.0718946,6.38935,365.732,623.104,0.0338345,-0.246641,6.38264,367.96,581.976,0.238937,0.711989,6.37539,416.276,807.691,0.0653585,0.649866,6.08098,376.139,800.47,0.0700493,1.03589,6.5534,376.05,877.35,-0.0828741,1.01918,6.1447,339.748,889.054,0.217745,1.10742,6.50454,410.266,895.646,-0.0558258,1.12642,6.00313,346.036,921.751,0.0646457,-0.44058,6.30952,375.385,535.149,0.13997,-0.201451,6.51959,392.237,593.603,-0.109219,-0.217801,6.28904,333.923,587.998,0.138995,-0.246681,6.50555,392.082,583.063,-0.0970927,-0.258901,6.2883,336.816,578.178,0.40443,-0.164121,6.60469,451.946,602.688,-0.169958,-0.154572,6.02307,317.629,601.465,0.433892,-0.155737,6.6166,458.467,604.657,-0.179289,-0.143546,5.99333,315.081,604.036,0.383237,-0.185483,6.5788,447.471,597.665,-0.146417,-0.172933,6.04519,323.631,597.045,0.440852,-0.385494,6.47764,462.192,550.64,-0.00888517,-0.348417,5.98068,357.769,552.524,0.219084,1.11166,6.46522,410.883,898.186,-0.0171984,1.13269,5.99814,355.695,923.555,0.216407,1.10318,6.54387,409.657,893.137,-0.0944532,1.12015,6.00813,336.394,919.951,0.0341221,1.07295,6.58625,367.779,884.616,-0.116122,1.05214,6.18125,331.791,895.587,0.217745,1.10742,6.50454,410.266,895.646,-0.0558258,1.12642,6.00313,346.036,921.751
115,3.83333,1,173.127,642.472,-0.666139,0.0567988,5.44613,176.338,655.66,-0.745236,0.057627,5.43847,154.24,655.911,-0.587042,0.0559707,5.45379,198.373,655.41,-0.679901,-0.354212,5.40154,170.996,541.534,-0.685799,-0.53036,5.38243,168.68,492.043,-0.782977,0.483902,5.54677,148.041,770.997,-0.587159,0.487278,5.5478,201.08,771.886,-0.780601,0.863693,5.38802,142.458,880.698,-0.635375,0.802494,5.28981,179.643,867.795,-0.803703,0.971606,5.5247,141.561,904.073,-0.632739,0.97543,5.33451,181.896,914.564,-0.64889,-0.721492,5.44941,181.201,441.196,-0.823639,-0.475114,5.32516,127.755,506.03,-0.538956,-0.519907,5.36915,209.273,494.601,-0.819021,-0.522135,5.3282,129.189,492.855,-0.557771,-0.551936,5.35821,203.693,485.328,-1.10382,-0.483586,5.3912,52.5643,505.311,-0.368304,-0.753424,5.43528,258.252,431.858,-1.13547,-0.473344,5.39652,44.0606,508.294,-0.33534,-0.751362,5.45554,267.702,433.198,-1.07722,-0.509845,5.3962,60.2509,498.129,-0.392388,-0.767148,5.42445,251.382,427.644,-1.13915,-0.740816,5.44532,45.8756,435.718,-0.280722,-1.00461,5.43616,282.46,362.511,-0.772594,0.969693,5.5485,150.917,902.423,-0.662975,0.983677,5.35788,174.2,915.678,-0.834811,0.973519,5.5009,132.125,905.738,-0.602504,0.967182,5.31114,189.661,913.441,-0.777342,0.899057,5.33998,141.418,892.808,-0.64415,0.805855,5.23186,175.127,871.283,-0.803703,0.971606,5.5247,141.561,904.073,-0.632739,0.97543,5.33451,181.896,914.564
115,3.83333,2,362.694,693.639,-0.0295552,0.290641,6.37108,353.034,708.499,0.0258478,0.287726,6.4308,366.035,707.183,-0.0849583,0.293556,6.31135,339.787,709.841,-0.0153071,-0.129288,6.37262,356.393,609.536,-0.0092008,-0.309257,6.37328,357.832,567.138,0.177928,0.681148,6.41271,401.663,799.493,0.0229536,0.617204,6.06267,365.685,792.865,0.0430606,1.0327,6.56623,369.847,876.158,-0.101326,0.999241,6.10359,335.072,885.826,0.194612,1.11323,6.53214,404.736,895.902,-0.079788,1.12255,5.9716,339.937,922.264,0.0454587,-0.501904,6.30223,370.831,520.417,0.0789742,-0.262595,6.512,378.21,579.45,-0.14723,-0.280116,6.27783,324.785,573,0.0750437,-0.308202,6.50074,377.334,568.811,-0.136174,-0.322351,6.27936,327.437,562.917,0.340281,-0.301397,6.61052,437.294,571.539,-0.22389,-0.266702,6.0074,304.038,573.338,0.370725,-0.301239,6.62389,444.039,571.713,-0.234896,-0.261536,5.97655,300.984,574.291,0.314768,-0.317254,6.58412,431.785,567.648,-0.198166,-0.279606,6.0313,310.664,570.389,0.317713,-0.535208,6.49206,433.484,516.211,-0.046381,-0.457185,5.99115,348.376,525.416,0.199921,1.11707,6.4931,406.233,898.327,-0.0414172,1.12932,5.96538,349.575,924.264,0.189304,1.1094,6.57118,403.257,893.506,-0.118159,1.11577,5.97783,330.32,920.269,0.00549397,1.07041,6.59489,361.251,883.716,-0.13166,1.02989,6.14293,327.818,891.742,0.194612,1.11323,6.53214,404.736,895.902,-0.079788,1.12255,5.9716,339.937,922.264
116,3.86667,1,171.028,631.915,-0.681205,0.0147123,5.51835,174.642,644.003,-0.760439,0.0156615,5.51518,152.963,644.264,-0.60197,0.0137631,5.52151,196.296,643.743,-0.694522,-0.393161,5.47851,169.644,532.242,-0.700229,-0.567964,5.46144,167.48,483.845,-0.80602,0.449586,5.60163,143.94,760.515,-0.60471,0.447585,5.61966,198.423,759.594,-0.804087,0.831496,5.43785,137.966,869.602,-0.653192,0.781694,5.37882,177.654,858.219,-0.817932,0.964127,5.55607,138.949,900.561,-0.654197,0.954096,5.4271,178.998,903.978,-0.671236,-0.762944,5.52167,177.464,432.525,-0.838138,-0.515699,5.41038,127.389,496.876,-0.553803,-0.556197,5.4407,207.158,486.497,-0.832901,-0.562588,5.41486,129.034,483.992,-0.573124,-0.588648,5.43122,201.549,477.258,-1.1253,-0.518219,5.45071,50.0021,497.241,-0.375487,-0.784528,5.49992,257.486,425.812,-1.15591,-0.500571,5.45001,41.5302,502.085,-0.342008,-0.780282,5.51803,266.933,427.671,-1.10603,-0.546501,5.46142,55.9098,489.745,-0.398539,-0.799386,5.49118,251.02,421.408,-1.2474,-0.744161,5.5202,20.6909,437.579,-0.268918,-1.02968,5.50555,286.657,359.17,-0.786659,0.964021,5.57964,148.299,899.432,-0.684826,0.961274,5.45022,171.327,904.835,-0.849206,0.964232,5.5325,129.519,901.699,-0.623568,0.946919,5.40398,186.734,903.113,-0.799926,0.860534,5.38665,137.016,879.879,-0.661188,0.787143,5.321,173.416,862.128,-0.817932,0.964127,5.55607,138.949,900.561,-0.654197,0.954096,5.4271,178.998,903.978
116,3.86667,2,350.966,679.152,-0.0547492,0.219332,6.40292,347.161,691.436,-0.00155918,0.215975,6.46549,359.638,690.159,-0.107939,0.222689,6.34034,334.437,692.739,-0.0588684,-0.192663,6.41838,346.228,594.927,-0.0606338,-0.369232,6.42501,345.83,553.708,0.0976033,0.626477,6.47552,382.633,785.269,-0.0423482,0.594282,6.15044,349.661,785.087,0.0168603,1.02259,6.5692,363.854,873.738,-0.128409,0.998406,6.1456,328.626,883.941,0.16894,1.11313,6.53663,398.808,895.702,-0.0920811,1.11865,6.01024,336.995,919.476,-0.0240764,-0.571232,6.37193,354.326,505.388,0.0213299,-0.329888,6.56255,364.88,564.519,-0.191659,-0.349378,6.33132,314.545,557.14,0.0108593,-0.373671,6.55261,362.488,554.372,-0.181195,-0.390802,6.33597,317.059,547.384,0.247462,-0.447267,6.6861,415.575,539.553,-0.292863,-0.380704,6.06986,287.552,545.822,0.277118,-0.451629,6.70504,422.059,538.86,-0.311508,-0.379582,6.04015,282.56,545.637,0.222064,-0.4601,6.6582,410.08,536.238,-0.261103,-0.386762,6.08908,295.612,544.625,0.201027,-0.691,6.60223,405.72,482.844,-0.0925913,-0.535999,6.01267,336.877,506.144,0.176838,1.11387,6.49783,400.865,897.401,-0.0531286,1.12344,6.00594,346.717,920.875,0.161042,1.11239,6.57544,396.775,894.024,-0.131034,1.11385,6.01454,327.287,918.079,-0.0212981,1.0632,6.59073,355.148,882.227,-0.157265,1.03352,6.18161,321.799,891.05,0.16894,1.11313,6.53663,398.808,895.702,-0.0920811,1.11865,6.01024,336.995,919.476
117,3.9,1,168.27,624.066,-0.69728,-0.0185429,5.62347,173.815,635.049,-0.775864,-0.0177115,5.61335,152.458,635.262,-0.618696,-0.0193743,5.63358,195.094,634.836,-0.71489,-0.419034,5.5878,167.894,527.397,-0.722438,-0.590672,5.57252,165.333,480.839,-0.833509,0.419433,5.68809,139.967,750.723,-0.639114,0.415125,5.73748,192.737,748.643,-0.830992,0.804577,5.52911,134.324,858.502,-0.682568,0.767463,5.51928,174.302,848.794,-0.841326,0.957187,5.6276,135.517,895.397,-0.679646,0.93511,5.58243,177.189,891.525,-0.687274,-0.778597,5.64751,177.268,432.987,-0.862284,-0.541079,5.51723,125.322,492.741,-0.576731,-0.58357,5.55271,204.041,482.191,-0.85638,-0.587629,5.52406,127.217,480.27,-0.597202,-0.61598,5.54464,198.27,473.185,-1.15513,-0.535676,5.54356,47.1166,494.904,-0.390174,-0.806638,5.61376,255.637,424.242,-1.18207,-0.51239,5.53516,39.3315,501,-0.356387,-0.799871,5.63008,264.951,426.672,-1.14341,-0.561795,5.56092,51.256,488.304,-0.412257,-0.822714,5.60712,249.599,419.681,-1.35087,-0.695915,5.63341,-0.0690271,454.507,-0.265632,-1.04532,5.63168,289.175,361.29,-0.810648,0.959459,5.65179,144.628,894.908,-0.711168,0.94192,5.60438,169.46,892.365,-0.872004,0.954915,5.60342,126.327,895.891,-0.648125,0.928301,5.56049,184.98,890.679,-0.825273,0.82794,5.47701,133.746,866.986,-0.68847,0.778241,5.46184,170.727,853.952,-0.841326,0.957187,5.6276,135.517,895.397,-0.679646,0.93511,5.58243,177.189,891.525
117,3.9,2,337.482,667.689,-0.085768,0.164799,6.41623,339.928,678.567,-0.0314029,0.161655,6.47234,352.715,677.503,-0.140133,0.167942,6.36013,326.916,679.649,-0.10849,-0.241435,6.45439,334.761,583.832,-0.118228,-0.415535,6.47074,332.565,543.574,0.00938986,0.574625,6.54459,362.154,771.839,-0.12235,0.573327,6.2471,330.592,777.806,0.00384813,0.976937,6.64489,360.87,860.76,-0.156185,0.98497,6.21278,322.252,878.056,0.123539,1.11973,6.6117,388.056,894.298,-0.121282,1.12206,6.08768,330.085,916.762,-0.075522,-0.616493,6.44214,342.397,496.305,-0.0399495,-0.378191,6.59582,350.905,553.904,-0.248222,-0.401999,6.3831,301.608,545.434,-0.055114,-0.418341,6.59141,347.445,544.7,-0.24,-0.443654,6.3882,303.587,535.718,0.142737,-0.565026,6.71075,391.938,513.573,-0.359862,-0.453454,6.12778,271.819,528.885,0.173994,-0.571337,6.73109,398.814,512.547,-0.385672,-0.453746,6.10112,265.081,528.328,0.115684,-0.576225,6.68577,385.982,510.585,-0.324724,-0.454591,6.14023,280.591,528.832,0.0834744,-0.817802,6.67675,378.773,456.081,-0.163265,-0.565951,6.00044,319.144,498.376,0.127517,1.12622,6.57289,389.131,897.283,-0.0826315,1.12797,6.08264,339.602,918.451,0.11956,1.11324,6.65051,386.994,891.349,-0.159933,1.11615,6.09272,320.584,915.076,-0.0344224,1.00649,6.67146,352.252,866.534,-0.179569,1.01794,6.25074,316.864,884.531,0.123539,1.11973,6.6117,388.056,894.298,-0.121282,1.12206,6.08768,330.085,916.762
118,3.93333,1,167.506,616.111,-0.721648,-0.0481566,5.77203,172.267,627.472,-0.79911,-0.049711,5.76081,151.711,627.043,-0.644185,-0.0466021,5.78324,192.744,627.9,-0.73113,-0.446196,5.73055,168.424,523.085,-0.735194,-0.616784,5.71278,166.76,477.883,-0.869021,0.372668,5.86851,137.646,735.354,-0.665935,0.384679,5.87497,189.796,738.318,-0.860697,0.761114,5.72713,134.339,839.552,-0.708856,0.75337,5.69296,173.034,838.707,-0.874161,0.917148,5.82124,134.515,876.574,-0.704436,0.922923,5.75518,176.209,880.796,-0.697513,-0.804955,5.77892,178.763,430.846,-0.874355,-0.566041,5.65605,127.878,489.728,-0.587295,-0.613634,5.69903,205.261,478.322,-0.870235,-0.612594,5.66421,129.304,477.604,-0.609495,-0.645083,5.69028,199.165,469.774,-1.16181,-0.527791,5.66691,52.1544,500.151,-0.400402,-0.832685,5.74661,255.377,422.424,-1.18202,-0.501884,5.65016,45.8706,506.622,-0.366758,-0.824214,5.76162,264.418,425.198,-1.15793,-0.549384,5.6893,54.3907,495.003,-0.421193,-0.84943,5.74098,249.837,417.831,-1.40431,-0.606214,5.75089,-6.66551,481.717,-0.258969,-1.06163,5.76146,292.507,363.316,-0.844871,0.91984,5.84701,143.03,876.223,-0.735321,0.930023,5.77788,168.904,881.695,-0.903451,0.914456,5.79547,125.923,876.928,-0.67355,0.915823,5.73248,183.571,879.89,-0.852086,0.783644,5.67602,134.585,847.309,-0.716012,0.765211,5.63706,169.274,843.831,-0.874161,0.917148,5.82124,134.515,876.574,-0.704436,0.922923,5.75518,176.209,880.796
118,3.93333,2,327.214,657.135,-0.125945,0.117723,6.52669,331.025,667.084,-0.0733188,0.117336,6.59004,343.294,666.735,-0.178571,0.11811,6.46334,318.514,667.439,-0.156533,-0.284558,6.59676,324.37,575.229,-0.169641,-0.456965,6.62679,321.561,536.457,-0.0403277,0.534755,6.64008,350.88,760.927,-0.176271,0.53699,6.41471,318.738,765.699,-0.0532607,0.940975,6.71089,348.083,850.543,-0.19111,0.948586,6.39667,315.139,862.672,0.0594839,1.08574,6.66487,373.401,884.611,-0.125013,1.09773,6.30037,330.206,901.622,-0.14432,-0.655675,6.65114,327.418,491.975,-0.0944069,-0.422734,6.74961,338.998,545.956,-0.291727,-0.451656,6.52418,292.858,536.05,-0.116242,-0.455908,6.74679,334.129,538.534,-0.283481,-0.493151,6.53054,294.82,526.61,0.028079,-0.65812,6.86556,366.141,496.063,-0.430575,-0.457964,6.27564,256.977,530.424,0.0594015,-0.66518,6.88819,372.949,494.997,-0.459414,-0.452177,6.25288,249.677,531.415,0.0026526,-0.667904,6.84227,360.582,493.426,-0.394649,-0.462266,6.28315,265.686,529.527,-0.026301,-0.913322,6.87317,354.254,440.469,-0.260043,-0.544865,6.10131,296.002,505.906,0.0622888,1.09004,6.62575,374.116,887.031,-0.0862191,1.10259,6.30464,339.465,902.601,0.0566791,1.08144,6.704,372.695,882.221,-0.163807,1.09288,6.29609,320.933,900.642,-0.092105,0.97042,6.73565,339.467,856.333,-0.219871,0.978109,6.43242,308.674,868.326,0.0594839,1.08574,6.66487,373.401,884.611,-0.125013,1.09773,6.30037,330.206,901.622
119,3.96667,1,167.801,613.328,-0.73686,-0.0643157,5.86392,171.314,623.531,-0.81394,-0.0681837,5.85742,151.345,622.521,-0.65978,-0.0604477,5.87042,191.239,624.538,-0.738703,-0.46056,5.82634,169.622,521.305,-0.739493,-0.63038,5.81023,168.89,477.089,-0.877322,0.360893,5.94014,138.229,731.227,-0.678083,0.374377,5.94498,188.732,734.559,-0.875558,0.752142,5.80608,133.565,834.518,-0.714403,0.752793,5.78243,174.486,835.482,-0.88966,0.9106,5.89633,133.439,871.893,-0.702885,0.923635,5.84258,179.356,877.377,-0.701948,-0.81834,5.87573,180.615,430.871,-0.87774,-0.575297,5.76045,131.202,490.039,-0.593713,-0.628317,5.79107,206.057,477.084,-0.876607,-0.622567,5.768,131.797,477.93,-0.615641,-0.660002,5.78345,200.161,468.643,-1.16025,-0.511897,5.78066,58.6176,507.032,-0.408254,-0.84931,5.83029,254.856,421.265,-1.17467,-0.481585,5.76573,54.0818,514.582,-0.374254,-0.839242,5.84264,263.817,424.315,-1.16132,-0.533997,5.79981,59.3354,501.749,-0.427836,-0.866241,5.82702,249.751,416.779,-1.42339,-0.540508,5.83816,-6.09143,500.983,-0.249869,-1.06975,5.84707,295.832,365.282,-0.860321,0.914164,5.92188,141.856,871.797,-0.732686,0.931799,5.86628,172.458,878.508,-0.918999,0.907037,5.87079,124.949,871.991,-0.673085,0.91547,5.81888,186.311,876.237,-0.867183,0.773888,5.75489,133.736,841.922,-0.722505,0.765189,5.72745,170.582,840.609,-0.88966,0.9106,5.89633,133.439,871.893,-0.702885,0.923635,5.84258,179.356,877.377
119,3.96667,2,320.964,648.585,-0.158739,0.0796321,6.69586,324.402,657.858,-0.103048,0.080862,6.75771,337.103,657.967,-0.21443,0.0784021,6.63401,311.465,657.746,-0.181966,-0.319548,6.76747,319.626,569.099,-0.191921,-0.490625,6.79817,317.609,531.632,-0.0786446,0.500789,6.75163,342.509,751.375,-0.209262,0.491437,6.55434,312.059,752.585,-0.129639,0.907817,6.79459,331.351,840.622,-0.240082,0.901851,6.53223,304.813,847.308,-0.0456535,1.05874,6.71908,349.797,876.604,-0.182076,1.05127,6.43327,317.502,885.372,-0.173815,-0.6934,6.80851,321.667,487.076,-0.123928,-0.462489,6.9182,333.102,539.619,-0.31438,-0.480965,6.70042,289.548,532.216,-0.144517,-0.493347,6.91638,328.625,532.893,-0.306637,-0.523241,6.70139,291.293,522.759,-0.0384936,-0.724101,6.99146,351.733,484.485,-0.479693,-0.451456,6.47779,248.807,535.352,-0.0069166,-0.735813,7.01184,358.519,482.428,-0.510694,-0.444308,6.45985,241.292,536.723,-0.0644447,-0.72903,6.96934,346.115,482.929,-0.443219,-0.453806,6.48066,257.307,534.854,-0.10463,-0.973179,6.98365,337.503,430.756,-0.323001,-0.489186,6.27934,282.762,523.023,-0.0505768,1.0599,6.67994,348.631,878.252,-0.143309,1.05714,6.43637,326.567,886.623,-0.0407301,1.05757,6.75821,350.95,874.975,-0.220844,1.0454,6.43016,308.429,884.12,-0.166917,0.934884,6.82448,323.274,845.698,-0.269495,0.93051,6.56889,298.397,852.702,-0.0456535,1.05874,6.71908,349.797,876.604,-0.182076,1.05127,6.43327,317.502,885.372
120,4,1,169.484,611.82,-0.732388,-0.0718631,5.86687,172.553,621.607,-0.807078,-0.0758179,5.8544,152.997,620.554,-0.657698,-0.0679083,5.87934,192.027,622.656,-0.729132,-0.465718,5.828,172.142,520.01,-0.727736,-0.634513,5.81134,171.964,476.052,-0.871097,0.354394,5.94513,139.987,729.509,-0.68482,0.369745,5.95101,187.206,733.294,-0.872696,0.744203,5.81118,134.503,832.296,-0.709189,0.758188,5.81549,176.887,835.764,-0.898216,0.896364,5.90724,131.683,867.846,-0.695861,0.917902,5.8988,182.866,873.655,-0.69444,-0.822861,5.87211,182.424,429.586,-0.855923,-0.580101,5.75186,136.556,488.561,-0.586539,-0.632061,5.79924,208.131,476.345,-0.859063,-0.626928,5.76047,136.072,476.581,-0.607513,-0.663293,5.79125,202.483,468.021,-1.12851,-0.483789,5.7523,65.4172,513.714,-0.408935,-0.859684,5.82696,254.621,418.467,-1.13796,-0.452179,5.73792,62.2072,521.669,-0.375368,-0.851923,5.84004,263.487,420.958,-1.13389,-0.50573,5.7699,64.9168,508.389,-0.4285,-0.875468,5.82244,249.493,414.224,-1.39887,-0.482038,5.78622,-3.01611,514.908,-0.256921,-1.08705,5.83135,293.843,360.088,-0.870168,0.899914,5.93406,139.812,867.715,-0.726808,0.924147,5.92145,175.696,874.345,-0.926263,0.892814,5.88041,123.479,867.979,-0.664914,0.911658,5.87616,190.092,872.96,-0.863574,0.768023,5.76089,134.912,840.183,-0.713794,0.777771,5.76201,173.988,842.685,-0.898216,0.896364,5.90724,131.683,867.846,-0.695861,0.917902,5.8988,182.866,873.655
120,4,2,316.857,636.665,-0.166033,0.0241821,6.706,322.823,645.415,-0.110511,0.0277025,6.76636,335.476,646.148,-0.221555,0.0206617,6.64564,309.94,644.668,-0.203989,-0.375046,6.79884,314.948,557.169,-0.220255,-0.546144,6.83862,311.638,520.083,-0.104123,0.454139,6.73013,336.769,741.323,-0.219259,0.431379,6.52519,309.545,739.268,-0.184111,0.86076,6.77004,319.165,830.912,-0.271736,0.84316,6.49797,297.207,834.839,-0.124851,1.01552,6.67982,331.935,868.278,-0.227694,0.990527,6.38991,306.494,872.763,-0.188944,-0.735849,6.82408,318.425,478.085,-0.161731,-0.517101,6.96512,325.133,528.522,-0.339652,-0.538,6.73538,284.279,520.06,-0.182377,-0.547584,6.9597,320.652,521.858,-0.333272,-0.579097,6.73192,285.663,510.832,-0.0968353,-0.766497,7.09898,339.518,477.872,-0.497274,-0.421134,6.52356,245.54,543.066,-0.0693543,-0.775441,7.12601,345.386,476.603,-0.533443,-0.405137,6.51708,237.093,546.655,-0.119355,-0.774873,7.0736,334.664,475.513,-0.462829,-0.426388,6.51693,253.36,541.756,-0.173464,-1.02274,7.11931,323.414,424.291,-0.432276,-0.378803,6.26889,256.459,549.267,-0.135791,1.01496,6.64189,329.301,869.456,-0.188906,0.997167,6.3893,315.605,874.346,-0.113911,1.01607,6.71776,334.538,867.113,-0.266482,0.983886,6.39051,297.386,871.181,-0.218766,0.88558,6.80523,311.73,835.402,-0.299775,0.871585,6.53671,291.138,840.214,-0.124851,1.01552,6.67982,331.935,868.278,-0.227694,0.990527,6.38991,306.494,872.763
121,4.03333,1,171.81,610.852,-0.72469,-0.0770504,5.85758,174.23,620.249,-0.798531,-0.0817881,5.84425,154.834,618.986,-0.650849,-0.0723127,5.87092,193.537,621.505,-0.716249,-0.465572,5.81856,175.162,519.853,-0.712631,-0.632082,5.80184,175.566,476.412,-0.863179,0.34634,5.93521,141.623,727.621,-0.678638,0.362869,5.9457,188.613,731.641,-0.861589,0.736839,5.80207,137.023,830.692,-0.697779,0.756575,5.82348,180.08,835.08,-0.886314,0.890083,5.8968,134.309,866.65,-0.682324,0.908508,5.91899,186.904,870.475,-0.685494,-0.820471,5.86045,184.363,429.78,-0.839047,-0.576346,5.74054,140.529,489.245,-0.571732,-0.631922,5.7898,211.724,476.114,-0.843924,-0.622866,5.74904,139.58,477.317,-0.593269,-0.662267,5.7813,205.912,467.991,-1.10218,-0.458909,5.74076,71.7118,519.967,-0.400269,-0.864419,5.80977,256.549,416.587,-1.11164,-0.427623,5.72615,68.4953,527.865,-0.366348,-0.859169,5.82292,265.53,418.446,-1.10754,-0.48128,5.75966,71.2606,514.529,-0.421061,-0.879153,5.80447,251.076,412.572,-1.36904,-0.460142,5.79149,5.04949,520.699,-0.265742,-1.10154,5.80154,291.22,354.898,-0.858517,0.893531,5.92387,142.387,866.489,-0.713411,0.913557,5.94171,179.71,870.87,-0.91411,0.886635,5.86973,126.158,866.814,-0.651238,0.90346,5.89627,194.154,870.078,-0.851727,0.760397,5.7519,137.653,838.505,-0.701279,0.780216,5.77119,177.54,842.998,-0.886314,0.890083,5.8968,134.309,866.65,-0.682324,0.908508,5.91899,186.904,870.475
121,4.03333,2,313.123,630.842,-0.166474,-0.00388545,6.69982,322.69,639.129,-0.108406,0.000195384,6.7577,335.912,640.043,-0.224542,-0.00796628,6.64194,309.237,638.199,-0.223712,-0.399446,6.7901,310.528,551.667,-0.248243,-0.568972,6.8288,305.415,514.891,-0.133744,0.423784,6.70417,330.045,734.917,-0.227929,0.398001,6.50735,307.406,731.838,-0.22726,0.828885,6.71796,309.204,825.268,-0.286486,0.808341,6.47931,293.608,827.331,-0.166205,0.970821,6.61289,322.261,860.44,-0.240708,0.9495,6.36532,303.218,863.984,-0.203533,-0.754731,6.8022,315.071,473.396,-0.188302,-0.548804,6.95608,319.353,521.534,-0.372997,-0.544487,6.73036,276.783,518.523,-0.210306,-0.578364,6.94836,314.552,515.014,-0.369805,-0.585727,6.7235,277.411,509.19,-0.134093,-0.796537,7.10047,331.643,471.554,-0.51709,-0.38235,6.53693,241.222,552.173,-0.105828,-0.803035,7.12762,337.706,470.826,-0.553462,-0.363945,6.53593,232.848,556.387,-0.156238,-0.806875,7.07712,326.851,468.804,-0.484153,-0.387,6.52776,248.632,550.98,-0.200825,-1.05574,7.15366,317.847,418.398,-0.477146,-0.281818,6.28843,246.066,572.707,-0.17798,0.96708,6.57541,319.357,860.842,-0.20179,0.95506,6.364,312.389,865.343,-0.15443,0.974562,6.65037,325.132,860.042,-0.279626,0.94394,6.36664,294.051,862.626,-0.262272,0.857225,6.75162,301.671,830.647,-0.313866,0.838576,6.51771,287.691,833.192,-0.166205,0.970821,6.61289,322.261,860.44,-0.240708,0.9495,6.36532,303.218,863.984
122,4.06667,1,179.194,613.491,-0.701795,-0.0660715,5.88188,180.842,623.133,-0.777501,-0.0727484,5.86917,161.085,621.388,-0.626089,-0.0593947,5.89458,200.513,624.87,-0.689406,-0.459364,5.84638,182.936,522.019,-0.684097,-0.627918,5.83117,183.841,478.308,-0.841786,0.359938,5.95257,147.656,730.796,-0.649888,0.378055,5.97444,196.663,735.017,-0.833813,0.744124,5.8013,144.183,832.603,-0.667326,0.774378,5.85832,188.956,838.482,-0.856184,0.899806,5.89226,141.813,869.303,-0.655638,0.911495,5.97257,195.166,869.158,-0.654634,-0.819042,5.88224,192.892,430.923,-0.808155,-0.57243,5.7679,149.613,490.979,-0.544164,-0.628428,5.82114,219.633,477.897,-0.814002,-0.618697,5.77735,148.437,479.198,-0.565909,-0.658665,5.8129,213.817,469.857,-1.06498,-0.45357,5.75161,81.9688,521.588,-0.374384,-0.857193,5.83927,263.728,419.574,-1.07524,-0.424203,5.73397,78.426,528.914,-0.340453,-0.850914,5.85189,272.642,421.661,-1.06971,-0.474708,5.77346,81.7896,516.538,-0.394883,-0.87228,5.83454,258.374,415.513,-1.32563,-0.462892,5.81136,17.4805,520.396,-0.236227,-1.08797,5.83249,299.184,359.904,-0.828348,0.903438,5.91933,149.872,869.176,-0.687359,0.913201,5.99497,187.837,868.729,-0.884019,0.896175,5.86519,133.68,869.432,-0.623917,0.909789,5.95016,202.551,869.591,-0.823296,0.766041,5.75025,145.013,840.036,-0.669596,0.803832,5.80792,186.885,847.82,-0.856184,0.899806,5.89226,141.813,869.303,-0.655638,0.911495,5.97257,195.166,869.158
122,4.06667,2,314.864,627.994,-0.15223,-0.0161783,6.71828,325.976,636.384,-0.0922506,-0.0128222,6.77637,339.558,637.159,-0.21221,-0.0195345,6.66018,312.157,635.596,-0.218564,-0.411784,6.79117,311.675,548.953,-0.246992,-0.58133,6.82241,305.639,512.054,-0.134201,0.409996,6.74804,330.138,731.232,-0.214415,0.383905,6.52391,310.65,728.36,-0.258585,0.806579,6.79071,302.822,818.351,-0.26038,0.795567,6.47777,299.643,824.414,-0.175427,0.947542,6.70534,320.716,852.188,-0.202125,0.92996,6.36072,312.285,859.534,-0.206178,-0.767361,6.78727,314.387,470.235,-0.182812,-0.576337,6.95067,320.507,515.493,-0.37588,-0.537513,6.73302,276.173,520.127,-0.207156,-0.603927,6.93947,315.176,509.322,-0.375755,-0.577805,6.72176,276.061,510.925,-0.137062,-0.830643,7.09008,330.973,464.084,-0.521178,-0.331078,6.58737,241.2,564.532,-0.109408,-0.836438,7.11836,336.921,463.56,-0.556441,-0.31107,6.59131,233.238,569.135,-0.15752,-0.841287,7.06638,326.528,461.232,-0.488387,-0.335294,6.57631,248.487,563.443,-0.192788,-1.09408,7.14641,319.493,410.118,-0.475104,-0.182407,6.36333,247.889,596.957,-0.180804,0.94567,6.6663,319.275,853.009,-0.162953,0.933379,6.36101,321.534,860.331,-0.170049,0.949414,6.74438,322.14,851.376,-0.241298,0.926542,6.36043,303.035,858.736,-0.299349,0.83404,6.82049,294.097,823.617,-0.288119,0.828847,6.51316,293.576,831.084,-0.175427,0.947542,6.70534,320.716,852.188,-0.202125,0.92996,6.36072,312.285,859.534
123,4.1,1,186.413,618.312,-0.679463,-0.0466731,5.91763,187.591,628.157,-0.756174,-0.0551496,5.90626,167.757,625.979,-0.602752,-0.0381966,5.929,207.349,630.326,-0.664502,-0.440223,5.88914,190.571,527.756,-0.65809,-0.608888,5.87693,191.857,484.429,-0.818514,0.376027,5.98939,154.796,734.271,-0.62418,0.395895,6.01741,204.245,738.79,-0.808913,0.759056,5.83733,151.92,835.255,-0.642163,0.793123,5.9077,196.781,841.588,-0.828168,0.911625,5.93292,150.4,870.723,-0.626762,0.927191,6.02485,203.794,871.082,-0.62171,-0.793968,5.93891,202.811,439.258,-0.786312,-0.556413,5.81575,156.983,496.341,-0.517846,-0.60835,5.86187,227.35,484.167,-0.790205,-0.602535,5.82598,156.336,484.706,-0.539283,-0.639585,5.85487,221.694,475.97,-1.05333,-0.45069,5.81954,88.2206,523.713,-0.337569,-0.833528,5.89258,273.98,427.598,-1.06973,-0.423364,5.80316,83.2096,530.455,-0.303183,-0.827041,5.90506,282.905,429.697,-1.05211,-0.472561,5.84334,89.6391,518.566,-0.358926,-0.849065,5.88816,268.469,423.477,-1.29502,-0.497533,5.9267,31.8986,513.947,-0.205095,-1.06885,5.89207,307.733,367.609,-0.799476,0.91458,5.95922,158.554,870.449,-0.657994,0.928529,6.04802,196.638,870.528,-0.85686,0.908671,5.90662,142.172,870.999,-0.59553,0.925853,6.00168,211.004,871.639,-0.799524,0.781994,5.78607,152.513,842.937,-0.645146,0.823678,5.85786,194.628,851.135,-0.828168,0.911625,5.93292,150.4,870.723,-0.626762,0.927191,6.02485,203.794,871.082
123,4.1,2,317.308,627.511,-0.137606,-0.018299,6.717,329.239,635.909,-0.0786902,-0.0152873,6.77456,342.559,636.612,-0.196521,-0.0213106,6.65945,315.689,635.195,-0.213129,-0.410342,6.77577,312.769,549.065,-0.245496,-0.57836,6.80096,305.798,512.306,-0.133846,0.401978,6.75111,330.23,729.407,-0.187578,0.36847,6.49916,316.662,725.131,-0.270655,0.794772,6.79061,300.152,815.742,-0.227894,0.77726,6.43069,306.787,821.489,-0.161885,0.921722,6.71949,323.825,845.971,-0.157592,0.888581,6.29921,322.434,851.813,-0.210521,-0.766718,6.75321,313.191,469.522,-0.170903,-0.588895,6.92772,322.957,512.359,-0.37718,-0.508749,6.72237,275.75,526.362,-0.19867,-0.613621,6.91559,316.863,506.766,-0.381187,-0.548601,6.70808,274.674,517.199,-0.122937,-0.855944,7.03602,333.764,457.333,-0.514631,-0.27505,6.62042,243.278,577.617,-0.0921198,-0.864352,7.06029,340.408,456.172,-0.547158,-0.252663,6.63044,236.088,582.781,-0.146036,-0.86403,7.01442,328.738,455.039,-0.48342,-0.28091,6.6056,250.111,576.145,-0.175818,-1.11687,7.08089,322.716,403.158,-0.472899,-0.108918,6.41498,249.308,614.506,-0.161869,0.919759,6.68008,323.615,846.745,-0.118316,0.88976,6.30093,331.804,852.037,-0.161901,0.923685,6.7589,324.032,845.206,-0.196867,0.887402,6.29749,313.059,851.59,-0.313916,0.825915,6.81523,290.837,821.969,-0.255878,0.816837,6.46055,300.529,829.849,-0.161885,0.921722,6.71949,323.825,845.971,-0.157592,0.888581,6.29921,322.434,851.813
124,4.13333,1,196.913,626.512,-0.643892,-0.0131195,5.98502,198.456,636.709,-0.720606,-0.0204864,5.97122,178.792,634.848,-0.567178,-0.00575262,5.99883,218.03,638.56,-0.630412,-0.410411,5.95332,200.996,536.485,-0.624634,-0.580679,5.93973,202.093,493.205,-0.783261,0.409119,6.03255,165.039,741.834,-0.587303,0.424897,6.07873,214.925,744.957,-0.778591,0.781753,5.86895,160.799,840.01,-0.607625,0.823842,5.99975,207.929,846.184,-0.798895,0.936236,5.96107,158.763,875.833,-0.585455,0.950317,6.12479,216.469,872.981,-0.59754,-0.772824,5.99309,210.287,446.37,-0.757869,-0.52725,5.88054,166.483,505.37,-0.480846,-0.57837,5.92825,238.207,493.505,-0.759201,-0.573821,5.88867,166.41,493.681,-0.501927,-0.609738,5.91964,232.682,485.335,-1.02867,-0.441769,5.9073,98.5262,527.708,-0.301535,-0.801253,5.96988,284.157,438.467,-1.04994,-0.415616,5.89481,92.5531,534.132,-0.267064,-0.792705,5.98272,292.972,441.045,-1.02181,-0.465797,5.93,101.264,522.054,-0.322454,-0.817481,5.96607,278.844,434.254,-1.23876,-0.533075,6.03919,52.0001,507.458,-0.161527,-1.02736,5.98323,319.463,382.172,-0.77013,0.939807,5.98733,166.859,875.694,-0.615825,0.951017,6.14923,209.624,872.226,-0.827659,0.932665,5.93481,150.595,875.972,-0.555085,0.949617,6.10035,223.37,873.742,-0.770061,0.803084,5.81716,161.227,847.297,-0.612488,0.857498,5.95261,205.498,856.306,-0.798895,0.936236,5.96107,158.763,875.833,-0.585455,0.950317,6.12479,216.469,872.981
124,4.13333,2,323.477,628.448,-0.117862,-0.00863966,6.65137,333.393,638.05,-0.0589698,-0.00280035,6.70736,346.799,639.373,-0.176753,-0.014479,6.59538,319.759,636.704,-0.188544,-0.397323,6.69356,317.704,550.869,-0.218836,-0.563901,6.71165,311.041,513.842,-0.115047,0.41093,6.65064,334.025,732.779,-0.133305,0.34421,6.37861,328.619,721.029,-0.265623,0.801914,6.65778,300.093,820.859,-0.152987,0.750598,6.28209,323.433,819.41,-0.170968,0.947574,6.59785,321.091,855.652,-0.0763974,0.857034,6.14984,341.347,849.256,-0.188101,-0.748446,6.65691,317.571,471.177,-0.135188,-0.590926,6.82718,330.267,510.033,-0.348077,-0.483676,6.64889,281.392,530.769,-0.163998,-0.61396,6.8164,323.873,504.753,-0.355393,-0.521087,6.62961,279.506,521.977,-0.0796473,-0.872402,6.87074,342.594,449.342,-0.47751,-0.234078,6.58739,251.154,586.643,-0.0466348,-0.884579,6.88863,349.835,447.182,-0.507606,-0.212328,6.60278,244.564,591.714,-0.104594,-0.876658,6.85146,337.077,447.872,-0.448548,-0.238853,6.56954,257.478,585.407,-0.124102,-1.13902,6.87084,332.879,391.077,-0.447819,-0.0414985,6.40367,254.994,630.269,-0.167542,0.946992,6.55861,321.642,856.809,-0.0372563,0.857694,6.15287,350.908,849.313,-0.174394,0.948155,6.63709,320.546,854.508,-0.115539,0.856374,6.1468,331.776,849.198,-0.31326,0.827232,6.67799,289.563,826.005,-0.180715,0.791663,6.30935,316.992,828.408,-0.170968,0.947574,6.59785,321.091,855.652,-0.0763974,0.857034,6.14984,341.347,849.256
125,4.16667,1,209.397,637.854,-0.596597,0.0352452,6.01204,210.995,648.803,-0.672714,0.0279417,5.9944,191.489,646.999,-0.52048,0.0425487,6.02968,230.386,650.596,-0.58269,-0.365736,5.97252,213.505,548.05,-0.57673,-0.537585,5.95558,214.591,504.461,-0.735333,0.456368,6.0387,177.155,753.479,-0.543254,0.465563,6.12954,226.918,754.05,-0.734616,0.827324,5.8826,172.486,851.178,-0.556278,0.862867,6.0645,222.267,853.645,-0.759441,0.977821,5.97957,169.293,885.546,-0.539423,0.975211,6.20172,229.395,876.118,-0.551822,-0.72944,6.00973,222.125,457.746,-0.709489,-0.482458,5.89085,179.153,517.023,-0.430606,-0.534764,5.94707,251.277,504.979,-0.708664,-0.528995,5.89813,179.586,505.327,-0.452159,-0.566116,5.93745,245.65,496.831,-0.988416,-0.423849,5.90239,108.548,532.173,-0.246007,-0.755676,5.98823,298.313,450.513,-1.01521,-0.403588,5.89161,101.261,537.14,-0.211409,-0.750072,6.00357,307.124,452.399,-0.974481,-0.447219,5.92592,113.078,526.68,-0.269098,-0.771225,5.98134,292.445,446.391,-1.143,-0.570599,6.05243,76.4311,498.439,-0.13261,-0.991851,5.98268,326.717,391.061,-0.731046,0.981084,6.00636,177.242,885.266,-0.571114,0.97391,6.2245,222.228,874.94,-0.787837,0.974559,5.95278,161.272,885.828,-0.507732,0.976513,6.17894,236.615,877.305,-0.726157,0.850171,5.8316,173.024,858.908,-0.558037,0.900351,6.01973,220.803,864.583,-0.759441,0.977821,5.97957,169.293,885.546,-0.539423,0.975211,6.20172,229.395,876.118
125,4.16667,2,330.116,632.462,-0.0994999,0.0136746,6.61235,337.405,643.105,-0.0412079,0.021089,6.66765,350.72,644.749,-0.157792,0.00626016,6.55706,323.866,641.434,-0.161938,-0.371216,6.63474,323.35,555.987,-0.188698,-0.536169,6.64433,317.356,518.831,-0.0931166,0.435522,6.60883,338.843,738.953,-0.0806067,0.332734,6.30139,340.792,719.287,-0.234278,0.830656,6.60726,306.758,828.774,-0.0614063,0.724736,6.1539,345.017,816.836,-0.16159,0.99193,6.54817,322.946,867.459,0.0211084,0.803201,6.00624,365.277,840.8,-0.155706,-0.708619,6.56937,324.41,478.031,-0.0933701,-0.577082,6.75434,339.243,511.709,-0.319438,-0.444954,6.59165,287.233,538.641,-0.124113,-0.599283,6.74239,332.359,506.537,-0.328006,-0.480241,6.56982,285.033,530.239,-0.0165132,-0.854097,6.76655,356.336,450.468,-0.429699,-0.183175,6.56142,261.665,598.081,0.0195507,-0.863859,6.77922,364.33,448.66,-0.457053,-0.161754,6.58208,255.733,603.099,-0.042774,-0.859514,6.7505,350.485,448.812,-0.40307,-0.187426,6.5408,267.468,596.973,-0.0323179,-1.12225,6.75551,352.817,390.555,-0.409165,0.028645,6.40119,264.02,646.719,-0.159155,0.992919,6.50884,323.284,869.062,0.0602605,0.801743,6.00908,375.058,840.341,-0.164025,0.99094,6.58749,322.612,865.876,-0.0180438,0.804659,6.0034,355.487,841.26,-0.282374,0.85113,6.62812,296.03,832.818,-0.0850819,0.771906,6.17421,339.308,827.727,-0.16159,0.99193,6.54817,322.946,867.459,0.0211084,0.803201,6.00624,365.277,840.8
126,4.2,1,219.26,651.011,-0.565268,0.0883088,6.10514,220.972,661.72,-0.642364,0.0815024,6.08623,201.52,660.108,-0.488173,0.0951152,6.12405,240.304,663.321,-0.554494,-0.316268,6.07318,222.905,561.805,-0.549876,-0.489657,6.05949,223.739,518.661,-0.701375,0.511296,6.12529,188.064,765.34,-0.507577,0.52053,6.21556,237.379,765.75,-0.691558,0.87885,5.95997,185.768,861.418,-0.510963,0.917879,6.14555,235.155,864.268,-0.732209,1.02329,6.05929,178.55,893.582,-0.506786,1.02032,6.29042,239.027,883.555,-0.523664,-0.683577,6.11928,231.502,472.262,-0.684569,-0.433866,5.99493,188.535,531.329,-0.40386,-0.482579,6.04951,259.757,520.218,-0.682195,-0.480613,6.00092,189.3,519.74,-0.423572,-0.515768,6.04025,254.703,511.784,-0.965145,-0.4051,6.0277,119.573,539.086,-0.216245,-0.69292,6.11459,306.897,469.84,-0.995515,-0.389047,6.02287,111.808,543.007,-0.182876,-0.692257,6.13315,315.227,470.517,-0.94415,-0.428844,6.04674,125.543,533.507,-0.242528,-0.706461,6.10338,300.333,466.196,-1.05752,-0.595349,6.17146,102.699,495.147,-0.156368,-0.940217,6.0893,321.441,408.152,-0.706216,1.02698,6.08846,185.83,893.279,-0.540519,1.01763,6.31006,231.376,882.158,-0.758201,1.01959,6.03012,171.201,893.887,-0.473053,1.023,6.27079,246.726,884.961,-0.679695,0.903476,5.90964,187.299,869.561,-0.508319,0.95799,6.10225,234.92,875.729,-0.732209,1.02329,6.05929,178.55,893.582,-0.506786,1.02032,6.29042,239.027,883.555
126,4.2,2,335.396,639.482,-0.095089,0.0517013,6.56244,338.243,651.83,-0.040353,0.06163,6.61714,350.843,653.985,-0.149825,0.0417725,6.50774,325.43,649.638,-0.141177,-0.333619,6.59372,327.85,564.026,-0.160929,-0.498756,6.60712,323.427,526.651,-0.0775153,0.479675,6.54576,342.218,750.035,-0.0251625,0.316746,6.2076,353.913,716.618,-0.203143,0.878624,6.54328,313.382,841.628,0.0209626,0.685258,6.01694,365.231,811.01,-0.109557,1.02629,6.48332,334.626,877.692,0.119523,0.747508,5.87124,390.568,831.174,-0.140267,-0.683077,6.54441,327.817,483.274,-0.0539001,-0.533007,6.71415,347.946,520.798,-0.296425,-0.41071,6.548,292.025,545.818,-0.0846531,-0.557373,6.70454,341.041,515.17,-0.303156,-0.446373,6.52717,290.26,537.313,0.0500795,-0.799852,6.6911,371.238,460.504,-0.392359,-0.142805,6.52092,269.652,607.117,0.0878762,-0.807606,6.69774,379.701,458.944,-0.41936,-0.121505,6.54202,263.746,612.112,0.0220406,-0.80626,6.67827,364.956,458.718,-0.365998,-0.146841,6.50088,275.463,606.083,0.0485991,-1.06719,6.65567,370.964,399.236,-0.367002,0.0787811,6.37309,273.531,658.562,-0.106085,1.02596,6.44412,335.281,879.061,0.158097,0.746225,5.87822,400.385,830.619,-0.113028,1.02662,6.52252,333.98,876.34,0.0809487,0.748791,5.86425,380.727,831.73,-0.249559,0.904843,6.56355,302.908,847.003,-0.003784,0.734057,6.02914,359.058,822.817,-0.109557,1.02629,6.48332,334.626,877.692,0.119523,0.747508,5.87124,390.568,831.174
127,4.23333,1,227.284,662.082,-0.537412,0.137117,6.20426,229.935,673.185,-0.616725,0.130947,6.18896,210.371,671.77,-0.458098,0.143287,6.21957,249.404,674.593,-0.530848,-0.268153,6.17283,230.87,574.771,-0.528036,-0.44184,6.15936,231.273,532.286,-0.685369,0.55471,6.25583,195.494,773.145,-0.480018,0.559837,6.34108,246.332,772.569,-0.664098,0.91882,6.0758,195.876,867.075,-0.50993,0.957061,6.25565,237.6,869.726,-0.722112,1.06135,6.16883,184.23,898.345,-0.476953,1.0496,6.40171,248.128,886.189,-0.497286,-0.634066,6.22621,240.071,487.084,-0.667634,-0.382648,6.10735,195.855,545.922,-0.382947,-0.430951,6.1334,266.248,534.496,-0.663931,-0.429578,6.1111,196.865,534.448,-0.402248,-0.466628,6.12846,261.444,525.67,-0.937564,-0.378477,6.18588,132.416,548.129,-0.170528,-0.612373,6.18608,318.608,491.358,-0.968738,-0.367339,6.19058,125.027,550.9,-0.136627,-0.617661,6.19748,326.897,490.349,-0.910434,-0.40284,6.1946,139.312,542.352,-0.202672,-0.622547,6.17908,310.749,488.717,-0.962052,-0.609915,6.28837,130.278,494.362,-0.200893,-0.858742,6.13827,310.857,429.932,-0.699381,1.0668,6.20034,190.628,898.35,-0.506424,1.04616,6.42719,241.686,884.411,-0.744843,1.05591,6.13733,177.766,898.339,-0.447483,1.05303,6.37623,254.621,887.981,-0.64796,0.9436,6.02628,198.549,875.115,-0.516077,0.999192,6.21339,235.282,881.47,-0.722112,1.06135,6.16883,184.23,898.345,-0.476953,1.0496,6.40171,248.128,886.189
127,4.23333,2,337.109,647.585,-0.105595,0.0984341,6.60032,335.977,662.394,-0.0502174,0.109383,6.65433,348.668,664.682,-0.160972,0.0874856,6.54632,323.077,660.067,-0.135397,-0.288172,6.62639,329.319,574.699,-0.14817,-0.453861,6.63757,326.481,537.327,-0.0681684,0.533427,6.57585,344.434,761.805,0.00158175,0.309597,6.21385,360.382,714.813,-0.174583,0.941818,6.57126,320.107,855.209,0.0951708,0.640028,5.97014,383.937,800.975,-0.0763208,1.08475,6.50724,342.389,890.309,0.200286,0.673397,5.81858,411.686,813.779,-0.108764,-0.623417,6.55183,335.073,497.124,-0.0306161,-0.497658,6.73559,353.175,529.057,-0.294337,-0.37259,6.58831,292.917,555.082,-0.0626151,-0.520621,6.72324,346.016,523.725,-0.297431,-0.407549,6.56697,291.991,546.813,0.10204,-0.746352,6.68001,382.937,472.232,-0.383495,-0.101283,6.57555,272.427,616.871,0.136323,-0.75715,6.69521,390.574,470.191,-0.410249,-0.0796429,6.59588,266.606,621.869,0.0787835,-0.747863,6.65743,377.769,471.322,-0.356108,-0.10585,6.55655,278.445,615.759,0.118938,-0.987858,6.56482,387.204,414.049,-0.334626,0.120605,6.43698,281.941,668.134,-0.0737847,1.08382,6.46799,342.871,891.611,0.238544,0.669772,5.82635,421.477,812.613,-0.078857,1.08569,6.54648,341.913,889.023,0.162027,0.677021,5.81081,401.869,814.948,-0.219066,0.971035,6.59264,310.105,861.166,0.0756812,0.692045,5.97441,379.021,813.933,-0.0763208,1.08475,6.50724,342.389,890.309,0.200286,0.673397,5.81858,411.686,813.779
128,4.26667,1,232.356,671.867,-0.518711,0.185712,6.23749,235.13,684.707,-0.596837,0.180829,6.22236,215.973,683.637,-0.440586,0.190594,6.25261,254.194,685.771,-0.511214,-0.226647,6.20605,236.311,585.162,-0.508001,-0.403373,6.19258,236.821,542.191,-0.675474,0.586757,6.34402,200.123,778.879,-0.469052,0.601145,6.38069,249.619,781.467,-0.645268,0.932422,6.14064,202.214,868.003,-0.514484,0.990357,6.28532,237.09,876.596,-0.719774,1.07251,6.22428,186.36,898.735,-0.462273,1.06087,6.43565,252.143,887.521,-0.477104,-0.599167,6.25658,245.496,496.202,-0.645115,-0.347325,6.13674,202.151,555.015,-0.361241,-0.384434,6.1695,272.079,546.435,-0.640873,-0.394017,6.14095,203.296,543.656,-0.377896,-0.422705,6.16565,267.969,537.056,-0.910606,-0.351994,6.23115,140.565,555.178,-0.134678,-0.532983,6.25304,327.659,512.013,-0.940344,-0.347767,6.24004,133.722,556.316,-0.104511,-0.541894,6.26423,334.948,510.106,-0.879054,-0.373158,6.23397,148.265,550.119,-0.168975,-0.539947,6.24656,319.382,510.207,-0.864771,-0.59546,6.29593,153.755,497.985,-0.235188,-0.763474,6.21785,303.204,455.627,-0.700028,1.08019,6.25731,192.015,899.213,-0.489021,1.05534,6.46366,246.396,885.164,-0.73952,1.06483,6.19125,180.645,898.253,-0.435525,1.0664,6.40764,257.94,889.898,-0.626437,0.955463,6.0915,205.583,875.523,-0.524702,1.03592,6.24719,233.884,888.991,-0.719774,1.07251,6.22428,186.36,898.735,-0.462273,1.06087,6.43565,252.143,887.521
128,4.26667,2,335.656,657.393,-0.135853,0.155894,6.66176,329.379,675.139,-0.0788467,0.168593,6.71115,342.359,677.721,-0.192859,0.143196,6.61238,316.205,672.517,-0.142445,-0.237042,6.68562,328.008,586.762,-0.14527,-0.405443,6.69585,327.423,549.078,-0.0744381,0.592155,6.61102,343.093,774.496,0.0138221,0.298805,6.26235,363.314,711.646,-0.164169,1.00319,6.60939,322.703,867.911,0.157859,0.595336,6.00203,399.492,788.938,-0.074076,1.15233,6.54437,343.004,904.393,0.263916,0.603406,5.84801,427.764,794.933,-0.0874939,-0.572478,6.6165,340.144,510.081,-0.0192242,-0.442137,6.77734,355.741,542.042,-0.295828,-0.328125,6.65217,293.224,565.934,-0.0479175,-0.469356,6.76657,349.367,535.846,-0.298332,-0.363123,6.62902,292.424,557.748,0.139318,-0.62898,6.63045,391.55,497.558,-0.37933,-0.0571223,6.63598,274.167,627.075,0.175115,-0.638682,6.63944,399.604,495.557,-0.406417,-0.0354048,6.65379,268.284,632.01,0.115462,-0.626653,6.61003,386.229,497.647,-0.35131,-0.0618421,6.61924,280.306,625.971,0.182081,-0.81064,6.43634,402.479,450.882,-0.315366,0.165157,6.50213,287.171,678.14,-0.0736209,1.15266,6.50516,343.006,906.064,0.301517,0.595947,5.85561,437.318,792.819,-0.0745311,1.15199,6.58357,343.001,902.743,0.226316,0.610865,5.84041,418.185,797.052,-0.206699,1.03096,6.63339,313.211,873.372,0.146292,0.649358,6.00276,396.594,802.434,-0.074076,1.15233,6.54437,343.004,904.393,0.263916,0.603406,5.84801,427.764,794.933
129,4.3,1,235.749,678.837,-0.499567,0.22202,6.20056,239.022,693.765,-0.57677,0.218153,6.18673,220.014,692.947,-0.422364,0.225886,6.2144,257.946,694.58,-0.493953,-0.191616,6.17917,239.968,593.437,-0.491547,-0.368889,6.17001,240.375,550.226,-0.659612,0.601641,6.35453,204.135,782.166,-0.457808,0.619908,6.37432,252.157,786.028,-0.638227,0.91005,6.10875,203.121,863.695,-0.510872,0.996408,6.26148,237.488,878.948,-0.706656,1.06708,6.1656,187.902,899.876,-0.449027,1.06516,6.408,254.781,889.595,-0.470111,-0.560159,6.25361,247.121,505.5,-0.637498,-0.317064,6.12207,203.641,562.234,-0.340925,-0.347214,6.13834,276.603,555.065,-0.63148,-0.363065,6.12722,205.247,551.026,-0.356983,-0.386876,6.13825,272.674,545.361,-0.876952,-0.314355,6.27841,150.266,564.818,-0.0970552,-0.462073,6.23321,336.62,528.688,-0.90259,-0.313111,6.29428,144.679,565.304,-0.070388,-0.472963,6.24362,343.072,526.255,-0.843729,-0.333072,6.273,158.038,560.273,-0.132627,-0.465376,6.23025,328.035,527.839,-0.781102,-0.551501,6.32083,174.444,508.987,-0.258631,-0.662005,6.24068,297.771,480.716,-0.685986,1.07992,6.19641,193.767,901.693,-0.47442,1.06055,6.43742,249.339,887.378,-0.727326,1.05425,6.13479,181.978,898.041,-0.423635,1.06978,6.37857,260.273,891.833,-0.621101,0.922691,6.05674,206.019,868.749,-0.5224,1.04094,6.22305,233.95,891.168,-0.706656,1.06708,6.1656,187.902,899.876,-0.449027,1.06516,6.408,254.781,889.595
129,4.3,2,335.263,669.27,-0.152492,0.226886,6.66455,325.643,691.119,-0.0928166,0.239663,6.71252,339.237,693.611,-0.212168,0.21411,6.61658,311.851,688.59,-0.148168,-0.164031,6.67807,326.685,603.118,-0.146315,-0.331567,6.68386,327.13,565.512,-0.0661642,0.651928,6.58395,344.91,788.681,0.0303565,0.272608,6.26308,367.278,705.357,-0.152362,1.05736,6.59396,325.305,880.779,0.2194,0.525858,5.99696,414.935,771.668,-0.053928,1.17617,6.49845,347.539,911.77,0.319193,0.492678,5.84416,442.011,766.585,-0.0708649,-0.480664,6.5876,343.847,530.439,-0.0136212,-0.365634,6.7625,356.976,558.814,-0.303455,-0.262621,6.63518,291.327,580.568,-0.039174,-0.395809,6.74921,351.285,551.941,-0.302073,-0.297234,6.61207,291.401,572.5,0.156248,-0.460005,6.55898,395.77,534.69,-0.375722,0.00630379,6.60444,274.577,641.433,0.193618,-0.465494,6.56374,404.293,533.511,-0.404921,0.0276347,6.61936,268.146,646.269,0.131126,-0.455402,6.54096,390.102,535.457,-0.346426,0.00197375,6.59119,281.08,640.45,0.2146,-0.55575,6.31502,411.027,507.856,-0.303927,0.232324,6.48249,289.6,693.814,-0.0606463,1.17252,6.45999,345.903,912.541,0.354967,0.479257,5.85239,451.075,762.964,-0.0472098,1.17981,6.53692,349.156,911.008,0.283419,0.506099,5.83592,432.923,770.217,-0.18776,1.09295,6.62284,317.43,887.797,0.218304,0.581298,5.9918,414.707,785.675,-0.053928,1.17617,6.49845,347.539,911.77,0.319193,0.492678,5.84416,442.011,766.585
130,4.33333,2,341.022,684.694,-0.132418,0.304691,6.63598,330.037,708.944,-0.0737643,0.320266,6.68726,343.437,711.913,-0.191072,0.289116,6.5847,316.428,705.929,-0.122833,-0.0845379,6.6712,332.353,620.972,-0.118725,-0.25135,6.68629,333.338,583.554,-0.0323925,0.721232,6.55008,352.574,805.338,0.0592783,0.282538,6.24034,374.264,707.985,-0.151901,1.10495,6.58401,325.357,891.996,0.277957,0.462404,5.95799,430.052,756.537,-0.0219922,1.17745,6.4939,354.915,912.258,0.362262,0.391612,5.80965,453.63,741.216,-0.0284556,-0.395804,6.59358,353.52,549.863,0.0145377,-0.27502,6.77823,363.22,579.076,-0.281531,-0.185701,6.62665,296.207,597.921,-0.00520948,-0.307912,6.76,358.843,571.605,-0.277347,-0.221439,6.6068,296.966,589.672,0.240358,-0.289504,6.63023,414.434,574.436,-0.353627,0.075214,6.59051,279.431,657.137,0.277142,-0.290511,6.63435,422.726,574.248,-0.383358,0.0955656,6.60726,272.879,661.718,0.210975,-0.283851,6.61036,407.923,575.522,-0.324741,0.0715703,6.57602,285.849,656.342,0.25963,-0.306276,6.37177,421.184,567.824,-0.300677,0.297474,6.46896,290.208,709.049,-0.0257192,1.17004,6.45545,354.018,912.155,0.395241,0.372513,5.81884,461.993,736.128,-0.0182652,1.18487,6.53234,355.801,912.361,0.329283,0.410711,5.80046,445.241,746.32,-0.185707,1.14806,6.608,317.801,900.878,0.286916,0.515759,5.94651,432.449,770.235,-0.0219922,1.17745,6.4939,354.915,912.258,0.362262,0.391612,5.80965,453.63,741.216
130,4.33333,1,245.103,682.089,-0.46446,0.241219,6.23271,248.104,698.113,-0.542923,0.23652,6.22477,229.034,697.054,-0.385996,0.245918,6.24064,267.126,699.17,-0.459986,-0.177723,6.2158,248.88,597.067,-0.458069,-0.35727,6.20855,249.214,553.593,-0.622076,0.612186,6.40246,214.106,783.575,-0.413719,0.635213,6.40388,262.993,788.943,-0.606271,0.877074,6.11685,211.173,855.303,-0.47899,1.00159,6.28097,245.49,879.446,-0.662018,1.0477,6.14202,198.154,896.134,-0.418889,1.07272,6.42643,262.125,890.644,-0.443059,-0.548977,6.29618,254.336,509.076,-0.611463,-0.307583,6.16931,211.175,565.137,-0.303384,-0.334338,6.17172,286.188,558.657,-0.603644,-0.353211,6.17555,213.226,554.118,-0.31942,-0.374741,6.17511,282.329,548.877,-0.823651,-0.282672,6.36393,165.661,573.304,-0.0427242,-0.40773,6.26837,349.766,542.33,-0.843858,-0.283152,6.3839,161.516,573.4,-0.0201607,-0.419189,6.27883,355.179,539.752,-0.791107,-0.299724,6.35227,172.997,569.151,-0.0778289,-0.408928,6.26635,341.35,542.012,-0.69165,-0.508696,6.37793,197.164,520.237,-0.241153,-0.575212,6.28767,302.41,502.634,-0.639523,1.06486,6.16921,204.343,899.182,-0.444049,1.06759,6.45594,256.721,888.306,-0.684512,1.03053,6.11483,191.911,893.058,-0.393729,1.07784,6.39691,267.579,893.004,-0.591059,0.878245,6.06399,213.643,857.47,-0.491766,1.04477,6.24195,241.701,891.329,-0.662018,1.0477,6.14202,198.154,896.134,-0.418889,1.07272,6.42643,262.125,890.644
131,4.36667,2,353.862,698.392,-0.088224,0.369829,6.57799,339.861,724.421,-0.0282801,0.385363,6.62998,353.595,727.277,-0.148168,0.354294,6.526,325.908,721.519,-0.0593592,-0.0092538,6.58342,346.461,637.889,-0.0469887,-0.171718,6.58575,349.287,600.848,0.0448975,0.772867,6.48777,370.391,818.876,0.100202,0.283537,6.19578,384.284,708.716,-0.0973901,1.12603,6.57983,337.775,896.967,0.342659,0.401306,5.91838,446.936,741.816,0.0339998,1.18534,6.4896,367.867,914.263,0.410008,0.313049,5.77005,466.698,721.466,0.0349106,-0.335127,6.49242,368.074,562.492,0.0858721,-0.182596,6.69616,379.256,599.054,-0.218296,-0.108974,6.52123,309.736,614.908,0.0789809,-0.215176,6.66886,377.783,591.551,-0.20849,-0.143552,6.50122,311.846,606.844,0.329379,-0.0889914,6.73766,433.406,620.167,-0.314545,0.147475,6.50544,287.398,674.04,0.357227,-0.0781826,6.74692,439.503,622.6,-0.346271,0.164792,6.52239,280.283,677.938,0.3026,-0.0890931,6.70964,427.719,620.062,-0.284223,0.146667,6.4915,294.256,673.926,0.320221,-0.0445188,6.47937,434.209,629.683,-0.266663,0.378573,6.39937,297.43,728.829,0.0284765,1.17919,6.45111,366.628,914.468,0.43936,0.288541,5.77883,474.162,714.974,0.0395231,1.19149,6.52808,369.091,914.06,0.380657,0.337557,5.76127,459.211,727.978,-0.128771,1.16824,6.608,330.739,905.464,0.360749,0.450382,5.90579,451.721,754.511,0.0339998,1.18534,6.4896,367.867,914.263,0.410008,0.313049,5.77005,466.698,721.466
131,4.36667,1,261.903,682.492,-0.396525,0.244416,6.33111,265.956,697.969,-0.477143,0.24221,6.33231,246.857,697.434,-0.315906,0.246623,6.32991,285.062,698.503,-0.404059,-0.174413,6.31229,263.883,598.511,-0.407288,-0.353911,6.30422,262.991,555.704,-0.552692,0.607004,6.53921,233.089,779.383,-0.340124,0.65127,6.4613,280.958,791.351,-0.547416,0.853907,6.23733,228.216,845.568,-0.420211,1.01586,6.34005,260.478,880.593,-0.593867,1.03028,6.23418,216.962,888.151,-0.355928,1.0852,6.48414,277.576,891.305,-0.390127,-0.544783,6.39723,268.429,512.128,-0.562343,-0.304356,6.27775,225.494,567.202,-0.250492,-0.329277,6.26479,299.962,561.078,-0.555505,-0.349892,6.28491,227.281,556.405,-0.262396,-0.371021,6.27078,297.168,551.158,-0.73853,-0.253616,6.50041,189.404,581.416,-0.000982523,-0.324161,6.40861,359.77,564.048,-0.753765,-0.252918,6.5231,186.49,581.78,0.0213924,-0.326765,6.42472,365,563.63,-0.708401,-0.270963,6.48466,195.966,577.257,-0.0352407,-0.330823,6.40476,351.738,562.44,-0.593979,-0.470782,6.50326,222.854,531.299,-0.182337,-0.490905,6.4868,317.793,526.366,-0.56987,1.05049,6.25768,223.257,892.071,-0.380159,1.08014,6.51437,272.373,888.971,-0.617864,1.01006,6.21069,210.619,884.202,-0.331697,1.09027,6.4539,282.828,893.661,-0.533881,0.847187,6.1854,230.396,845.662,-0.434646,1.05952,6.30216,256.441,892.443,-0.593867,1.03028,6.23418,216.962,888.151,-0.355928,1.0852,6.48414,277.576,891.305
132,4.4,2,365.316,706.64,-0.0476475,0.401809,6.53849,349.058,732.275,0.019393,0.412044,6.58691,364.421,733.93,-0.114688,0.391573,6.49008,333.465,730.595,-0.0111626,0.037029,6.52206,357.43,648.525,0.00447375,-0.119305,6.51501,361.031,612.503,0.124239,0.761532,6.36565,389.306,819.634,0.113452,0.285725,6.14535,387.721,709.814,-0.0371525,1.10725,6.4795,351.39,896.594,0.372595,0.380826,5.86588,455.378,737.485,0.0838627,1.16439,6.37645,379.748,914.196,0.415709,0.292676,5.70703,469.376,717.005,0.0799193,-0.294061,6.42028,378.691,571.226,0.164122,-0.0913868,6.61143,397.275,619.245,-0.173092,-0.057464,6.45035,319.706,626.623,0.162409,-0.12752,6.58695,397.023,610.931,-0.16352,-0.0903654,6.42874,321.807,618.893,0.331665,0.120066,6.54165,436.13,667.56,-0.270434,0.208788,6.45579,297.1,688.562,0.355653,0.145334,6.55233,441.503,673.305,-0.300413,0.224677,6.47739,290.36,692.084,0.307051,0.107127,6.51626,430.755,664.686,-0.242217,0.209615,6.43865,303.513,688.884,0.336402,0.193732,6.28094,440.422,686.315,-0.244363,0.460409,6.36149,302.321,748.675,0.0748063,1.15704,6.33891,377.72,914.078,0.439396,0.261911,5.71228,475.502,708.847,0.0929192,1.17174,6.41399,381.753,914.314,0.392021,0.323441,5.70178,463.239,725.178,-0.0673483,1.14894,6.51067,344.467,904.981,0.40079,0.425631,5.85603,462.768,749.137,0.0838627,1.16439,6.37645,379.748,914.196,0.415709,0.292676,5.70703,469.376,717.005
132,4.4,1,275.205,681.641,-0.339799,0.24439,6.28148,278.773,698.42,-0.420122,0.242867,6.28838,259.682,697.993,-0.259476,0.245913,6.27458,297.905,698.849,-0.351913,-0.177448,6.26034,275.593,597.439,-0.357105,-0.358236,6.25129,274.223,553.952,-0.471725,0.598515,6.51709,251.313,777.9,-0.277228,0.643201,6.42725,295.233,790.267,-0.489582,0.844993,6.21277,241.673,844.226,-0.363281,1.00631,6.29855,273.395,879.901,-0.536268,1.02197,6.21172,230.368,887.042,-0.304927,1.07417,6.44542,288.963,890.243,-0.336329,-0.551317,6.33273,280.253,509.277,-0.517603,-0.309714,6.24646,235.576,565.549,-0.200282,-0.333452,6.20351,311.522,559.288,-0.510335,-0.354442,6.25455,237.481,554.907,-0.208499,-0.375108,6.21262,309.607,549.338,-0.653094,-0.220071,6.47719,208.598,588.983,0.0409493,-0.255232,6.32419,369.723,579.4,-0.666111,-0.211693,6.50148,206.157,591.108,0.0637649,-0.249356,6.33884,375.105,580.932,-0.623815,-0.239908,6.46282,215.064,584.26,0.00864956,-0.268493,6.32417,362.054,576.251,-0.496102,-0.408053,6.53511,246.011,546.242,-0.0994806,-0.420351,6.44842,336.835,542.118,-0.509978,1.0426,6.23228,237.13,891.196,-0.329984,1.06818,6.47485,283.474,887.718,-0.562557,1.00135,6.19116,223.561,882.861,-0.279869,1.08015,6.416,294.501,892.792,-0.481306,0.837718,6.15987,242.674,844.206,-0.377538,1.05022,6.26028,269.446,891.9,-0.536268,1.02197,6.21172,230.368,887.042,-0.304927,1.07417,6.44542,288.963,890.243
133,4.43333,2,373.519,712.604,-0.012518,0.42791,6.54014,357.126,738.244,0.057004,0.439897,6.58359,373.001,740.33,-0.0820399,0.415923,6.49669,341.038,736.131,0.0286019,0.0638008,6.55127,366.556,654.623,0.0462246,-0.0922461,6.55604,370.587,618.872,0.175295,0.766113,6.33178,401.571,821.681,0.123863,0.302207,6.13824,390.3,713.927,-0.003027,1.10316,6.45356,359.296,896.673,0.371151,0.392393,5.84478,455.351,740.808,0.121868,1.15747,6.35847,388.779,913.338,0.410382,0.315266,5.67817,468.523,723.37,0.130719,-0.26664,6.46572,390.357,578.077,0.212409,-0.0220356,6.63883,408.042,635.016,-0.142078,-0.0495877,6.49722,327.165,628.54,0.216671,-0.05941,6.61848,409.157,626.521,-0.130819,-0.0827686,6.47816,329.678,620.815,0.310421,0.242303,6.61179,430.498,695.028,-0.229739,0.221944,6.49251,306.867,691.33,0.318221,0.27027,6.63668,431.998,701.149,-0.259225,0.236912,6.51586,300.262,694.596,0.303068,0.2311,6.57941,429.167,692.742,-0.203615,0.223699,6.47478,312.78,691.878,0.390742,0.414273,6.41473,451.465,736.973,-0.229587,0.481291,6.40613,306.186,752.812,0.114433,1.15015,6.32061,387.185,913.236,0.434199,0.284307,5.68052,474.774,715.152,0.129302,1.16479,6.39632,390.354,913.438,0.386564,0.346225,5.67582,462.267,731.595,-0.0353419,1.14409,6.48463,351.816,904.921,0.399076,0.43663,5.83611,462.678,752.34,0.121868,1.15747,6.35847,388.779,913.338,0.410382,0.315266,5.67817,468.523,723.37
133,4.43333,1,287.559,678.152,-0.291671,0.228785,6.25992,290.037,694.878,-0.369491,0.226878,6.27233,271.546,694.313,-0.213851,0.230691,6.24751,308.602,695.446,-0.30261,-0.185697,6.23302,287.1,595.265,-0.307298,-0.363332,6.22148,285.833,552.309,-0.400697,0.570246,6.52128,267.737,771.302,-0.225188,0.624506,6.4076,307.229,786.347,-0.43852,0.850512,6.24641,254.585,844.453,-0.317151,0.989948,6.28427,284.22,876.537,-0.484905,1.02222,6.28335,244.12,884.283,-0.260163,1.07108,6.42588,299.207,890.283,-0.27497,-0.547392,6.31146,294.582,509.77,-0.468659,-0.322794,6.23096,247.061,562.212,-0.151182,-0.331404,6.16551,323.181,559.289,-0.460032,-0.36656,6.23936,249.289,551.784,-0.153571,-0.373264,6.17572,322.661,549.245,-0.570897,-0.217503,6.46954,227.497,589.518,0.0496219,-0.185235,6.28725,371.851,595.761,-0.585312,-0.203116,6.49331,224.648,593.03,0.0694546,-0.172498,6.30183,376.549,598.898,-0.541008,-0.238254,6.45811,234.212,584.604,0.0222564,-0.206715,6.28767,365.315,590.634,-0.406612,-0.371298,6.58239,267.245,555.3,-0.0445179,-0.374856,6.42206,349.591,552.354,-0.456359,1.03942,6.30405,251.3,887.58,-0.284446,1.06579,6.45607,293.843,887.883,-0.513451,1.00501,6.26266,236.893,880.965,-0.23588,1.07636,6.39568,304.621,892.705,-0.435858,0.852368,6.19124,254.292,846.725,-0.333839,1.03144,6.24427,279.722,888.031,-0.484905,1.02222,6.28335,244.12,884.283,-0.260163,1.07108,6.42588,299.207,890.283
134,4.46667,2,378.017,715.109,-0.00129798,0.436524,6.48647,359.7,741.052,0.067927,0.448214,6.52864,375.623,743.087,-0.070523,0.424835,6.4443,343.568,738.989,0.0566817,0.0789797,6.49602,373.102,658.256,0.0815302,-0.0742537,6.50011,378.834,622.847,0.206535,0.742181,6.25107,409.611,818.278,0.12169,0.321858,6.07671,390.07,719.531,0.0285233,1.0843,6.34006,366.755,896.803,0.376016,0.453923,5.81192,457.147,757.275,0.153929,1.13865,6.24446,397.014,913.802,0.419223,0.400906,5.63842,471.643,746.765,0.177551,-0.237281,6.40341,401.635,584.359,0.233597,0.0198362,6.58723,413.248,644.522,-0.102997,-0.0589963,6.43975,335.984,626.244,0.245604,-0.0163373,6.56875,416.143,636.265,-0.0885226,-0.0899256,6.41979,339.295,618.967,0.27677,0.295931,6.60073,422.961,707.32,-0.217343,0.19615,6.42901,309.237,685.813,0.270654,0.317897,6.63156,421.283,711.98,-0.251159,0.208673,6.44593,301.493,688.61,0.280442,0.291888,6.5685,424.109,706.726,-0.188134,0.200042,6.41621,315.972,686.815,0.357073,0.531345,6.49067,442.606,762.922,-0.207731,0.4512,6.33834,310.788,746.89,0.147539,1.12924,6.2069,395.692,913.182,0.443261,0.370078,5.63705,478.073,738.579,0.16032,1.14805,6.28202,398.32,914.414,0.395185,0.431733,5.6398,465.216,754.946,-0.00534697,1.12565,6.36785,358.739,905.431,0.404295,0.499089,5.81131,464.464,768.958,0.153929,1.13865,6.24446,397.014,913.802,0.419223,0.400906,5.63842,471.643,746.765
134,4.46667,1,297.927,675.009,-0.259012,0.211078,6.31174,298.381,690.215,-0.334627,0.208292,6.33473,280.681,689.373,-0.183396,0.213864,6.28875,316.211,691.064,-0.263964,-0.200204,6.28012,296.887,592.132,-0.266086,-0.376468,6.26657,296.242,549.793,-0.335988,0.562833,6.57605,283.281,768.516,-0.18141,0.618885,6.42978,317.635,784.529,-0.390028,0.869257,6.3248,267.404,846.369,-0.278312,0.990091,6.31256,293.798,875.512,-0.432065,1.02647,6.40228,258.666,880.743,-0.224678,1.07996,6.45254,307.716,891.316,-0.219348,-0.555744,6.35742,308.192,508.739,-0.431676,-0.337642,6.29461,257.025,559.456,-0.112496,-0.341872,6.19362,332.727,557.118,-0.420338,-0.381245,6.30127,259.835,549.151,-0.11115,-0.38181,6.20577,333.106,547.617,-0.518358,-0.230402,6.5365,240.923,587.072,0.0633963,-0.140912,6.26414,375.197,606.222,-0.530549,-0.216127,6.56138,238.585,590.54,0.0817055,-0.119635,6.27235,379.56,611.36,-0.48979,-0.25202,6.52264,247.247,581.983,0.0421394,-0.167657,6.27336,370.086,599.871,-0.350279,-0.394567,6.63197,280.692,550.665,0.0417685,-0.304736,6.45457,369.717,569.108,-0.40128,1.04012,6.42254,266.182,883.176,-0.248546,1.0742,6.48307,302.434,888.799,-0.46285,1.01282,6.38203,251.101,878.295,-0.20081,1.08573,6.42201,313.048,893.858,-0.392656,0.881509,6.26925,265.954,851.132,-0.296476,1.0303,6.27184,289.02,886.666,-0.432065,1.02647,6.40228,258.666,880.743,-0.224678,1.07996,6.45254,307.716,891.316
135,4.5,2,386.056,716.897,0.024613,0.441364,6.40016,365.775,743.55,0.0940436,0.456632,6.44065,381.925,746.458,-0.0448176,0.426096,6.35967,349.418,740.604,0.0994839,0.0912706,6.42516,383.249,661.33,0.131571,-0.0587693,6.43587,390.697,626.288,0.236638,0.715566,6.12796,417.984,815.338,0.147505,0.342185,5.984,397.013,725.864,0.0648151,1.06634,6.2138,375.663,897.68,0.360454,0.496154,5.68993,455.123,770.934,0.187366,1.12308,6.11463,406.011,915.792,0.413226,0.438164,5.51979,472.411,759.195,0.242584,-0.201641,6.32967,417.547,592.166,0.265572,0.0413253,6.52975,421.07,649.503,-0.047037,-0.0695865,6.37706,348.925,623.615,0.283802,0.00832784,6.51239,425.436,641.92,-0.0299402,-0.0992074,6.35705,352.928,616.567,0.277287,0.308473,6.58907,423.19,710.297,-0.20258,0.154204,6.3566,312.146,676.426,0.270162,0.32632,6.62188,421.261,713.995,-0.238965,0.163617,6.36694,303.643,678.587,0.280466,0.308155,6.55536,424.243,710.585,-0.170753,0.160975,6.34858,319.614,678.074,0.331118,0.55225,6.49096,436.598,767.752,-0.176778,0.402026,6.26152,317.607,736.409,0.180009,1.11426,6.07707,404.478,915.318,0.443719,0.413634,5.5205,480.69,752.507,0.194723,1.13189,6.15218,407.526,916.261,0.382732,0.462694,5.51908,464.129,765.884,0.0316707,1.10836,6.2423,367.618,906.61,0.37735,0.546071,5.68309,459.702,784.28,0.187366,1.12308,6.11463,406.011,915.792,0.413226,0.438164,5.51979,472.411,759.195
135,4.5,1,311.193,673.064,-0.21122,0.20101,6.31585,309.784,687.789,-0.28489,0.198232,6.34412,292.571,686.919,-0.137549,0.203787,6.28758,327.151,688.667,-0.214883,-0.207755,6.28809,308.687,590.389,-0.216453,-0.382939,6.2762,308.214,548.383,-0.254663,0.554512,6.58185,301.902,766.504,-0.125496,0.608614,6.43018,330.694,782.122,-0.324556,0.886306,6.37473,283.551,848.768,-0.225612,0.977702,6.32223,306.416,872.209,-0.329649,1.0245,6.48571,283.68,877.19,-0.175098,1.08199,6.45457,319.266,891.708,-0.149162,-0.539468,6.38244,324.908,513.082,-0.383886,-0.347459,6.3046,268.57,557.246,-0.0567753,-0.343573,6.20997,346.272,556.925,-0.371378,-0.390913,6.31181,271.65,547.003,-0.0520836,-0.380571,6.22457,347.436,548.195,-0.440435,-0.242827,6.5507,259.043,584.339,0.0507202,-0.0911925,6.24453,372.196,618.072,-0.450262,-0.227866,6.57623,257.191,587.971,0.0646849,-0.0606217,6.23458,375.579,625.4,-0.414457,-0.265827,6.5352,264.772,578.922,0.0330539,-0.111881,6.267,367.92,613.194,-0.279657,-0.414669,6.63822,296.742,546.202,0.035767,-0.0481963,6.4881,368.278,628.846,-0.293984,1.03171,6.50037,292.091,878.32,-0.198046,1.07722,6.48587,314.15,889.39,-0.365313,1.01729,6.47106,275.232,876.055,-0.152151,1.08675,6.42326,324.432,894.049,-0.336939,0.908774,6.32285,279.983,855.817,-0.245616,1.0145,6.2805,301.277,882.549,-0.329649,1.0245,6.48571,283.68,877.19,-0.175098,1.08199,6.45457,319.266,891.708
136,4.53333,2,391.867,718.507,0.0302906,0.440729,6.37522,367.134,743.805,0.0972616,0.458548,6.41908,382.752,747.264,-0.0366804,0.422911,6.33137,351.301,740.298,0.133766,0.0979249,6.38644,391.451,663.024,0.178112,-0.0489913,6.39125,401.846,628.49,0.275614,0.715012,6.12955,427.517,815.157,0.157311,0.369575,5.95595,399.66,733.174,0.110305,1.06402,6.21613,386.645,897.023,0.354322,0.565689,5.68186,453.637,789.496,0.23902,1.11887,6.12262,418.619,914.401,0.418199,0.523489,5.51191,473.926,782.61,0.295055,-0.177539,6.27372,430.619,597.508,0.299117,0.0534726,6.4993,429.106,652.354,0.00366099,-0.0724972,6.32746,360.869,622.796,0.320505,0.0234656,6.48107,434.256,645.437,0.024009,-0.0991749,6.30678,365.716,616.388,0.276136,0.312558,6.591,422.909,711.207,-0.175897,0.134103,6.31472,318.174,671.888,0.264436,0.324717,6.62531,419.932,713.594,-0.212227,0.141983,6.32485,309.616,673.708,0.281659,0.317198,6.5581,424.489,712.626,-0.143654,0.142434,6.30654,325.797,673.913,0.305156,0.572128,6.53408,430.126,771.477,-0.149132,0.379845,6.21785,323.986,731.73,0.233166,1.11038,6.0847,417.54,914.016,0.45143,0.502769,5.51262,482.963,776.947,0.244875,1.12736,6.16054,419.685,914.781,0.384969,0.544209,5.51119,464.887,788.273,0.0774998,1.10646,6.24335,378.639,906.109,0.364701,0.617886,5.67855,456.437,803.385,0.23902,1.11887,6.12262,418.619,914.401,0.418199,0.523489,5.51191,473.926,782.61
136,4.53333,1,322.625,671.404,-0.173973,0.188821,6.32096,318.672,684.855,-0.243663,0.184819,6.35591,302.436,683.663,-0.104283,0.192824,6.28601,335.09,686.06,-0.169503,-0.214861,6.29475,319.567,588.747,-0.167587,-0.387868,6.28351,319.952,547.312,-0.180912,0.551362,6.56612,318.629,766.087,-0.0774633,0.595181,6.42698,341.902,779.054,-0.245353,0.913761,6.42048,302.619,853.702,-0.189561,0.956745,6.31395,314.919,867.53,-0.220715,1.01931,6.55813,309.465,873.384,-0.125209,1.07393,6.42868,330.755,890.839,-0.0958245,-0.536513,6.39864,337.513,514.097,-0.333793,-0.353446,6.32172,280.716,556.048,-0.0124761,-0.340902,6.20568,356.981,557.513,-0.321144,-0.396952,6.3293,283.812,545.827,-0.00408083,-0.377024,6.22005,359.015,548.984,-0.35776,-0.232891,6.56497,278.172,586.733,0.0565821,-0.0753826,6.23738,373.621,621.853,-0.364109,-0.215898,6.59023,277.039,590.808,0.0651368,-0.0431651,6.22531,375.711,629.588,-0.336085,-0.259548,6.54921,282.945,580.493,0.0441019,-0.0974776,6.26142,370.576,616.624,-0.217403,-0.420434,6.6522,310.927,545.098,0.0565853,-0.0201093,6.4777,373.117,635.339,-0.182805,1.02122,6.56792,318.207,873.473,-0.14369,1.07146,6.46302,326.616,888.932,-0.258625,1.0174,6.54834,300.696,873.295,-0.106728,1.0764,6.39434,334.938,892.766,-0.262516,0.948139,6.37623,298.179,863.28,-0.21511,0.989384,6.27229,308.504,876.854,-0.220715,1.01931,6.55813,309.465,873.384,-0.125209,1.07393,6.42868,330.755,890.839
137,4.56667,2,394.723,718.749,0.0380785,0.43765,6.4094,368.921,742.53,0.104481,0.454619,6.45432,384.307,745.764,-0.0283243,0.420682,6.36448,353.317,739.251,0.155022,0.0979356,6.39556,396.396,662.993,0.205141,-0.0476564,6.38963,408.208,628.801,0.289046,0.729272,6.19509,430.059,816.76,0.159816,0.397297,5.98931,400.067,739.605,0.137556,1.07509,6.30658,392.751,895.972,0.315736,0.654281,5.74343,442.546,811.055,0.269431,1.13057,6.21808,425.063,913.013,0.382811,0.643118,5.57193,463.163,813.312,0.328317,-0.154532,6.25639,438.797,602.912,0.317616,0.0369211,6.5143,433.211,648.51,0.0310541,-0.0732578,6.32332,367.374,622.604,0.339696,0.011308,6.49308,438.557,642.615,0.0537557,-0.0971446,6.30144,372.809,616.852,0.268148,0.254752,6.66501,420.411,697.393,-0.164687,0.108901,6.33644,320.974,665.806,0.255735,0.25775,6.70063,417.308,697.76,-0.199945,0.113605,6.3494,312.715,666.866,0.272804,0.267078,6.6335,421.752,700.456,-0.13351,0.119813,6.32642,328.312,668.437,0.269528,0.514339,6.6578,420.788,756.001,-0.153204,0.352208,6.25158,323.202,724.596,0.263743,1.12516,6.17956,424.086,913.4,0.41896,0.62803,5.57075,472.928,809.282,0.27512,1.13598,6.25661,426.028,912.63,0.346663,0.658205,5.57311,453.401,817.34,0.106265,1.11742,6.33579,385.184,904.824,0.316233,0.70831,5.74668,442.629,825.075,0.269431,1.13057,6.21808,425.063,913.013,0.382811,0.643118,5.57193,463.163,813.312
137,4.56667,1,330.233,671.306,-0.150363,0.183185,6.32047,324.278,683.52,-0.211438,0.179143,6.3637,310.11,682.27,-0.0892883,0.187228,6.27724,338.642,684.786,-0.138326,-0.219308,6.3014,327.038,587.741,-0.133167,-0.391805,6.29323,328.226,546.516,-0.127067,0.560275,6.52941,330.778,768.846,-0.048585,0.58912,6.40633,348.612,778.082,-0.207043,0.932639,6.43283,311.672,857.698,-0.168972,0.951679,6.3178,319.84,866.187,-0.145397,1.02556,6.56792,326.759,874.465,-0.0783056,1.05874,6.42343,341.695,887.495,-0.0489491,-0.526064,6.41489,348.542,516.862,-0.295455,-0.358655,6.33647,289.986,555.009,0.0135246,-0.335361,6.20472,363.273,558.842,-0.282222,-0.403103,6.34183,293.178,544.557,0.0252376,-0.371457,6.21863,366.094,550.307,-0.283722,-0.261793,6.59113,295.364,580.359,0.0657562,-0.0609239,6.22217,375.869,625.298,-0.282422,-0.252417,6.61775,295.919,582.727,0.0709805,-0.0294323,6.20523,377.176,632.878,-0.273053,-0.289208,6.56785,297.574,573.881,0.0573404,-0.0802163,6.24906,373.778,620.725,-0.213474,-0.504163,6.59646,311.407,525.237,0.0864328,0.0384369,6.44845,380.126,648.95,-0.106282,1.02625,6.56819,335.703,874.612,-0.0903283,1.05524,6.46036,339.005,885.265,-0.184511,1.02488,6.56765,317.815,874.318,-0.0662829,1.06225,6.3865,344.416,889.751,-0.232433,0.970746,6.39699,305.441,867.862,-0.199768,0.986981,6.28285,312.257,875.882,-0.145397,1.02556,6.56792,326.759,874.465,-0.0783056,1.05874,6.42343,341.695,887.495
138,4.6,2,398.332,721.247,0.0496094,0.43753,6.40062,371.638,742.643,0.113324,0.453596,6.44865,386.387,745.619,-0.0141056,0.421464,6.35259,356.666,739.621,0.17875,0.101967,6.37876,402.078,664.003,0.234095,-0.0418454,6.36939,415.187,630.135,0.286625,0.731194,6.1909,429.519,817.346,0.176417,0.450003,5.98325,404.274,752.933,0.159035,1.08525,6.28707,397.983,899.192,0.284919,0.759759,5.78436,433.962,837.226,0.289943,1.14012,6.19401,430.288,916.39,0.355316,0.774279,5.61646,454.994,847.003,0.35902,-0.132751,6.22794,446.56,607.994,0.340455,0.0349172,6.50412,438.598,648.061,0.060999,-0.0675026,6.29606,374.548,623.901,0.363181,0.0125268,6.48254,444.124,642.902,0.0853917,-0.0898937,6.27451,380.435,618.487,0.258905,0.22064,6.67567,418.236,689.629,-0.146386,0.0979421,6.3185,325.212,663.275,0.245691,0.225189,6.70956,414.984,690.396,-0.181405,0.100412,6.33269,316.986,663.809,0.26289,0.231667,6.64092,419.441,692.382,-0.115748,0.110662,6.30772,332.446,666.343,0.234805,0.466604,6.61536,413.296,745.91,-0.146356,0.337497,6.2385,324.773,721.233,0.283356,1.13443,6.1556,429.12,916.725,0.393354,0.764656,5.61526,465.186,844.474,0.29653,1.14581,6.23242,431.442,916.058,0.317277,0.783902,5.61765,444.806,849.531,0.129709,1.12875,6.31572,390.838,908.36,0.276198,0.813239,5.79388,431.58,850.761,0.289943,1.14012,6.19401,430.288,916.39,0.355316,0.774279,5.61646,454.994,847.003
138,4.6,1,337.746,672.065,-0.126776,0.186478,6.32934,329.924,684.24,-0.180054,0.181617,6.3824,317.64,682.728,-0.0734975,0.19134,6.27629,342.416,685.777,-0.105144,-0.215613,6.31428,334.996,588.726,-0.0958733,-0.387938,6.30783,337.178,547.653,-0.079977,0.562939,6.52333,341.591,769.579,-0.0181662,0.5926,6.38218,355.726,779.423,-0.132476,0.948117,6.4898,329.349,859.368,-0.146831,0.952852,6.30751,325.046,866.835,-0.0320249,1.03351,6.60551,352.72,874.937,-0.0355172,1.06526,6.38135,351.643,890.659,0.0044484,-0.505375,6.42926,361.039,521.969,-0.249019,-0.363926,6.36902,301.291,554.201,0.0322545,-0.32737,6.19735,367.815,560.681,-0.233361,-0.407845,6.36978,304.989,543.858,0.0477999,-0.363045,6.20955,371.559,552.21,-0.242841,-0.304508,6.63391,305.034,571.076,0.078072,-0.0556797,6.20099,378.905,626.517,-0.244744,-0.287936,6.66154,304.833,575.097,0.0802281,-0.0260414,6.17946,379.495,633.672,-0.231088,-0.334246,6.61565,307.55,564.136,0.0733082,-0.0716922,6.22983,377.669,622.72,-0.18597,-0.525359,6.72127,318.454,522.633,0.119132,0.0763354,6.39894,387.955,657.913,0.00579585,1.03205,6.59573,361.319,874.953,-0.0384455,1.06374,6.42018,351.008,888.788,-0.0698457,1.03497,6.61529,344.146,874.92,-0.032589,1.06678,6.34252,352.285,892.554,-0.162499,0.989872,6.46337,322.249,869.966,-0.184711,0.986455,6.27822,315.823,875.93,-0.0320249,1.03351,6.60551,352.72,874.937,-0.0355172,1.06526,6.38135,351.643,890.659
139,4.63333,2,399.3,721.635,0.0418864,0.427814,6.35086,369.903,741.15,0.104343,0.44346,6.40267,384.471,744.001,-0.02057,0.412168,6.29905,355.097,738.252,0.190543,0.0999331,6.31114,405.334,663.776,0.254252,-0.0405873,6.29412,420.656,630.317,0.294829,0.722743,6.1594,431.875,816.193,0.167664,0.477357,5.93328,402.431,760.807,0.18527,1.08253,6.2362,404.609,900.652,0.20561,0.834919,5.81036,413.135,855.767,0.320218,1.1376,6.14611,438.233,917.928,0.276624,0.883543,5.65202,433.49,874.729,0.382589,-0.119445,6.14555,453.479,610.816,0.350345,0.0310247,6.43917,441.697,647.235,0.0837575,-0.0690455,6.21704,380.229,623.324,0.374775,0.0115345,6.4179,447.684,642.699,0.109303,-0.0891424,6.19501,386.493,618.393,0.231947,0.189195,6.62275,412.589,682.896,-0.126663,0.0948248,6.24797,329.559,662.789,0.213585,0.180665,6.65501,408.191,680.763,-0.1615,0.0951593,6.26401,321.286,662.811,0.23853,0.209673,6.59571,414.303,687.734,-0.0974839,0.109151,6.23616,336.528,666.282,0.174227,0.4349,6.6674,399.237,737.943,-0.150137,0.337431,6.1745,323.489,722.059,0.31498,1.13157,6.10757,437.439,918.199,0.315651,0.879507,5.65166,443.864,873.672,0.325456,1.14363,6.18466,439.017,917.661,0.237597,0.887579,5.65237,423.118,875.786,0.156465,1.12665,6.26278,397.514,910.126,0.185971,0.88403,5.82848,407.911,867.748,0.320218,1.1376,6.14611,438.233,917.928,0.276624,0.883543,5.65202,433.49,874.729
139,4.63333,1,344.286,675.747,-0.0996368,0.199514,6.28874,336.21,687.638,-0.149469,0.194973,6.34588,324.633,686.134,-0.0498051,0.204055,6.2316,347.999,689.169,-0.0750488,-0.200836,6.27547,342.043,591.945,-0.0645111,-0.372415,6.26979,344.55,550.81,-0.0482351,0.579185,6.46682,348.8,774.484,0.0122659,0.600304,6.33943,362.905,782.188,-0.0709015,0.964348,6.45495,343.507,864.328,-0.11791,0.960722,6.29406,331.871,869.197,0.0404408,1.04998,6.56205,369.254,880.262,-0.000843581,1.07067,6.36252,359.801,892.679,0.0631431,-0.469367,6.37761,374.867,529.491,-0.215993,-0.347714,6.34088,308.852,557.659,0.0513027,-0.307728,6.14837,372.529,564.846,-0.19958,-0.391823,6.34313,312.755,547.247,0.069021,-0.342681,6.15944,376.826,556.461,-0.194543,-0.262904,6.59748,315.723,580.164,0.0827973,-0.0318688,6.13565,380.263,632.201,-0.191912,-0.250121,6.62425,316.498,583.303,0.0799631,-0.00379395,6.1116,379.646,639.068,-0.187322,-0.292746,6.57635,317.229,573.158,0.0832091,-0.0455866,6.16564,380.264,628.898,-0.151531,-0.500216,6.63976,325.732,526.878,0.143651,0.123647,6.30982,394.185,669.425,0.0774658,1.04782,6.54972,377.759,880.219,-0.000443801,1.06781,6.40137,359.896,890.475,0.00341577,1.05215,6.57438,360.78,880.306,-0.00124336,1.07353,6.32366,359.705,894.911,-0.100268,1.00661,6.43044,336.587,875.052,-0.158154,0.994861,6.26977,322.123,878.261,0.0404408,1.04998,6.56205,369.254,880.262,-0.000843581,1.07067,6.36252,359.801,892.679
140,4.66667,2,397.711,724.445,0.0247408,0.420059,6.28921,365.907,740.29,0.0829144,0.432909,6.34406,379.625,742.464,-0.0334327,0.407209,6.23437,351.948,738.077,0.189099,0.096057,6.24031,405.502,663.113,0.259539,-0.042801,6.21936,422.661,629.666,0.286199,0.733469,6.12721,430.137,819.747,0.15707,0.541271,5.88163,400.099,778.185,0.192922,1.09223,6.24487,406.388,902.623,0.112016,0.919973,5.82895,388.856,876.989,0.328334,1.14551,6.1552,440.097,919.447,0.169752,1.01716,5.68951,404.801,908.445,0.392928,-0.111129,6.07175,457.172,612.518,0.34189,0.0251184,6.37326,440.55,645.918,0.0975912,-0.0723424,6.12961,383.907,622.278,0.368875,0.00763071,6.35305,447.185,641.804,0.124506,-0.0903327,6.10827,390.607,617.794,0.203041,0.170014,6.55261,406.528,678.959,-0.113978,0.0898157,6.16146,332.223,661.888,0.1818,0.157715,6.58188,401.475,675.98,-0.149038,0.0869048,6.178,323.776,661.122,0.211335,0.192791,6.52888,408.604,684.34,-0.0865056,0.106206,6.15028,338.88,665.93,0.128618,0.406382,6.61927,389.177,732.186,-0.165904,0.332282,6.1021,319.176,721.765,0.321761,1.14213,6.11656,438.989,920.382,0.208816,1.0206,5.68987,415.107,909.337,0.334907,1.14889,6.19385,441.191,918.523,0.130689,1.01371,5.68915,394.493,907.552,0.167759,1.13617,6.27594,400.137,911.837,0.0811023,0.958335,5.85661,380.794,885.705,0.328334,1.14551,6.1552,440.097,919.447,0.169752,1.01716,5.68951,404.801,908.445
140,4.66667,1,346.783,678.912,-0.0882339,0.211162,6.2822,338.911,690.472,-0.137316,0.206911,6.34021,327.479,689.003,-0.0391514,0.215413,6.2242,350.555,691.967,-0.0621631,-0.191818,6.26719,345.106,594.042,-0.0509899,-0.364524,6.26076,347.771,552.574,-0.0426026,0.599843,6.46374,350.103,779.347,0.0304719,0.622567,6.31365,367.247,788.064,-0.0911521,0.987575,6.43274,338.723,870.524,-0.120153,0.97735,6.24571,331.113,874.969,0.00433213,1.0606,6.55988,360.992,882.771,-0.0085258,1.09428,6.31124,357.972,900.35,0.0881225,-0.43916,6.36583,380.786,536.412,-0.201546,-0.345878,6.3345,312.225,558.011,0.0534575,-0.297769,6.1316,373.091,567.08,-0.182955,-0.388855,6.33753,316.652,547.868,0.0728599,-0.332157,6.14216,377.812,558.798,-0.199879,-0.250732,6.58921,314.451,582.863,0.0789586,-0.0221794,6.10077,379.434,634.541,-0.199761,-0.235698,6.61555,314.659,586.503,0.0731665,0.00377846,6.07444,378.086,640.934,-0.190179,-0.281497,6.57057,316.539,575.67,0.0823549,-0.0332549,6.13139,380.168,631.856,-0.153593,-0.479491,6.65407,325.34,531.798,0.150536,0.150742,6.24941,396.17,676.219,0.0426553,1.05877,6.55227,369.775,882.634,-0.00817973,1.09242,6.35018,358.066,898.312,-0.033991,1.06242,6.56748,352.228,882.907,-0.00887187,1.09615,6.2723,357.876,902.413,-0.118492,1.03182,6.40663,332.228,881.834,-0.162343,1.00892,6.21984,320.808,883.568,0.00433213,1.0606,6.55988,360.992,882.771,-0.0085258,1.09428,6.31124,357.972,900.35
141,4.7,2,392.644,724.446,-0.0033451,0.401162,6.25668,359.197,736.276,0.0490603,0.409177,6.31644,371.663,737.271,-0.0557505,0.393147,6.19692,346.491,735.263,0.176202,0.0848172,6.19899,402.681,660.545,0.253151,-0.0507593,6.17427,421.565,627.656,0.263823,0.722056,6.13088,424.615,816.844,0.121869,0.599472,5.87392,391.154,793.244,0.18283,1.0968,6.21396,404.18,905.034,0.00512773,0.970979,5.89354,361.306,887.387,0.323572,1.15874,6.13318,439.219,923.689,0.034867,1.068,5.74819,369.108,918.985,0.395183,-0.108856,6.03327,458.353,612.908,0.32068,0.0156903,6.33977,435.952,643.716,0.104914,-0.079376,6.0619,385.988,620.338,0.349852,-0.00132251,6.32109,443.107,639.686,0.133884,-0.0956508,6.04375,393.263,616.236,0.17719,0.158584,6.50877,400.877,676.585,-0.102098,0.0830268,6.07886,334.78,660.509,0.152459,0.143037,6.53454,395.033,672.868,-0.13853,0.0753329,6.0937,325.865,658.563,0.188073,0.183053,6.48903,403.52,682.358,-0.0761446,0.10185,6.07063,341.166,665.192,0.097742,0.382155,6.60169,382.231,726.921,-0.187551,0.317587,6.03522,313.337,719.015,0.320327,1.15523,6.09402,438.928,924.647,0.0732838,1.07524,5.74395,379.158,921.085,0.326817,1.16225,6.17234,439.506,922.743,-0.00354985,1.06075,5.75243,359.073,916.888,0.154686,1.14135,6.24134,397.215,914.59,-0.0279786,1.00562,5.92708,352.912,894.762,0.323572,1.15874,6.13318,439.219,923.689,0.034867,1.068,5.74819,369.108,918.985
141,4.7,1,347.542,681.548,-0.0880469,0.217528,6.21234,338.719,692.578,-0.127937,0.214054,6.27664,329.394,691.208,-0.0481571,0.221002,6.14805,348.238,693.976,-0.0578691,-0.181566,6.20287,345.991,596.047,-0.0449358,-0.352607,6.19881,349.115,554.587,-0.037472,0.611476,6.38272,351.185,783.852,0.0456252,0.626473,6.21269,371.027,791.414,-0.125749,0.991638,6.34397,330.236,874.711,-0.111595,0.981673,6.16067,332.801,879.266,-0.0224725,1.0853,6.45034,354.769,892.644,0.0188995,1.09037,6.19609,364.58,904.239,0.105236,-0.397977,6.29272,385.111,545.035,-0.19226,-0.325104,6.28183,314.044,562.29,0.0458376,-0.29627,6.05637,371.365,566.546,-0.174062,-0.367351,6.29047,318.451,552.312,0.0655388,-0.329961,6.0677,376.219,558.345,-0.188736,-0.154948,6.4869,316.312,604.133,0.0631929,-0.0252727,6.01119,375.785,633.687,-0.1854,-0.145729,6.50876,317.229,606.381,0.0574282,0.00149059,5.98788,374.401,640.374,-0.182069,-0.185048,6.46839,317.735,597.043,0.0671426,-0.0384223,6.04169,376.687,630.451,-0.153839,-0.395883,6.49094,324.412,548.42,0.138266,0.121281,6.18165,393.586,669.46,0.0144295,1.08628,6.43756,363.366,893.375,0.0273187,1.08931,6.2341,366.58,902.374,-0.0593745,1.08431,6.46313,346.206,891.916,0.0104804,1.09142,6.15809,362.555,906.128,-0.160596,1.03067,6.3191,321.839,884.91,-0.156383,1.01522,6.14237,321.771,888.181,-0.0224725,1.0853,6.45034,354.769,892.644,0.0188995,1.09037,6.19609,364.58,904.239
142,4.73333,2,391.043,726.559,-0.0128809,0.394271,6.19937,356.88,735.497,0.0336307,0.398105,6.26246,368.064,735.454,-0.0593925,0.390438,6.13627,345.467,735.541,0.178354,0.0814265,6.13483,403.654,659.93,0.260312,-0.0526499,6.10717,424.003,627.055,0.254568,0.724803,6.11748,422.485,817.906,0.0902829,0.655197,5.84633,383.188,808.28,0.182524,1.10738,6.18869,404.286,908.684,-0.0858391,1.00604,5.86921,338.039,897.383,0.335897,1.16075,6.12682,442.321,924.475,-0.0647755,1.11832,5.73291,343.034,932.909,0.406479,-0.108031,5.97115,462.217,612.834,0.314576,0.00461173,6.27988,435.217,641.103,0.126783,-0.0753924,5.97956,391.837,621.068,0.345938,-0.0113994,6.26213,442.95,637.267,0.156933,-0.0902359,5.96325,399.516,617.278,0.172494,0.148981,6.4482,400.168,674.692,-0.0840986,0.0826925,5.9896,338.917,660.731,0.145908,0.134656,6.47284,393.848,671.237,-0.121238,0.0721413,6.00135,329.666,658.05,0.185782,0.173325,6.42922,403.39,680.481,-0.0589161,0.103033,5.98461,345.218,665.851,0.106999,0.377824,6.54187,384.56,726.722,-0.184157,0.314592,5.9569,313.579,719.3,0.337585,1.15732,6.08753,443.269,925.465,-0.0272725,1.13005,5.73082,352.854,936.09,0.334208,1.16418,6.16611,441.386,923.498,-0.102278,1.10659,5.735,333.221,929.731,0.153494,1.15409,6.21186,397.103,918.973,-0.125511,1.03288,5.90283,328.073,902.743,0.335897,1.16075,6.12682,442.321,924.475,-0.0647755,1.11832,5.73291,343.034,932.909
142,4.73333,1,352.846,680.02,-0.0675219,0.209356,6.19701,343.639,690.728,-0.0990993,0.20399,6.26538,336.25,688.888,-0.0359444,0.214723,6.12864,351.193,692.609,-0.0350304,-0.180629,6.17379,351.48,596.068,-0.0211054,-0.347766,6.16383,354.859,555.281,-0.000299409,0.596355,6.36777,359.929,780.624,0.0619649,0.617603,6.17656,375.064,790.143,-0.0916884,0.977097,6.3573,338.344,870.785,-0.112458,0.964966,6.12783,332.443,876.455,0.0347561,1.05837,6.44427,368.098,886.607,0.0279276,1.05696,6.15909,366.809,897.683,0.133686,-0.37894,6.2409,392.165,548.827,-0.156771,-0.332353,6.2639,322.419,560.329,0.0489249,-0.290125,6.01125,372.221,567.529,-0.135385,-0.368334,6.27581,327.608,551.872,0.0702949,-0.323343,6.02028,377.533,559.353,-0.211392,-0.102189,6.37705,310.225,615.938,0.0457097,-0.0283391,5.95968,371.517,632.86,-0.221953,-0.0758169,6.3861,307.812,622.173,0.0349218,-0.00385487,5.93638,368.833,639.025,-0.182884,-0.124979,6.37602,316.931,610.567,0.0548074,-0.0390527,5.9893,373.741,630.209,-0.0145694,-0.132328,6.50773,356.638,609.467,0.13402,0.133053,6.10549,392.96,672.723,0.0682955,1.05839,6.42431,375.963,887.378,0.0377564,1.05385,6.19661,369.149,895.368,0.00121681,1.05835,6.46423,360.283,885.841,0.0180989,1.06008,6.12158,364.439,900.026,-0.129456,1.01885,6.3418,329.349,881.235,-0.15611,1.00225,6.11166,321.646,886.24,0.0347561,1.05837,6.44427,368.098,886.607,0.0279276,1.05696,6.15909,366.809,897.683
143,4.76667,2,390.772,728.539,-0.00737045,0.390776,6.16376,358.204,735.197,0.0355575,0.388928,6.23092,368.569,733.726,-0.0502984,0.392624,6.0966,347.612,736.701,0.184902,0.0790165,6.09079,405.584,659.48,0.267304,-0.0545949,6.05952,426.239,626.471,0.25013,0.735509,6.15989,420.973,819.291,0.0631856,0.70489,5.84999,376.218,820.929,0.196117,1.11831,6.2375,407.211,909.211,-0.137926,1.04041,5.87193,324.73,906.05,0.351561,1.17474,6.18236,445.387,925.318,-0.127735,1.16379,5.74362,326.606,944.25,0.425445,-0.10611,5.9338,467.66,613.149,0.307998,-0.0107139,6.239,434.127,637.421,0.146354,-0.0663555,5.91783,397.135,623.163,0.340536,-0.0264391,6.22255,442.175,633.62,0.178047,-0.0810771,5.90394,405.283,619.38,0.161223,0.130919,6.40186,397.815,670.707,-0.0631333,0.0905904,5.91655,343.977,662.991,0.133924,0.116525,6.42567,391.295,667.23,-0.101296,0.0773244,5.92016,334.308,659.612,0.175135,0.155359,6.38326,401.198,676.546,-0.0387528,0.111603,5.91919,350.169,668.311,0.0945398,0.358435,6.49151,381.868,722.91,-0.170991,0.318749,5.90654,316.531,721.032,0.354753,1.17224,6.14308,446.713,926.532,-0.091337,1.17872,5.74246,336.117,948.216,0.34837,1.17723,6.22163,444.077,924.119,-0.164132,1.14886,5.74478,317.099,940.287,0.166724,1.16473,6.26017,399.99,919.371,-0.180197,1.06112,5.90595,314.186,909.786,0.351561,1.17474,6.18236,445.387,925.318,-0.127735,1.16379,5.74362,326.606,944.25
143,4.76667,1,361.299,682.311,-0.0312666,0.213576,6.20942,352.439,691.647,-0.0580185,0.209047,6.28033,346.128,689.981,-0.00451474,0.218105,6.13851,358.896,693.351,-0.000652665,-0.176335,6.19749,359.842,597.277,0.0124676,-0.343439,6.19238,363.023,556.721,0.0316998,0.617908,6.33256,367.517,786.517,0.113124,0.623064,6.14922,387.623,792.144,-0.0305152,1.00717,6.31149,352.74,879.614,-0.117205,0.935348,6.07998,331.054,871.001,0.10766,1.07535,6.39081,385.295,892.661,-0.0110321,1.07052,6.09418,357.282,903.768,0.173129,-0.370822,6.26422,401.5,551.112,-0.115236,-0.316741,6.30491,332.556,564.566,0.0605416,-0.291902,6.02949,375.077,567.306,-0.0936677,-0.352293,6.31831,337.74,556.277,0.0844122,-0.324022,6.03588,380.999,559.392,-0.175389,-0.0770426,6.40018,318.852,621.925,0.0304702,-0.0362341,5.94924,367.691,630.855,-0.188524,-0.0501381,6.40772,315.822,628.251,0.011876,-0.0159754,5.9251,363.01,635.951,-0.144368,-0.09682,6.39704,326.113,617.274,0.0472652,-0.0417329,5.97712,371.874,629.516,0.0406038,-0.0630262,6.50036,369.379,625.441,0.136186,0.154818,6.03723,393.872,678.506,0.139923,1.07372,6.36872,392.99,893.152,0.00113712,1.07391,6.13109,360.278,903.011,0.0753978,1.07698,6.41289,377.654,892.172,-0.0232013,1.06713,6.05728,354.249,904.533,-0.0657096,1.05254,6.29748,344.332,890.966,-0.170274,0.957109,6.06344,317.833,877.02,0.10766,1.07535,6.39081,385.295,892.661,-0.0110321,1.07052,6.09418,357.282,903.768
144,4.8,2,390.101,731.455,0.000483356,0.394554,6.14964,360.118,736.338,0.0428417,0.388159,6.21789,370.346,733.737,-0.041875,0.40095,6.0814,349.661,738.999,0.188145,0.0833347,6.06805,406.557,660.621,0.268572,-0.0500451,6.03307,426.844,627.544,0.244402,0.743657,6.18302,419.353,820.599,0.034061,0.75198,5.88333,368.693,831.922,0.211827,1.12301,6.27037,410.726,908.926,-0.16761,1.08352,5.90897,317.408,915.339,0.370715,1.17799,6.2205,449.487,924.353,-0.143741,1.19255,5.77101,322.6,950.29,0.432852,-0.108548,5.91883,469.811,612.462,0.297562,-0.0113447,6.21497,431.892,637.259,0.159303,-0.0539995,5.88302,400.66,626.217,0.331619,-0.0276207,6.20114,440.299,633.312,0.191149,-0.0684918,5.86974,408.899,622.479,0.151068,0.127466,6.38026,395.553,669.998,-0.0532951,0.0972897,5.86789,346.362,664.896,0.122182,0.112179,6.40226,388.656,666.31,-0.0915383,0.0830083,5.86541,336.566,661.25,0.166548,0.152472,6.36364,399.298,675.977,-0.0295438,0.118428,5.87559,352.45,670.265,0.0887728,0.346599,6.4824,380.563,720.285,-0.160572,0.321563,5.86468,318.888,722.331,0.374738,1.17685,6.18115,451.034,925.888,-0.106507,1.20557,5.77069,332.286,953.696,0.366692,1.17912,6.25985,447.959,922.838,-0.180974,1.17953,5.77134,312.915,946.884,0.183644,1.1694,6.29371,403.814,918.996,-0.210517,1.1089,5.93996,306.783,920.318,0.370715,1.17799,6.2205,449.487,924.353,-0.143741,1.19255,5.77101,322.6,950.29
144,4.8,1,363.4,675.242,-0.0152278,0.197573,6.3169,356.38,686.964,-0.0542561,0.191823,6.38358,347.238,685.121,0.0238006,0.203323,6.25023,365.718,688.846,0.0208608,-0.19477,6.29309,364.977,593.527,0.0363273,-0.362917,6.28288,368.682,553.266,7.62381e-05,0.580612,6.52625,360.018,773.587,0.128682,0.593598,6.35582,390.401,780.237,-0.0856839,0.960554,6.53463,340.311,860.721,0.0435347,0.972733,6.37873,370.248,868.982,0.0216883,1.02645,6.65715,364.892,871.523,0.198679,1.03961,6.42319,406.446,883.031,0.200717,-0.374555,6.3387,407.547,551.273,-0.0970226,-0.350144,6.39867,337.232,557.833,0.080703,-0.302427,6.12235,379.793,565.827,-0.0724239,-0.38532,6.40784,343.029,549.707,0.105302,-0.334026,6.1292,385.797,558.169,-0.161369,-0.120494,6.52139,322.845,612.256,0.0340826,-0.0557629,6.02071,368.5,626.093,-0.176691,-0.0940882,6.53045,319.373,618.366,0.0167309,-0.0343064,5.99905,364.188,631.413,-0.129517,-0.139234,6.51947,330.17,607.932,0.0525517,-0.0626823,6.04859,373.046,624.439,0.0451005,-0.103808,6.65277,370.179,616.57,0.168495,0.116811,6.12552,401.303,668.634,0.0589571,1.02665,6.6454,373.322,871.975,0.207566,1.03095,6.46011,408.246,879.63,-0.0155805,1.02626,6.66889,356.492,871.072,0.189792,1.04827,6.38626,404.625,886.472,-0.117438,1.00479,6.51603,332.938,871.545,0.00800807,1.01818,6.36932,361.888,880.035,0.0216883,1.02645,6.65715,364.892,871.523,0.198679,1.03961,6.42319,406.446,883.031
145,4.83333,2,388.574,732.995,-0.00120818,0.394322,6.07806,359.702,737.416,0.0373408,0.386085,6.14743,369.121,734.304,-0.0397572,0.402559,6.00869,350.065,740.599,0.187261,0.0881537,5.98124,407.011,662.131,0.268034,-0.0430613,5.93974,427.759,629.114,0.237501,0.739075,6.14527,418.032,820.589,0.00690601,0.770263,5.8435,361.775,837.929,0.22357,1.11842,6.22919,413.892,909.598,-0.185764,1.10695,5.86367,312.43,923.465,0.383935,1.177,6.18072,453.274,925.942,-0.128065,1.18121,5.71526,326.354,950.336,0.430528,-0.107212,5.8232,471.015,612.354,0.284879,-0.0341576,6.12162,429.877,631.622,0.164034,-0.0272356,5.78501,402.577,632.931,0.320046,-0.048858,6.10778,438.681,627.989,0.196934,-0.0420278,5.77215,411.23,629.067,0.130925,0.0544069,6.31065,391.152,652.946,-0.0465623,0.124016,5.75798,347.858,672.341,0.102195,0.0368488,6.33025,384.241,648.741,-0.0844979,0.111175,5.75005,337.934,669.032,0.147558,0.0826588,6.29737,395.184,659.709,-0.0230432,0.143976,5.77021,354.004,677.466,0.0850982,0.263698,6.43462,379.858,701.536,-0.142576,0.350981,5.7639,322.857,731.435,0.388603,1.1757,6.14141,455.012,927.456,-0.0894143,1.18876,5.71813,336.52,952.164,0.379268,1.17829,6.22004,451.558,924.448,-0.166716,1.17366,5.7124,316.177,948.507,0.195659,1.16459,6.25132,406.997,919.733,-0.227326,1.14305,5.88634,302.011,931.583,0.383935,1.177,6.18072,453.274,925.942,-0.128065,1.18121,5.71526,326.354,950.336
145,4.83333,1,366.476,676.445,-0.00414871,0.195474,6.20949,358.997,687.269,-0.0347392,0.189832,6.28055,351.695,685.385,0.0264418,0.201116,6.13844,366.468,689.196,0.0426418,-0.194317,6.19536,370.335,592.904,0.0626949,-0.36137,6.1893,375.21,552.33,0.0213511,0.584002,6.40998,365.002,776.805,0.110829,0.600121,6.233,386.699,784.572,-0.0659655,0.964729,6.43575,344.609,865.086,0.0115683,0.976598,6.27176,362.77,873.813,0.0599094,1.02993,6.54018,373.755,876.461,0.168778,1.04847,6.29558,400.255,890.07,0.229646,-0.370779,6.2334,415.319,550.683,-0.0585307,-0.342172,6.32134,346.097,558.721,0.0917855,-0.30474,6.01998,382.894,563.989,-0.0324323,-0.37559,6.32971,352.306,550.901,0.117532,-0.3352,6.02598,389.287,556.475,-0.127074,-0.0963973,6.42008,330.279,617.454,0.0233099,-0.060106,5.92206,365.91,624.76,-0.146324,-0.0703899,6.42728,325.815,623.555,0.00815829,-0.0355577,5.90696,362.074,630.961,-0.0931514,-0.110396,6.41562,338.198,614.162,0.0440934,-0.07256,5.94732,371.133,621.68,0.0875594,-0.0128742,6.51123,380.192,637.031,0.198683,0.0569117,6.04846,409.324,654.129,0.0948271,1.03052,6.5226,381.83,877.234,0.182724,1.04026,6.33103,403.337,886.723,0.0249918,1.02934,6.55776,365.722,875.692,0.154832,1.05668,6.26012,397.138,893.456,-0.10031,1.00924,6.42292,336.549,875.941,-0.0268334,1.02085,6.26734,353.571,884.58,0.0599094,1.02993,6.54018,373.755,876.461,0.168778,1.04847,6.29558,400.255,890.07
146,4.86667,2,387.305,733.807,-0.00790328,0.394558,6.05331,358.04,737.872,0.0295958,0.387154,6.12384,367.257,734.93,-0.0454023,0.401961,5.98277,348.605,740.884,0.182487,0.0894345,5.956,406.007,662.547,0.264083,-0.0413326,5.91429,427.047,629.506,0.233487,0.736023,6.12714,417.22,820.375,-0.00216429,0.772534,5.82754,359.442,839.056,0.2383,1.11487,6.20103,417.704,909.961,-0.179947,1.11431,5.85289,313.835,925.876,0.399931,1.1745,6.1559,457.552,926.485,-0.117569,1.18233,5.70397,329.05,951.246,0.428137,-0.106262,5.80005,470.839,612.49,0.282193,-0.025059,6.09688,429.499,633.828,0.160427,-0.0239204,5.76188,401.808,633.766,0.317452,-0.0412766,6.08404,438.348,629.813,0.193377,-0.040423,5.74834,410.513,629.441,0.139461,0.0992023,6.27591,393.367,663.735,-0.0292007,0.15033,5.71814,352.332,679.476,0.109506,0.0831921,6.2959,386.117,659.841,-0.0680082,0.140001,5.70986,342.115,676.817,0.156639,0.125185,6.26216,397.559,670.017,-0.00481886,0.168877,5.72947,358.737,684.259,0.0898098,0.309392,6.39945,381.073,712.595,-0.111855,0.383375,5.70067,330.537,740.981,0.40582,1.17257,6.11681,459.621,927.844,-0.0786797,1.18825,5.70697,339.299,952.64,0.394042,1.17642,6.19499,455.509,925.144,-0.156459,1.17641,5.70096,318.791,949.851,0.210484,1.16133,6.22117,410.803,920.301,-0.219693,1.1527,5.87474,303.847,934.625,0.399931,1.1745,6.1559,457.552,926.485,-0.117569,1.18233,5.70397,329.05,951.246
146,4.86667,1,386.641,732.093,-0.00726108,0.388899,6.02509,358.19,736.92,0.0217533,0.381567,6.0979,365.357,733.958,-0.0362755,0.39623,5.95228,350.849,739.955,0.178081,0.075591,5.95389,404.912,659.064,0.257514,-0.0586838,5.92338,425.279,625.124,0.228993,0.731897,6.11996,416.184,819.574,0.00795148,0.782746,5.83057,362.048,841.582,0.239142,1.11192,6.1936,417.977,909.572,-0.198791,1.10847,5.86951,309.145,923.573,0.403502,1.16965,6.16226,458.321,925.009,-0.122848,1.18451,5.73445,327.832,950.162,0.438009,-0.106035,5.8352,472.712,612.714,0.242938,-0.0595807,6.10606,419.742,625.348,0.175078,-0.0301292,5.75637,405.669,632.141,0.278683,-0.0763998,6.09638,428.641,621.182,0.209216,-0.0480899,5.74897,414.645,627.44,0.0831455,0.0740832,6.2568,379.954,657.779,-0.018513,0.133286,5.70059,355.124,675.108,0.049601,0.0700314,6.27267,371.874,656.764,-0.056401,0.12433,5.69182,345.121,672.799,0.110312,0.0938914,6.24358,386.53,662.581,0.00651513,0.151505,5.71196,361.713,679.828,0.111995,0.297653,6.33943,386.527,710.502,-0.0800813,0.3629,5.67698,338.819,735.987,0.412332,1.16831,6.12376,461.105,926.473,-0.0850721,1.19188,5.74288,337.757,951.634,0.394673,1.17099,6.20076,455.573,923.563,-0.160624,1.17714,5.72602,317.879,948.686,0.210392,1.15915,6.21173,410.858,920.2,-0.243374,1.14374,5.88927,297.948,931.614,0.403502,1.16965,6.16226,458.321,925.009,-0.122848,1.18451,5.73445,327.832,950.162
147,4.9,2,385.016,734.501,-0.0147128,0.390538,5.99834,356.317,737.763,0.0287956,0.38241,6.06596,367.128,734.661,-0.0582213,0.398666,5.93072,345.259,740.936,0.168953,0.0896975,5.89207,403.057,662.859,0.247667,-0.039234,5.84653,423.608,629.924,0.217312,0.736089,6.0767,413.698,821.888,-0.000566591,0.761485,5.77015,359.853,838.16,0.247523,1.10979,6.16586,420.279,910.266,-0.162755,1.10857,5.81146,317.947,926.431,0.408087,1.16853,6.11572,460.195,926.903,-0.108883,1.177,5.65904,331.109,952.302,0.417844,-0.108615,5.73657,469.372,611.57,0.272379,-0.00814784,6.029,427.838,637.971,0.137802,-0.0250802,5.69742,396.318,633.39,0.307511,-0.0266908,6.0162,436.75,633.338,0.170867,-0.0436428,5.6831,405.146,628.469,0.14756,0.147471,6.20256,395.722,675.701,-0.0160249,0.18157,5.63589,355.731,688.375,0.115385,0.134217,6.22189,387.846,672.391,-0.0559761,0.176032,5.62665,345.062,686.977,0.166781,0.17088,6.18974,400.459,681.453,0.00975336,0.197123,5.64669,362.594,692.419,0.105997,0.359189,6.33548,385.122,725.131,-0.0742405,0.423799,5.59404,340.072,753.757,0.412277,1.16782,6.0764,461.879,928.585,-0.0697189,1.18146,5.65927,341.502,953.474,0.403897,1.16923,6.15504,458.533,925.242,-0.148047,1.17253,5.65881,320.716,951.13,0.222398,1.15623,6.18919,413.956,920.513,-0.19944,1.148,5.8359,308.685,935.376,0.408087,1.16853,6.11572,460.195,926.903,-0.108883,1.177,5.65904,331.109,952.302
147,4.9,1,378.037,671.925,0.0292136,0.171052,6.08848,367.205,682.185,0.00233372,0.162645,6.16221,360.569,679.632,0.0560935,0.179459,6.01475,374.004,684.801,0.0885008,-0.212841,6.07471,381.876,587.39,0.11391,-0.377366,6.06881,388.184,546.631,0.078152,0.564404,6.27996,378.686,774.951,0.163868,0.584064,6.09028,400.402,784.001,-0.0307799,0.936428,6.26637,352.624,864.389,-0.0504912,0.907317,6.08395,347.538,863.932,0.0909801,1.02118,6.35704,381.49,881.206,0.0694518,1.02889,6.0921,377.118,893.598,0.2801,-0.388244,6.10472,428.895,544.505,0.00885549,-0.365523,6.20125,362.144,551.493,0.127451,-0.327588,5.90294,392.42,556.67,0.0366555,-0.397676,6.20936,368.864,543.833,0.155716,-0.355889,5.90541,399.594,549.509,-0.0844702,-0.146446,6.32336,339.942,605.225,0.0279698,-0.101601,5.79908,367.242,613.692,-0.10572,-0.124809,6.33439,334.939,610.414,0.00660261,-0.0820941,5.7826,361.714,618.683,-0.0500947,-0.154517,6.31433,348.087,603.255,0.0522084,-0.107081,5.8227,373.464,612.386,0.122392,-0.0415074,6.39487,388.738,630.254,0.178221,0.0659688,5.88375,405.483,656.836,0.124867,1.02308,6.33763,389.585,882.396,0.0851423,1.02992,6.12776,380.863,892.373,0.057093,1.01928,6.37645,373.445,880.024,0.0537613,1.02787,6.05643,373.329,894.838,-0.0699379,0.976361,6.25078,343.2,874.541,-0.102973,0.933892,6.07502,334.548,870.83,0.0909801,1.02118,6.35704,381.49,881.206,0.0694518,1.02889,6.0921,377.118,893.598
148,4.93333,2,380.18,735.092,-0.0322417,0.382678,5.90325,351.799,737.339,0.0172608,0.374674,5.96456,364.345,734.323,-0.0817442,0.390682,5.84194,338.989,740.418,0.14369,0.0879452,5.77375,397.369,662.872,0.219089,-0.0383691,5.71825,417.531,629.925,0.198011,0.730946,5.97965,409.723,823.549,-0.0163479,0.740805,5.66038,355.663,836.518,0.242844,1.10066,6.08214,419.953,911.731,-0.166851,1.09137,5.71974,316.198,926.508,0.401794,1.15726,6.02457,460.143,928.436,-0.118006,1.1622,5.56641,328.168,953.507,0.380486,-0.10914,5.59357,462.139,610.702,0.268243,0.00461435,5.89854,428.285,641.175,0.0894845,-0.020187,5.58189,384.072,634.57,0.301286,-0.0142822,5.88189,436.914,636.354,0.121465,-0.0407007,5.56439,392.778,629.017,0.153585,0.184708,6.06439,398.028,685.734,-0.0288855,0.216741,5.52667,352.152,698.887,0.123914,0.17299,6.08826,390.561,682.665,-0.0700569,0.220149,5.52467,340.959,699.835,0.170109,0.206751,6.0475,402.237,691.335,0.00104832,0.226797,5.53129,360.285,701.568,0.109625,0.413951,6.18166,386.629,740.551,-0.0429058,0.46984,5.46732,348.216,769.038,0.403886,1.15732,5.98513,461.328,930.349,-0.0788031,1.16525,5.56471,338.736,954.426,0.399703,1.15721,6.064,458.974,926.547,-0.157208,1.15914,5.56811,317.605,952.588,0.220548,1.14693,6.1082,414.217,921.945,-0.200714,1.13127,5.74668,307.555,935.592,0.401794,1.15726,6.02457,460.143,928.436,-0.118006,1.1622,5.56641,328.168,953.507
148,4.93333,1,378.994,672.35,0.034305,0.161705,5.96823,368.631,680.684,0.0197534,0.155412,6.04416,364.907,678.609,0.0488567,0.167998,5.89229,372.45,682.812,0.0962435,-0.218414,5.96336,384.234,585.004,0.122789,-0.381322,5.96128,390.929,543.95,0.096102,0.567573,6.11454,383.6,779.38,0.128229,0.585516,5.88626,392.711,789.363,0.00594267,0.960222,6.12292,361.457,875.481,-0.108167,0.910236,5.85341,332.252,873.5,0.146816,1.03753,6.18969,395.616,891.695,0.00266597,1.04129,5.84515,360.685,907.497,0.294171,-0.399386,5.99143,433.725,539.907,0.0341134,-0.35731,6.10612,368.389,552.134,0.123028,-0.340093,5.79014,391.905,551.804,0.0618237,-0.387782,6.11531,375.18,544.784,0.151538,-0.36772,5.79029,399.297,544.641,-0.056058,-0.117664,6.18575,346.392,611.438,0.013341,-0.10753,5.71105,363.508,611.728,-0.0832642,-0.0979507,6.19325,339.812,616.252,-0.0153113,-0.0928612,5.69479,355.963,615.515,-0.0219152,-0.121148,6.17684,354.673,610.55,0.0398044,-0.107443,5.73143,370.428,611.851,0.10613,0.0553795,6.22727,385.591,653.353,0.113073,0.105485,5.75309,389.512,667.532,0.17642,1.03882,6.16412,402.975,893.055,0.0210126,1.04534,5.87934,365.367,906.975,0.117213,1.03624,6.21526,388.318,890.347,-0.0156807,1.03724,5.81096,355.948,908.024,-0.0337099,1.00398,6.11572,351.723,886.501,-0.163442,0.934296,5.84572,318.017,879.988,0.146816,1.03753,6.18969,395.616,891.695,0.00266597,1.04129,5.84515,360.685,907.497
149,4.96667,2,374.77,736.529,-0.0447871,0.376945,5.85642,348.517,736.647,0.0142556,0.370824,5.9069,363.624,734.265,-0.10383,0.383065,5.80594,333.147,739.07,0.118968,0.0898103,5.69316,391.378,663.687,0.189149,-0.0332472,5.62319,410.508,631.122,0.180359,0.733205,5.90976,405.826,826.294,-0.0518859,0.729162,5.61506,346.125,834.99,0.236645,1.09463,6.03362,418.893,912.416,-0.182648,1.08691,5.67652,311.686,927.51,0.391607,1.15091,5.96538,458.572,929.698,-0.127281,1.14995,5.52142,325.386,952.73,0.338269,-0.113399,5.48457,452.611,608.954,0.275254,0.0359801,5.7886,431.401,649.333,0.0311968,-0.0175421,5.51101,368.5,635.22,0.303941,0.0167469,5.76695,439.138,644.36,0.0609178,-0.0392252,5.48901,376.665,629.27,0.160676,0.210323,5.96674,400.435,692.929,-0.0600407,0.236146,5.46411,343.501,704.894,0.139312,0.194938,5.99678,394.883,688.811,-0.0988996,0.249192,5.46765,332.84,708.435,0.168435,0.233341,5.94616,402.534,698.925,-0.027144,0.239098,5.46352,352.54,705.712,0.0901005,0.432771,6.08462,382.235,746.799,-0.0120275,0.480183,5.38899,356.649,773.796,0.390149,1.15282,5.92599,458.858,932.108,-0.087984,1.15057,5.52001,336.066,952.98,0.393066,1.149,6.00476,458.291,927.32,-0.166578,1.14932,5.52284,314.71,952.48,0.218368,1.13912,6.06503,414.063,922.021,-0.213463,1.12965,5.70179,303.785,937.492,0.391607,1.15091,5.96538,458.572,929.698,-0.127281,1.14995,5.52142,325.386,952.73
149,4.96667,1,380.405,669.375,0.0477607,0.150129,6.01458,371.924,677.48,0.0369963,0.145017,6.08979,369.122,675.757,0.0585251,0.155242,5.93937,374.796,679.247,0.107647,-0.233169,6.00666,386.91,581.712,0.133313,-0.397439,6.00326,393.345,540.591,0.0972426,0.564002,6.13872,383.786,777.958,0.11639,0.577141,5.92437,389.5,786.279,-0.00768544,0.959526,6.14071,358.121,874.628,-0.115577,0.913362,5.89749,330.573,872.551,0.135375,1.04107,6.19815,392.796,892.209,0.00212008,1.03751,5.87982,360.541,904.954,0.306122,-0.412725,6.02447,436.299,537.131,0.0507,-0.374939,6.15382,372.371,548.513,0.127584,-0.355358,5.83115,392.854,548.493,0.0790834,-0.405118,6.16133,379.273,541.27,0.156108,-0.382799,5.83056,400.203,541.417,-0.041763,-0.136795,6.24049,349.951,607.085,0.0160442,-0.123231,5.75282,364.188,607.835,-0.06678,-0.11578,6.24978,343.956,612.183,-0.00813251,-0.103325,5.73919,357.872,612.967,-0.00779557,-0.142087,6.22869,358.121,605.747,0.0427565,-0.129349,5.77404,371.119,606.362,0.139138,0.020285,6.26286,393.359,644.863,0.163532,0.0463637,5.83314,402.096,651.935,0.163493,1.04244,6.17089,399.783,893.657,0.0225099,1.04138,5.91292,365.716,904.455,0.107258,1.0397,6.22541,385.87,890.775,-0.0182698,1.03364,5.84673,355.308,905.459,-0.0488458,1.00274,6.13478,348.044,885.432,-0.170297,0.94074,5.89244,316.604,879.727,0.135375,1.04107,6.19815,392.796,892.209,0.00212008,1.03751,5.87982,360.541,904.954
